# Resource object code (Python 3)
# Created by: object code
# Created by: The Resource Compiler for Qt version 6.8.3
# WARNING! All changes made in this file will be lost!

from PySide6 import QtCore

qt_resource_data = b"\
\x00\x00\x03\xeb\
\x89\
PNG\x0d\x0a\x1a\x0a\x00\x00\x00\x0dIHDR\x00\
\x00\x00O\x00\x00\x004\x08\x03\x00\x00\x00\xfc\x0f\x95\xb6\
\x00\x00\x00\x01sRGB\x00\xae\xce\x1c\xe9\x00\x00\x00\
\x04gAMA\x00\x00\xb1\x8f\x0b\xfca\x05\x00\x00\x01\
\x1dPLTE\x00\x00\x00\x00\x80\xd5\x0f\x96\xdc\x10\x95\
\xdc\x10\x96\xdb\x0f\x95\xda\x10\x95\xdc\x10\x95\xdc\x10\x96\xdb\
\x10\x95\xdb\x10\x95\xdb\x10\x96\xdc\x10\x95\xdb\x10\x94\xdb\x11\
\x93\xd8\x0f\x95\xdb\x10\x96\xdc\x12\x94\xdb\x0f\x95\xdb\x10\x94\
\xdb\x0f\x94\xd9\x10\x94\xdb\x11\x95\xdb\x11\x95\xdb\x10\x95\xdc\
\x10\x96\xdc\x11\x95\xdd\x11\x93\xdd\x11\x99\xdd\x10\x8f\xcf\x00\
\x80\xff\x11\x95\xd9\x10\x95\xda\x0e\x94\xda\x10\x95\xda\x10\x96\
\xdc\x11\x95\xdb\x10\x93\xdb\x1c\x8e\xe3\x0f\x94\xda\x10\x95\xdb\
\x10\x93\xdb\x0f\x94\xdc\x12\x92\xdb\x10\x96\xdb\x11\x95\xda\x13\
\x95\xe0\x13\x95\xda\x11\x95\xdc\x0f\x96\xe1\x10\x95\xdb\x10\x94\
\xdb\x11\x97\xdc\x10\x97\xdf\x10\x95\xda\x11\x95\xdc\x10\x95\xdb\
\x11\x95\xdb\x00\x99\xff\x10\x95\xdb\x10\x94\xd9\x11\x95\xde\x10\
\x95\xdb\x10\x95\xda\x10\x94\xdb\x11\x94\xdb\x0f\x97\xda\x11\x96\
\xdd\x11\x96\xde\x11\x95\xdc\x10\x95\xd9\x0f\x99\xdb\x0f\x93\xda\
\x10\x95\xdb\x11\x95\xdc\x10\x95\xdb\x10\x94\xdb\x11\x99\xdd\x10\
\x95\xdb\x10\x9f\xdf\x10\x96\xdc\x10\x95\xdb\x10\x94\xda\x11\x94\
\xdb\x10\x95\xdc\x10\x96\xdc\x10\x96\xdc\x0f\x95\xdb\x10\x94\xdb\
\x0f\x98\xde\x10\x96\xdb\x10\x95\xdb\x14\x93\xd8\x14\x89\xd8\x10\
\x96\xdb\x894\x8fF\x00\x00\x00_tRNS\x00\x06\
3`\x8d\xb5\xc3\xd2\xe1\xf0\xff\xe1\xd3\xc4;\x87\xd39\
\x95\xe1C\xb1\xd7\xaa}P<-\x1e\x10\x02<}7\
\xbb\xe6\x9aN\x09u\xa1@u\x1c\xb3\x98))\x97\x11\
\xcc\xbf, o\xa8\xe2\xa8\x05\xc0\x81M\xea\xb4]z\
Sh=\xd8^#S\xcb\x89\xbe\xac\x0f\xf1\x10_\xfd\
\x92y\x91|\xbdF\xbdE\xbd\xe9\x1a\x0d?\xcd\x0e\x8c\
B\x00\x00\x00\x09pHYs\x00\x00\x17\x11\x00\x00\x17\
\x11\x01\xca&\xf3?\x00\x00\x01\xecIDATXG\
\xed\xd6WW\xc2@\x10\x05\xe0 (x-\x08\xd8\xb0\
wQ\xec\x8ab/\xa8\x08\x0a\xf6\x82\xed\xff\xff\x0c'\
\x9b\x1bE\x93(`\x1e\xf4\x9c|Ow&\x93\x1c%\
\xb0\xbb\x9a\xc7\xe3\xf9+|u\xfe@}C0\xd4\x88\
\xc6\xa6\xe6\x96\xfa\x80\xbf\xce\xc7+5h\x0d\xb7\xc1\xaa\
-\xdc\xca\xebU\x89DC|\x80U,\x1a\xe1T\xa5\
\xda;xkgWw\xbc\xa7\xb7\xaf\x7f\xa0\xbf\xafw\
0>\xd4\xd5\xc9~G;'+1<\xa2\xee\x19\x1d\
\x1b\x9f`\xe7\xc3\xc4\xf8\xd8\xa8\xba:2\xcc\xce\x8f&\
\xd5|b\x8a\xa5\xd5TBML\xb3\xfc^rF\x9f\
\x9d\x9dcio~A\x1f\x9aI\xb2\xfc\xc6\xe2\x92\x0c\
.\xaf\xb02\xa4V\xd7\xd2\xe9\xf5\xd5\x14KeeY\
\xe6\x96\x16Y9\xda\xd8\x94\xb1-\x16\xb4\xbd\xa3\xff1\
\xc0\xce6\x1b\x86-imn\xb0p\xb2+C{\xcc\
\xb4\xaf\x1e\xa6\xec\xb3e\xd8\x93\xce.\xb3\x83\x03\x19\xc9\
0\xd3\xa1\xb4\x8e\x8e\xb3\xd9\xe3#\x09\x87l\x1a2\xd2\
9a\xb6\x97\x03\xf2\x8c\xa6S\xe0\xac\xa0\x87\xc2\x19p\
\xaaZ\xef\xf2@\x8e\xd1\x96\x1f(\x9e3\xd3\x05p\xc9\
\x17\x91\xba\x04.\x8cH\xe7E\xc0\xcfl\xe7\x0a\xb8f\
4\xdd\x00\xb7\x8c\xda-p\xc3H\xd7\xc0\x15\xa3\x9d;\
\xe0\x9e\xd1\xf4\x00\x94\x18\xb5\x12\xf0\xc8H\xd2\xf9\xf2\x11\
|\xf2\x04<3\x9a\xca[\xcf\xc0\x13#Y;\x9f\xc8\
\xcd/\x8c\xa6\xf2V\xd5\xcf\x93w\xf9\xcahz,k\
\xc9\x7f\xf7\xc0H\xf7\xc0\x1d\xa3\x1d\xb7\xdf\x87\xdb\xdf\x17\
\xb7\xbf\xcf\xdaI\xd5\xbf\xb7\x03f\x07.\xaf\x07\xae\xaf\
W\x0e\xeb\xe9z:\xbdV\xd3zj\xae\xf7\x0b\xf3,\
\xed\xcd\xcd\xeaC\x95\xac\xf7bZ\x9f\xad`?\x9ad\
\xf9#\x97\xf7KQ\xb6\x9f\x0f\xc5\x07\xb9\x9f\xf7\xc4\xbb\
k\xdb\xcfu\x91h\x8c\xb7Z\x85\xaa>o(\xae\x9e\
\x87\x0c\xea\xbc\xd6\xd2\xdc$\xe7\xb5P\xb0\xe1\x97\xe75\
\x8f\xe7\x7f\xd1\xb47hTL\xd7\xe3\xaf\x14\xfa\x00\x00\
\x00\x00IEND\xaeB`\x82\
\x00\x00.M\
\x89\
PNG\x0d\x0a\x1a\x0a\x00\x00\x00\x0dIHDR\x00\
\x00\x00\xc8\x00\x00\x00\xc8\x08\x06\x00\x00\x00\xadX\xae\x9e\
\x00\x00 \x00IDATx^\xed]\x07xS\xe5\
\x1a~\xff\xb4\xec=\xd2\x81 \x223\x09{\x888\x10\
p\x00\x22m\x8a\xc2\x15\x05\x11PDQ\xaf\xf3:\xa0\
i\x93\xba\xee\xd5\xeb\xc4\x89\x13\xd7\xd5\x0aM\xa1\x80\x0c\
\x05\x15PDd6e:\xd8\x82\x03\xd9H\x9b\xff>\
_h0'\xe7\x9c\xe4\xe4$i\xff\xd0\xf3?\x0f\x0f\
J\xfe\xf9}\xff{\xfe\xf5}\xef\xc7`$C\x02\x86\
\x04T%\xc0\x0c\xd9\x18\x120$\xa0.\x01\x03 \xc6\
\xec0$\x10B\x02\x06@\x8c\xe9aH\xc0\x00\x881\
\x07\x0c\x09\xe8\x93\x80\xb1\x82\xe8\x93\x9bQ\xaa\x8aH\xc0\
\x00H\x15Q\xb41L}\x120\x00\xa2OnF\xa9\
*\x22\x01\x03 UD\xd1\xc60\xf5I\xc0\x00\x88>\
\xb9\x19\xa5\xaa\x88\x04\x0c\x80T\x11E\x1b\xc3\xd4'\x01\
\x03 \xfa\xe4f\x94\xaa\x22\x120\x00RE\x14m\x0c\
S\x9f\x04\x0c\x80\xe8\x93\x9bQ\xaa\x8aH\xc0\x00H\x15\
Q\xb41L}\x120\x00\xa2OnF\xa9*\x22\x01\
\x03 UD\xd1\xc60\xf5I\xc0\x00\x88>\xb9\x19\xa5\
\xaa\x88\x04\x0c\x80T\x11E\x1b\xc3\xd4'\x01\x03 \xfa\
\xe4f\x94\xaa\x22\x120\x00\x22\x88\xa2;\xd8s\xfb\x99\
\xc0\xfa\x05w\xc7\xe3\xce\xc9\x15\xa4\x8bU\xb2\x1b\x06@\
\x04Q\xfb)\x80\x98\x16\x07v\x87\x03KJ\xdc\x8e\xfe\
\x82t\xb1Jv\xc3\x00\x88 j7\x00\x22\x88\x22\x82\
\xbaa\x00D\x10\xbd\x18\x00\x11D\x11\x06@\xc4T\x84\
\x01\x101\xf5b\xac \x82\xe8\xc5\x00\x88 \x8a0V\
\x101\x15a\x00DL\xbd\x18+\x88 z1\x00\x22\
\x88\x22\x8c\x15DLE\x18\x00\x11S/\xc6\x0a\x22\x88\
^\x0c\x80\x08\xa2\x08c\x05\x11S\x11\xc6K\xba\x98z\
1V\x101\xf5b\xf4J\x10\x09\x18\x00\x11D\x11F\
7\xc4\x94\x80\x01\x101\xf5b\xf4J\x10\x09\x18\x00\x11\
D\x11F7\xc4\x94\x80\x01\x10A\xf4b\x1c\xd2\x05Q\
\x84q\x8b%\xa6\x22\x8ck^1\xf5b\xac \x82\xe8\
\xc5\x00\x88 \x8a0V\x90\xd8)\xa2C\x96\xab\x8f\x89\
\xf3\x81\x1c\xcc\xcc\xc0\xcc\x1c\xdclb\xd8\x0e\x8e\xed`\
l;\xbc\xde\xed\xd6\xea\x96E\xf9\xf9#\xca\xc2\xb5j\
\x00$\x9c\x84*\xe7wc\x05\x89P\xee\xd6L\xd7\xc5\
\x8c\xf11\x1cl0\x80fa\x8b3v\x12\x9c\xbf\x0f\
`^\xd2\xc9j\x0b\xd7\xcfy\xe8\x0f\xa52\x06@\xc2\
J\xb2R2\x18\x00\xd1(vK\x96\xf3r\xc6\xd9m\
\x00\xec\x1a\x8b\xc8\xb21\x86]\x1c\x98\xca\x92\xbdS\x8b\
\xf3s\x0f\x07f0\x00\xa2W\xaa\xf1-g\x00$\x8c\
|;f>\xd2\xc2\xcb\xbc\xff\x02p{\xccT\xc1P\
\x0c`\xaa\xa7\xc0\xf1\x8a\xbfN\x03 1\x93nL+\
2\x00\x12B\x9c\xb6L\xd7u`x\x84\x03\xadb*\
\xf5\xf2\xca\x18\xd8\xbb\xc5\xee\xec\x1b\xe8\x7f\x0d\x80\xc4C\
\xc2\xd1\xd7i\x00DE\x86V{\xde\xf3\x00\xbf#\x94\
\x88\x1b7m\x82\xc6M\x1b\xa3q\x93&h\xe2\xfb\xef\
&8z\xf4(\x8e\x1d=\x86cG\x8fb\xcf\xce\xdd\
\xd8\xfe\xe3\xcf8~\xfc\xb8j5\x9c\xf3u%\x859\
]*\x1b \x9d\xb3rS\xca\x80\x8e\x9c'\xd9\xc0\xd1\
\x9b3\xaf\x89\x01\xab\x183\x15{\x19+)\x999\xe5\
\xe7\xe8\xa7[\xe2\xd5`\x00DAg6{\xde\xeb\x1c\
|\xbc\x9a:;u\xeb\x82\x1e\xbd{\x22\xbdy\xf83\
zYY\x19~\xd8\xbc\x0d\xdf|\xb5\x1c;\xb7\xefP\
\x9d!^x\xfbW\x16\xed\x8f\xd5\xeez!\xdc\x16\x92\
1\x140\xb0\xc9\x1b\x0a\xb2K\x12o\x9a\xeb\xef\xb1\x01\
\x90 \xd9Y\xb2\x9cO0\xce\x1eP\x12i{\x9b\xc5\
\x07\x8c\x96\xe7\x9e\xa3K\xe2\x04\x92/\x16-\x86\xb7\xcc\
\xabT~\x05\x80\xde\x81?\xc4\x9b\x17\xcb\x92\xe9\xcc\x02\
co1\xa0\x81\xe6\x011<\xe6)pL\xd6\x9c?\
\xc13\x1a\x00\x09P\xa0\xc5\x9e7\x9e\x81\xbf\xae\xa4\xd3\
\xack\xafF\x87\x8e\xd6\xa8\xd5\xbdm\xf3V\xcc-\x98\
\x8d\xc3\x87$\x97X\x8a\xf5\xc6\x13 V\xbb\xf3R\x80\
-\xd27 \xfe\xb8\xc7\x9d\xf3\xb0\xbe\xb2\x89U\xca\x00\
H\xb9\xbel\x99\x8fY\xb9\xa9\xf43p\xa4\x05\xab0\
V\xe0\x08\xac\xf7\xfd7\xa6\xfb\xce'\xa1R\xbc\x00b\
\x1b\x9e\xdb\x98\x9f4\xfd\x16\xcdTMJ\xf2Z\xd6\xcf\
\xc8\xdd\x18M\x1d\x89P\xd6\x00H\xb9\x96\xacvW\x81\
\xd2\x1bG<\xc0\xe1\x9f\x18\xe1@\x12/\x80X\xed\xae\
\xb7\x00\xdc\x18<A\xd3\x9a\xa5\xa3S\xb7\xceh\xd0\xa8\
\xa1\xef\xa7?\xff8\x80\xd5+\xbf\xc7\xaf\xfb\xf6\xcb\xe7\
2\xc3'\x9e\x02\xc7\xf0D\x98\xe4\xd1\xf4\xd1\x00\x08\x00\
[\xa6s g\xec\xd3\x8aX9\x02\xdb\xa0m\xd6G\
\xef|\x80}{\x7f\xa9\xb0-\x16\x9d;\x18c3\x83\
\x1blki\x87!YCQ\xabvmY_\xdez\
\xe9u\xec\xdd\xbdG\xa9\x8f\xff\xf0\xb8\x1d\x1fG3\x01\
E/k\x00\x04\x80\xd5\xee\x9a\x05`h\xa0\xb2\xdat\
h\x8b\xe1\xa3\xae\x8d\xbb\xfe\xbe\xfbf%\x16\x16\xc9\xb0\
\xe9k7\x1e+\x88\xd5\xee\xcc\x05XN\xe0\xc0h\xc5\
\xb8~\xfch4hxj\xe5PJ\xca\xab\x1d{\xc1\
\xe3\xce\xbe3\xeeB\xaa\xc4\x06\xaa$@\xda\x0f\xcdk\
U-\x196/xGxYG0~}\xb0\x0e\x08\
\x1c\x04\x92x\xa7\x13'N\xe0\xcd\xa9\xaf\xe1\xc0\x1f\x07\
dM\xc5\x03 \xb6,\xd7L\xce\x91\x15\xd8\xd8\xa5\x83\
/\xc7y\x17\x9e\x1fr\xa8;~\xde\x8e\xf7\xa6\xbd\x13\
\x9cg\xb5\xc7\xed\xe8\x1eo\x19Uf\xfdU\x0a V\
\xbbk\x048\xc6\x82aP(\xa1W\xd4\xea\xe1\xef\xc3\
W\x9f\x7f\x81\xa5\x9f\x7fY!\x00\xb1\xda][\x01\xb4\
\x0ell\xcc\xc4qh\xd6\xfc\xac\x90\xf3\xf0\xd0\xc1C\
\x98\xfa\x9fgey\xbc,\xb9\xe9\xc6\x82\x87\xa3:\xf0\
W&\x00\xc2\xb5]%\x00b\xc9t\xdd\xc4L\xb8\x11\
\x1c\x17\x86\x13\x08\xfd^Q\xab\x87\xbf/\xb4\xbf\xa7}\
~p\x8a\xc7\x0ab\xb5\xbb\x0e\x02\xa8\x17\xd8\xd6\xddS\
\xeeG\xcd\x9a5C\x8a\xa6\xb4\xb4\x14O\xe6>.\xcb\
\xc3\x18\xba\x16\x178\xd6j\x91k\x22\xe69\xa3\x01\xd2\
\xe9\xea\xdc\x0ee^S\x1e8\xae\xd1\xaa\x1c\x93\xc9\x84\
\x07\x5c\xd1\xbf\x83\xd1\x17\xb7^}\xc9<\x0c\xd9\x85i\
\xcf\xbd\x8c_\xf7\xff\x1a\x94\x87\xaf\xf1\xb8s\xbai\xed\
\xbb\x96|\x16\xbbk1\x03$\x91\xac\xae\xbe~\x04\xda\
Y\xda\x87,N7Y\xd3\x9e?m[\xe9\xcb\xcb\x81\
\xfd%nG\x8a\x96v\x135\xcf\x19\x0b\x10k\x96k\
\x1c8\xf24\xf9l\x04h\xcf\x9c\x9a\x82\x9b\xee\xb8E\
\x97>\xe9]c\xc3\x9auX\xbbj\x0d\xce\xbf\xf8\x02\
\xf4\x1fx\xa9\xe6z\xe6\xba\x8b\xb0\xf6\xbb\xd5\xd2\xfc\x1c\
\x1b=\x85\x0e\x8b\xe6J4d\xb4\xda]\xff\x05pO\
`V[\x97\x8e\xc8\x18.9\x96\xc8j\xfa\xfa\x8be\
X\xb2\xf0s\xc9\xbfs\xf0\x0fK\xdc9\xd7ih6\
a\xb3\x9c\x91\x00\xb1e\xe6=\xc0\x19\x7fBM+\xb4\
JX;\xdb\xc09G\xf1\xda\x0d\x92l\x17\x0d\xe8\x8b\
\x8b\x07\x5c\x12\x91B\xe7\xcf\x9e\x87\x92\xf5\x1e\x9f\x81\xa2\
?%WK\xc6\xad\xf7\xdc\x81\xba\xf5\xeaj\xaa\xeb\xf3\
O\x17a\xc5\xd2\xaf\x83\xf3\xfe\xe4q;bjI\xec\
\xdbn2L\x0bn(\xd4{\x8fg]1\x0a?\x96\
\xdd\x0c\x83\x83\xdfU\xe2\xceyN\xd3\x00\x134\xd3\x19\
\x07\x10k\x96k\x228^V\xd2\x07\x01\xe3\x82~\x17\
\xc1\xda\xb9\xa3\xcf\xfaV\xe9p\xac\x07 \x9e\xf5\xc5(\
\xfcH>\x81z_\xd4\x07\x03\x06]\xa6ij,[\
\xb2\x14_.\x92\x84(\xa4=\xcc^O\xa1#]S\
\x05\x1a3\xd9\xec\xb9]\xf9\xa9X\x88\xb2;]\x1a{\
\x07\x9b\x05\xb4\x8aR\xda\xff\xcb>\xdfj\xb8r9\x99\
\x89\x05%\x8e\xe3\xe0\xb8\xc03\xcb\x11\xb4\xeci\xecH\
\x82d;\xa3\x00b\xcdp^\x0f\x13{OI\xf6\xad\
\xdb\xb7\xc5\x85\x97\x5c\x84\xb3\xcen~\xfa\xe7eK\xbe\
\xc2\x97\x8b\x96H\xb2_p\xc9E\xb8\xe4\xf2\xc8\xe3f\
\xbe\xf3\xea\x9b\xd8\xbdc\x97\xac\xe9\x91cG\xe1\x9c\xd6\
\xe1\x17\x81\x95\xcb\xbf\xc5\xa2\xb9\xf3\x83\xcb\x1f\xf0\xb8\x1d\
\x8db=\x97l\xf6\xdc<\x0e\xd3\x14\xb5z\x03_\xd2\
\xd5\xf20\xce\x1f-.\xccQ\xad#\xd6}\xae\xac\xfa\
\xce\x18\x80t\xb0\xbbz\x98\xc0>\x03\xb8\xcc2Um\
UX\xf5\xcdJ,\x08z\xa4\xeb\xda\xb3\x1b\x06\xdb\xaf\
\x8aX\x1f\xebW\xafE\xd1\x0czo\x94\xa6\xa6)f\
\xd0\xf6\x85\xfe\x0e\x95*\x0a m\x06\xdfQ\xa3z\x0d\
\xf3\x17\xc1\x96\xc3\x11\x0e\xb8\xc4\xe3vDo\xb9\x19a\
\xa3\x95\x91\xfd\x8c\x01\x88\xd5\xee\x9a\x0b\x80\x88\x14$)\
\xd4\x96\xa9x\xedz\xcc\xcawK\xf2\xd3m\x0e\xdd\xea\
\xe8IE3ga\xfd\xf7\xf2\x1bO\x02\xc7\xe5C\x06\
\x86\x5cI\x94\x00\xc2\x80\x03\xc51^A\xacY\xae\xfc\
Hn\xf5\x14\xe4\xf0\x95\xc7\xed\xe8\x1b\x89|:\x0f\xcb\
i\xfe\x977)\xb5\xf4D\xc3\x0d[\xe7\xddy\x22\x92\
\xb2\x95\x9d\xf7\x8c\x00\x88\xc5\xee\x9a\xc2\xe0\xbb\xb1\xd2\x0c\
\x0e\xca\xb8u\xd3\x16\xe4\xbf\xfb?I\x99hn\xb1\xfe\
<p\x00\x1f\xbe\xf9\x1e\xfe\xf8]\x91\xb8\x04t&\xa1\
\x17k\xa5\x83\xbb\x12@\xea\xd6\xae\x8e\xd9\xcf\x8c\xfb\x0d\
\xcc\xb4\x1b\xf0\xeea0\xed\xf6\xc2\xbb\x87\x97\xb1\x05\xe9\
\xe9f\xe9\xdeP\xc3LR\xba\xc1\xa2b\x1c(c@\
R\xb8*8\xd8M%\xee\xec7\xc2\xe5#K\x85d\
\x93\xf7V0f\xe1\x00\xbd\xb4\x9f\xf6,#/E\x0e\
\xacg\xc0\x17\xc5n\xc7\xdb\xe1\xea\xaa\xec\xdf\x13\x1e \
\x1d3r:{MI\xb2\xcf\xb6\x96\xd7\xf0\xdf\xf6\xff\
\x8a\xd7\x9e\x93\x9f\xe7\xe9\x9a\xd7\x7fP\x8dTAt\xd5\
KvKj\xa9n\xbdz\xe8\xda\xab\x1b\xda[; \
%-\xf5t6U\x80<\xab\xe2\xd8\xc89\x99\xd8\xe6\
3\x869\xfb\xf7\xef_d\xb3\xd9\xfe\x0a\xd5W[\x96\
\xeb\x1e\xceAW\xbc\xf2\xe4\xc5\xad0\xf16\x00\xa37\
\x17\x9a\xd0\xfe\x03\xfca\x0e\xbe\x8eq\xb6\xcek\xc2\xf4\
\x8d\x05\x0e\xd95[pe\xa7n\xc9\xd8#\x00\xff{\
p\xea\x1d{\xdb\xe3v\x8c\x8dT\xc6\x15\x99?\xe1\x01\
b\xb3\xbb\xfe\xcd\x01b\x1d9\x9dh\x12\x8e\x1c{}\
\xd8}?\x15P\xb2T\xa5C:\x1d\xd6\xf5\xa6p \
\xf1\xd7[\xa7n\x1d\xa4\xa6\xa7\xa1^\xfd\xfa8|\xf0\
 \xb6m\xd9&i\xd2\xb7\x82\xa8\x01$0'\xe7\xfb\
93\x15%1\xbe\xd0l6\x7f(\x9f\xb4\xce\x7f0\
\xc6\xa4Key&\xc6\xd9\x83\xc5\x85\xd9\xff\x0e,\xd3\
ihn\x07\x9e\x9c\xc4\x22u\xaf\xb5\xd8\xf3>`\xe0\
##\x94[\xcc\xaf\xb2#l?d\xf6\x84\x06H\xbb\
\xa1\xb9M\x93\x93L\xb4zH\x9c\xc3\x07e\x5c\x89n\
\xe7\xf5\xd0$\xa7\xaf\xbf\x5c\x86%\x0b\xa4\x0f`\xe4\x17\
1\xf6\xb6\x9b4\x95W\xcbD/\xcfd\xdcw\xec\xd8\
1\xdd\xf5h\x06\x88\xa4\x05\xb6\x9c3>5\xad\x1c(\
\xd6\xacG.\x02\xf7\xd2\xa1\xdc\x14\xdc\x11\xce\xd8\x8b%\
\x05\xd91\xa13\xb2\xd9]7r\x80\xfcL\xf4\xa4\x88\
\xcf5z\x1a\xd1S&\xa1\x01b\xb1\xe7\xfd\x93\x81K\
,\xe8\x9a\x98\x9bb\xdc\xa4\x9b\x91\x9c\x9c\xacI\x1e{\
v\xed\xc1\xdb/\xcb\xed\xa0\x06g\x0eA\xd7^\xd1\x19\
\xaa\x12H>\x9b\xb7\x10?\x04\xad\x0c\x9a:\x06@\x1f\
@\xfc\xb5\xf3y\x8bW\xfe\x90\xef\x9a\xb6\x80L\xdb[\
\xca\xdad\x98\xe5)pdj\xedK\xa8|\x96a\x8f\
\xa63o\xd9n\xb5<\xb5\xeb\xd4F\xfd\x06\xf5\xb1w\
\xf7^\xd5j\xb4\x9eob\xd1\xdfH\xeaHh\x80\xd8\
\xec\xae\xe5\x1c\xe8\x138\xe0~W\x0c@\x9f\xbe\x9al\
\x12O\x17+\xf8\xdf\x0cl\xdc\xe0\x91\xc8-\x16\xab\x88\
\xbf\xc2\xf5\xab\xd7a\xd5\x8a\x95>\x1a\xa0HR4\x00\
9YZ\x86{\x9f\x9e\x8d\xf5[\x15\x1d\x9dV\x9b\xbc\
I\x837\xcc\x9a\xac\xec\xa9\x15I'O\xf9\xd3\xd0\xc1\
}\x5cp\xb1\xe6-[\xe0\xd2A\x97\xa3Y\x8bS\x96\
\xc2G\x0e\x1f\xf6Y.\xd0\x8aMl/\xc1\xc9\xcbp\
\x81\x96sN\x84\xdd\x8b*{\xc2\x02\xa4\xcd\xf0\xc7\xcc\
\xd5O\x96\xee\x0b\x1c}\xf5\xea\xd51\xf1\x9eI\xa8S\
W\x9by\x87\xbf\xec\xae\x1d;1\xfdU\xf9\xee\x80H\
\x1a\xe8\x0d#V\x89\x08\x1bJ6x\xb0\xb5d\xb3\xa6\
\xadW4\x00qM[\x88\xc5+\xc9\xb2]\x96~e\
0\x0d)vO\xf96\x16\xe3\xb2e\xe4\xb6\xe1&\xd3\
\x96\xe0\xbaB\xd9\xa2\xd1J2\xfd\xb57QV\x1a\x04\
\x12\xc6^\xf5\x14dO\x8cE\xbfbUG\xc2\x02\xc4\
\x96\x91\x97\xc1M\xbc0P\x10\xcd\xcfn\x8e\xd1\x13\xf4\
]\x8a\xd0V\xe8\xdbe\xdf\xc8\xe4\xda\xa9{\x17\x5c5\
,#V\xf2\xf6\xd5C_\xcf\x1f\xb7\xfe\x80=\xbb\xfe\
^Q\xf6\xec\xd8\xa5\xff\x90\x1e\xd4\xbb\x97\xf2\x97#\x7f\
\xa1\xb2\x05z\xebfM&\xce~i\xd2\xab\x91\x0c\xc8\
\x9a\xe9\xea\xcd\x19\x14m\xdb\x18\x83\x19\x1c\xb6\xc0\xfa\xce\
m\xdb\x1a\xff\x18\x13\xda\x86\x91V\x11:\xff\x05\xa5\x95\
\x1e\xb7\xe3\xbcH\xfa\x16\xef\xbc\x09\x0b\x10k\xa6\xebq\
0<\x18(\xa0\xee\xe7\xf5\xc0\xc0\x8c+u\xc9\x8c\xb6\
Xs\x0a\x8a\xf0\xd7\x09\xf9;V\xaf\x0bz\xe3\xb2+\
\xaf\xd0U\xaf\xd6B\x11_\xf3\xaaTL\xc0 \x80(\
\xa5\x89\xd7\xf4\xc1\x88\xcb\xbb\xfe\x0e\x13\xc6\xa4\x99\xcdE\
Z\xfbf\xb5\xe7\xad\x00\xb8\xe6\x89K\xb2\x22\x99\x85J\
J\xe6\xf3\x00JS\x0exk-Y\x92[\xaa\xb5o\
\xf1\xce\x97\xb0\x00Q\xf2k\x18zM&:v\xed\x1c\
\x91\xccN\x1c?\x8e\xc5\xf3?\xf3\xb1w\x84J\xf4\xc2\
N\xaf\xf2t-\x1b\x8f\xa4\x04\x90Z5\xaa\xe1\xb1\xdb\
\xb5\x03\xfe\x8f\x83GA[+\xa5\x94\xd5\xbf#\xee\x1c\
y\xf1\xe9\x9f\x18XvJJ\xd3G\xc2\x8d\xc5bw\
\xba(o\xb8|\x81\xbf\x8f\xb8a$Z\xb7k\x13\xb6\
\x08\xf9\x97\x043\xa6\x98\xbce\xbd6\xccr~\x17\xb6\
p\x05eHX\x80(\xb9\x8e\x8e\xbf}\x82\xe4\xf1-\
\x9c\x0c\x7f\xfe\xe1'\x1f8\x02\xb7:\xa1\xcaT\xabV\
\x0d\xbd/\xee\xe3\xf3\xf5\xa0\xff\x8eeR\xb1\xc5\x8aI\
\x13}:\xb7T\x01\x1a\x9f\x99\x9a\x92\xa2z\xc8\xb2e\
\xb8.\xe4&,\x8d\xb4\x13Z\xa9\x92\x9e{\xfc\xbf8\
z\xe4o\x17\x01j'\xd9T\xd6b\xddL\xe7\xceH\
\xdb\x8cW\xfeD\x06\x081B\xd7\x08\x14\xcc\xbd\xd9\x0f\
\xa0z\x8d\xea\x9ad\xb5b\xe97X\xbc\xe03p\xaf\
\x22\x0dh\xc8:h\x15!\xfa\xd1\x96\xad\xce\x89\x19\xb1\
C\xbc\x00r\xeeYM\xf0\xcc}\x19\xa8_G\xc5\xa5\
\x96\xe1\xd5T\xb3Y\xf1`l\xb5\xe7\xad\x02x\xc4w\
\xdd\xfd\xaf\xb8\x14\xe7\xf7\xbd \xa4\x0c\xc9\xf2\x99,\xa0\
\x83\xd2n\x8f\xdb\x11\xda9^\x93vc\x97)!\x01\
\xa2t\x83Ew\xed\xff|\xe8^M\x92Q#I\xf0\
\x17\xa67\x94\x94\xf4TE\xf3u\xa5\x06\xe8J\xd8\x9c\
\x96\x82\x06\x0d\x1bD\xecl\xe5\xaf/\x1e\x00\xa9[\xab\
:\x9e\xbe7\x03m\xcf\x0emI\xcc\x19\xaeO3\x9b\
?\x08\x1c\x9b\xd5\xee|\x0c`\x0f\xc9\xc7\xcb\x9d\xd2\x7f\
c\xf4\xc6\x22!\xa1\xa3\x8f\xd4\xc4\xbbo\x07Y\x0a\xa8\
\xa5\xd9\x9f\xb8\xb1a\xcdz\xc9\xcf\x0c(*v;$\
\xf4K\x9a\x14\x1a\xc7L\x09\x09\x10\xcb\xb0\xdc\xee\xcck\
Z\x15(\x17\xbak\x1fs\x8b\xec*^&\xbaP\xe0\
\xa8]\xa7\x0e.\xecw\x11:\xf7\xe8\x0a\xba2\xa6\xf7\
\x8b\xa2\x19\x92\x8b\xb2\x90\xaa\xd0\xe3l\x15O\x80\xb8n\
\x1d\x84\x8b\xbb\x85\xf7E\xa1>x\xcb\xd0\xdfo\x00i\
\x19\xf6H_\xe6\xf5\xbd\xbeK\x13\xc72O\xa1Cb\
\x83\xd3f\xf0c\xe6\xea5\xa4\xd7\xedT\x88\xec\xcch\
\xcb\xab\x94\xe8-dV>\x11Y\x06A\x8d\xf3'\x8b\
\x0bs$fCq\x9c\xfb\x9a\xaaNH\x80(\xc5\xd2\
 \x93\xf2\x9b\xef\x0c}\x85NL\x86d{u\xf8\xd0\
!\x99p:v\xed\x84\x0b\xfa]\xec\xf34\x0cL\xc4\
8B\x07\xf85a\x0e\xf1TF$\x80L\x1aq!\
\xae\xb9,\xa2\x0b\x8b\xb2\xb2\xd2\x93\x9d\x9a5kVb\
\xc9t\xaee\x8c\xc9\x0a3$u+vO^\x13,\
<\xb5\xf0\x09\xb4\x82\xd0y\x8d\x1e\x0c\x1b5i\x8c\x1f\
\xb7l\xc3O\xdb~\xf4y)\xca\x13\xfb\xa5\xac\x0c}\
6\xcd\xce\xfeQ\xd3\xcc\xad\xa0L\x09\x07\x90\x1eCs\
k\x1fKbO\x00L\x12\xdc\xa6F\x8d\x1a\xb8';\
\xf4\xc7Gm\xf5\xe8q~/\x5cqUH\xaa,\x1f\
\xf5&\x01\x85|\xcf\xe9\xe6K)\xc5\x1a \xd1<\x14\
\xea\x9c?K\xaf\xba\xf3\xf5\xef\x8f\x1c?)cK\xe4\
\x8c\xfd\xab\xa4 \xfbI\xb5z-v\xd7\x81\x88\xc2(\
\x04/N\x1c7\x97\x14:\x14\x99\xf5u\x8e%&\xc5\
\x12\x0a \xb6,\xd7\xb5\x9c\xf3<\x80)\xde!\xde=\
\xf9~\xd4\xac\xa5\xce\xef\xf4\xea3/\xe2\xf7\xdf~\x97\
\x08\xaeU\x9bsq\xed\x8d2bEU\xe1R\xb4\xa8\
-%\x9b\xb0\xd9\xb3\x09\x9bK6I\xf2%:@V\
o\xdc\x85{\x9e\x96{Er`A\x89\xdb10\xd4\
\x8cS\xe3\xfc\xd52K9\xd8\x87%\xeel!\xd9Q\
\x12\x06 V\xbb\xf3\xf9\xe0U#X\xf8d\x81K\x07\
f\xa5\xa4f\x82N\xe7\x16\xbf\xad\x90\x16e\x06\xe7!\
'\xa9?\xff\xf8\x13\xf47\xd1\x87F\xca\x88\xe2\xaf/\
V\x0f\x85z\xc6\xe0/36\xf7#\xfc\xb4[\xfa\x01\
\xa1\xe3\x89\x97y-\x1b\x0br7\x87\xab[_\xcc\x11\
\xee\xf4\xb8sr\xc3\xd5]Y\xbf'\x04@\xd4\xdci\
Ih~\x07\xa4n\xbdz\x84\xa4\xd8\xa1\x1b\x13\xba9\
\x09L\xd1x\x0f\xc6Za\x95\x0d\x105\xf3\x14\xce1\
\xa9\xa4\xd0\xf1\x92\xd6\xf1\x96\xc7\x1e!\xc7,Yx\x85\
\xa0:vs\x13\x9fP23g\x8e\xd6\xba+#\x9f\
\xf0\x00\xb1f\xb9\x0a\xc1\xa1h\x0cE[\x9ap\xc0\xf0\
\x0b\x958\xa7\x88{*0\x919;\x99\xb5\x8b\x90*\
\x13 \xdfyv\xe0\xfeg\xe5\x96'\x14\x97\xb0\xb8\xc0\
1L\x8f|Nm\xb9\xd0\x85\x0e\xfb\x9c\x83\x0e\xfc\xa9\
~\xefD\x98\xb0\xd6\xeb\xc5\xb2\x8d\x85\x0e\xe9=\xaf\x9e\
\x86\xe2\x5cFh\x80\xf8\xc8\xa6\x81\x8f\x94d0d\xd8\
Pt\xee\xde5\xce\xe2\xa9\xb8\xea+\x13 78>\
\xc4\x8e\xbdRv\xf9\x9a\xd5\x93\xcb\x0e\x1f\xf5\xb6\xdc\x5c\
4E\xceeTqb\xa9\xf4\x96\x84\x05\x88m\x98\xab\
\x17\xf7B\xd1$\xbb\xa2\xc9\xa5+BK\x95\x05\x90\xa9\
\x1f-\xc3\x8c\xcf\xd6\xc9\x86\xf8\xe0\xd8\x01\xb8\xbcO\xbb\
\xb1\xe9))\xc2\x13+\xc4S?\xc2\x02D\xed\xdcq\
\xdd\xb8Qhy\xae\xb6\xc7\xafx\x0a.\xd6u+\x01\
\xa4z\xb5$\x5c7Hn\xe91fhOI\xf3k\
6\xed\xc6\xda\xcdrg\xac\xe0|T\xe8\x9d\xd9R;\
\xc0\xb7g\xaf\x94\x0d\xe5\xf2\xde\xed\xf0\xf0\xf8K\xc19\
\xbeMK5\x876\xcb\x8d\xb5 \x04\xabOH\x80\xd8\
\xec\xce\x91\x1cLb\xfa@r\xbbb\xe8 \xf4\xe8\xdd\
K0\x11\xc6\xa6;ZMM\xba\xb6o\x86g\xee\x95\
z\xca\x12@\xee\xfe\xaf\xfc\xc5\x7f\xf1k\xb7\xca:\xd7\
\x7f\x82\x22+\xeb\xe9|\x8d\xea\xd7\xc6t\xd7\xb5\xa8[\
\xfb\x94\x99\x9b\x89a\xa4\xd9lV$|\x88\xcd\xc8\xc5\
\xaeEH\x80X\xec\xcee\x0cLb\xedF/\xddC\
\xaf\xb1\x8b-\xcd(z'\x0a@ro\xb9\x02\x97\xf4\
\x08\x88\xaf\xc30-\xd5lV\xb6\x19\x89b\xbc\x89R\
T8\x80X\xb3\xf2\xc6\x82s\x89\x99'\xd9H\x8d\xba\
y\x8c\xcc\x0cDT!\xd3\x9b\x0b\x115\x1c:x\xd0\
\xf76r\xe0\xf7\x03>\xe6w2\xbd w\xe0\x16\xe7\
\x9c\x0dK'\xab$\xaa\x93\x08\x00\x19\xda\xd7\x8a{F\
\xc9\x98\xed\xb7\xa5\xa6\x98\xc3;w\x88\xaa\x8c(\xfb%\
\x1e@\xecy\x0b\x01.\xa1D'\xda\xce\x9e}4;\
\xb4E)\x12}\xc5\xc9\xaf\x81\xbc\x12\xc9\xe7<\x5c\xfc\
s\x7f\x0b\x14\xf6\x8c<\xef(\x14Ce\x03\xa4\x99\xb9\
>\xdeq\x8dDr\x92\x8c\x1d\x08\xdc\xcb\xceOKk\
\xaa@\xf1\xaeOV\x89TJ(\x80(\xbd\xc46j\
\xdc\x087\xdd1\x11\x14o#T\xa2II\x94\x9f\xf4\
\x95No\xde\x0cu\xea\xa8\x9bZ\xc7ZAD\x82\xfd\
\xcdW\xcbq\xf0O\x8an\x16y\x22\x80\xd4o\xd0\x10\
\xdf|%\xf5\xd1\xae\x88C\xba\xbf\xb7\x1dZ\xa5\xa0w\
\xc7\xb3\x95;\xcf\xe0H5\x9be\xd4\xae\x91\x8c\xd46\
<7\x0de\xcc\xc2\xbd\xe8\xce\x80\xdde\x9cm\xe8T\
\xbd\x83'?\x7f\x84\x9c\xde$\x92\x8a\xe3\x9cW0\x80\
\xc8\xe9c(\x9e\xc7%\x97\x85\x0fG\x10lJ\xd2\xb6\
C;\xb4i\xdf6jn\xabP\xf2'\xe2\x05z\x80\
\xa4\xbf\xa3M\xb5j\xd7\xc2\xb1\xa3R\x92\xb9J0V\
T\x1c\x06\x03\x96\xa6\xa4\x98\xff\xf6\xd7\x8d`\xb0V{\
\xde\xf3\x00';\xaev\x0a\xc5\x0e\x81a\x1d\xe7\xec\xa9\
\x12w\xb6\xd4\xcc!\x826\xe2\x99U\x18\x80\x94;A\
\xd1L\x93p\xf6h\xe5\xc9U\xb3\xb5\x22\xdb\xac\x9e}\
z\xa1S\xb7.1\x95#\xc5\x15\xa1\xf8\x22ZR\xc3\
\xc6\x8dP\xbbvm\xfc\xf1\xdb\xef\x9a\xe8~\xfcu\x8a\
\x02\x10\xea\x0f\xf7\x96\xd5MKK;\xa2e\xbc\x94\xc7\
\x9a\xe9\xba\x18\x0c\xf4\x86r\xae\xa62\x0cOy\x0a\x1c\
\xf7k\xca[\x81\x99\x84\x01\x88%\xd3u\x1bcx1\
p\xecg\xb7j\x89\xeb\xc7\xdf\xa0I\x1c\xe1\xf8p\xa3\
\xb1\xb4\x0d\xee\xc0\xa29\xf3\xb1\xf2kuZ)\xb2\xf1\
\xa2\x15\xacu\xfb6>~\xe0\xc0\x08\xb2\x04\x12\xe2\xc7\
\xfav\xf9\x0a\xfc\xa9\x10\x1b=\xb0-\x91\x00\x82$\xd3\
\xc0\xd4&M\x16hQ\x86\xd5\xee\xcc\x05\x181:F\
\x94\x18\xd8\x82bwvH\xab\xe1\x88*\x8cAfq\
\x00\xa2\x10}5\x92I\x1d\x0e $+\xadd\x02\xa1\
\xe4\xba\xb0\xe8S|\xf7\x8d\xfcq\x8d\xca4n\xda\x04\
\xfd\xaf\x18\x80v\xd6\x0eaUC\xd6\xbf\x9f\x7f\xfa\x99\
\x8c\xd1QT\x80x\xc1\xc7\xa5\xa7\xa4\x84\xe5\xde\xed\x9c\
\x95\x9bR\xcaM\xfa\x19\x1b\x19\x1f\xe1)\xc8\xc9\x0f+\
\xc0\x0a\xca \x04@\xce\xe9\x97[\xb3vC\x93\x8c\xe5\
\x99<\x04\xc3Ef\xf2\xcb\x89\x00\xb2v\xd5j\xec\xdb\
\xbb\x0f\xfb\xf6\xaa\xeb'\x1a3\x95P\xee\xba\x14\xf7\xb0\
\xff\xc0\x01\xa8\xdf@\x16\xe0*\xa4*\xe7\x15\xceQ\xf5\
V\x14i\x05\xe1\xe0S\xd2RR\x1e\x0d7/\xadv\
\x17\x91\xd2)\xbe\x9b\x9c\xd5\xa2\xb9/\x04\x1e]f\x10\
\x9b\xe5!\x95K\x0d\xc6\x93m\xc5\x85\x0fK\xb9`\xc3\
5\x1c\xa7\xdf\x85\x00\x08\xd1\xed\x97%\x99J\x02\xc7X\
\xabvm\xdc\xf5\xb06\x12\x86`\xd9l\xd9\xb8\x19\xf3\
\x0a\x8ap\xe4\x88|\xcb\xac%n\x88\x92\xacC\x81#\
\x92\x95N\xa9\xee\xb9\x05\xb3\x15\xddP\xeb\xd4\xaa\x8e\xa2\
\xe7T\xe2\x83\xc4iB\xa8U\xcb\xc0^JIi:\
)T\xb3\xb6,\xe7\x18\xce\x99\xccv\xab~\xc3\x06\x18\
8t\xb0\xef\xd2$0\xcd\x9f5\x17\xdf\x7f+\xa1\x16\
\xf0\xff<\xdf\xe3v\x84v\xf1\xac\xa0\xf1\x0b\x01\x10[\
F\xde n\xe2\xf3\x02\xc7\xdc\xfc\xec\x16\x18=!\x9c\
KAh)\xbd;\xedm\xec\xfcy\x87,\xd3\xf0\xd1\
\xd7\xca\x94\x15\xaa\xa6Es\x17(Gz\x8d\xd2\x0f\xdd\
\xdf&}I_\x7f\xe1U\x90\xb7\xa2\xe4#Q\xa3\x1a\
\xe6\xbe\x10]\x18\x86\x98\xcd#\x8e\xc2\xd4TsHS\
\x06\xab\xdd\xf5>\x00\x89g \xf9\xf8O\xb8\xeb6\xd5\
nl)\xd9\x8cO\xde\x97\x1bl3x\xbb\x15\xbbs\
\x95\x9c\xd7c6$-\x15\x09\x01\x10k\x86k\x22L\
\xd2\xd0\xcd]zt\xc5\x95Y\xd11\xc0\x10\x07\xeeK\
O\xbd #i\xb0u\xe9\x88\x8c\xe1Ya\xe5\xb3\xff\
\x97\xfd\xbe\xd0\xcc\xc1\xae\xb5\xfe\x82\xc4?K<\xb4\xb1\
H3>\xc8\xc7f\xcfF]U)\xd9gQEJ\
vWz\xec\xb3tu\xaa\xbc\xd0\x0d\xb7\x8c\x05m\xad\
B\xa5\xb9\x05E\xbe\xedq`b\xc0X\x11B\xb4\x09\
\x01\x10\x9b\xdd\x95\xc7\x01IHaz\xfb\xa07\x90h\
\x13\xf9\x8f\x7f\xf2\xfe\xc7\xb2j\x1ez$4\x9b&\xb1\
\x98|\xb1h\x09\x8e*l\xd3\xa8\xb2a\xd7\x0d\xf7\x85\
Q\x8bU\x22\xe2l\x22\xd0\xd6\x93D\x05\x08m\xad&\
\xdd'\xe3\x7f\x90\x0d\x91\xb6Y\xb4\xdd\x0a\x02\xc8\xb3\xc5\
n\xc7\xddz\xe4\x11\xcb2B\x00\xa4\xfc1I\xc2R\
B{\xd6\xee\xbd\xa5f\xddz\x06\xae\x16\x87\x90\x88\xe1\
.\xeaw1\xda\xdb,\x92j\xc9\x5c\x84\x82{\x12'\
\x96Z\xea?\xf0R\x1f\x9dM,\x93VS\x13\xa56\
E\x05\x88\xd6kz\xa5\x1bH\x0e,)q;\xc2\xbf\
\x10\xc7R\x09\x0au\x09\x01\x10[\x96\xeb\x1d\xce!y\
\xf0\xc8\x1c\x91\x05\xba\x19\x8a6\x95\x96\x96\xe2\xc9\xdc\xc7\
U\xab!\xd3\x14\xfa\xd2\x1d?v\xdc\xf7\x90\x17.\xc5\
b\xeb\xa7\xd4\xc6\x99\x08\x102\x13\x9axO\xf8\x08o\
\x1b\xd6\xac\xc3\xecO\x82\xcd\xf5\xf9\x7f=\xee\x9c\xfb\xc2\
\xe9#\xde\xbf\x0b\x01\x10\xab\xddEf\x06\x12'\x87X\
\xed\xef\xc9\x88\x90H\x92\xa3MI\xc9I\xb8\xb0\xdf\xc5\
\xbe?\xf1Hg\x22@Hf7\xdd~\x8b\xef}(\
TR\xba!\xe4\xe07\x94\xb8s\xde\x8d\x87\xac#\xa9\
S\x08\x80(\x852\x88\x15@(\x9a\xd1[/M\x8b\
D&\xb2\xbct=I\xc0\x88\x86\x1e(\x5c\x07\xa2\x0d\
\x7f@\xdb\xac\xe0D\x8eT\xc1Ik\xbe\xe0r\x87\x8e\
\x1e_>\xe5\xe5y\x93C\x8d\xc3\xc4L\x0epH\xb6\
E\xe1\xb6Yd\xc7\xf6\xbf\xb7\xe9\xf2K\x9aD\x09\x83\
 \x04@\xacv\x17\xb1\x95I\xae\xacb\xf1\xeaM\x22\
\xff\xee\xebo\xb1p\xce\xfcp\xf3S\xf1w\xa2\xcc\xec\
\xdc\xad\x0b\xba\xf4\xa4\xf0\xe1\xf1M\x95\xe5\x93\xaeyT\
\x1c\xaf\xa5\xa6\x9ao\x09\x95_\xcd\xc4\xa4\xf7E}0\
`\x90\xc4\x83\xc1W\x0d\xb1U\x12\x15\xacB\xda^\xab\
\xcckY5;W\x1a\x1bAsgc\x97Q\x08\x80\
X\xec\xce\x0f\x18\x98$\xbe\xf6\x95YW\xa1K\x8f\xe8\
&&\x9d)^yFb\xde\xe5\x93\x1c\x1d\xcc\x89\xaa\
t\xd7\xf6\x1d\xf8\xed\xd7\xdf$\xd2l\xd0\xa8!\xcc)\
fP\xe8\xb5\x0eA\x07\xf8\xd8\x89]^\x93\xe8\x00\xf1\
r\xaf3=55,\xc1\x9bR\xdc\x16\x1a-\x19\x8d\
\xd2+:\x85\x8d \xbd\xec\xde\xb9\x1b\x9b\x8a%o\xc3\
\xa7\x85\xc2\xc1n+qg\x87\xf6\x0d\x8e\xa72\x02\xea\
\x16\x02 J\xe6\x09\x97\x0e\xbe\x1c\xe7]x\xben1\
\xec\xdc\xbe\x03\xef\xbe\xa6L\xc8\x11\xc8\xc0Xz\xb2\xb4\
\x9c\x8e\x94\xa3a\xa3F\x9a\xe3\x8b\xe8\xee\x98JA\xd1\
\x01\x02\x86[R\xcd\xe6\xd7\xc2\x8d\xdb\x92\xe9\xfc\x07c\
L\xb7\x0f;\xe3\x98S\x5c\xe8\xb8*\x5c;\x15\xf5\xbb\
 \x00q>\x050\x89]\x89^\xf3\x0d\xe2\xde\xa5\xab\
\xda/\x16.V\x94\xa1Hdq\x81\x1d\x14\x1d &\
\x86\xa1f\x8dq\x0dm\x99\xae\x22\xce\xa0\x8b\x91\xcf\xe3\
v\x081'\xfd\xba\x11\xa23J{W-\x91R\x03\
'\x18\xdd\xa5\x7f:k.\xe8\xddC-\xd1\xf6i\xc4\
\xe8k5\x1b@\xc6\xe2+E\xb7h;~\xde\x8e\xc3\
\x07\x0f\x81\xcc\xe0\xe9\xd0\xaa\x94\x12\x00 g\x99\xcdf\
\xcd\x81\xde\xadY\xce\xe1\xe0L\xfeB\xab.\xd4\xd7<\
nG\xc83N,\xf4\x11i\x1dB\x00\xc4\x96\xe9\x1c\
\xc8\x19\xfb4\xb0\xf3Z\xc2\x19\x04\x03\xe4\xfd7\xa6\x87\
\x1c\x7f$\xd6\xc1\x91\x0a28?\x916\xac\xf9\xee{\
l*\xfe\xdb|\x84|[\x12\x11 \x0c\xf8>%\xc5\
\xdc#R\x99\xd82\x1f\xb3rV\xfa4\x80\x90>\x1e\
\x22\x9d9\x82\xc7(\x04@:f<\x9a\xea5\x95\xed\
\x0d\xee\x9c\x16;\x1e\x7f\x99P\xfe \xe4\xb0t\xf5\xf5\
#T'g\xa4\x8a\x0f\x95\x9fV0\x8a\xff\xad\xf4\x12\
\x1f)@\xd4\xa2\xdc\x06_\xd5*]\xe7R\x1f#\xbd\
\xd2U\xca\xef\x1b+G^j\xaa\xd9\xa1WN\x1d2\
]\x9d\x92\x80N\x1c\xe8\xc4\xe8o\x86_\x18\xb0\x9e\x83\
\xafOf|\xfd\xba\x82\xdc}z\xeb\x8ew9!\x00\
B\x83\xb4f\xb96\x04\x07\xa4\x8f\xe4\xa0\xae\x06\x10:\
st?\xaf'R\xd3S\xe3-K\x1c?v\x0c\x1f\
\xbc\xf9\x1e~\xd9#\xc3\xba\xaf\xedH\x01\xa2\xd4\xe1x\
\x12\xc7=y\xd7U\xe8im!k60<[\xdc\
\x85(X\x03\xc2\x00\xc4f\xcf\x9b\xce\xc1G\x07\xca\xe7\
\x9c\xd6\xad0r\xec(M\x22\x0b\x04\x08\x81\xa1CG\
\xab\xcf\xd2V-^\x88\xa6J#\xcc\xf4\x94\xf3\x09\x9c\
<yR\xb5\x94\xe8\x00i\x99\xde\x08o;\xaf\x95\xf6\
\x9f\xf3\xfd))\xe64\xc6X\xe4\xe1\x80#\x94\x9f\x88\
\xd9\xc5\x01H\xa6s\x12glj\xb0\x90n\x9c8\xde\
G\xe3\x13.\x11@\xea5\xa8\xef\xa3\xfd\xa1\x00\x9c\x15\
\x9d^yz\xaa\x8fvH-\x91g$\x19`Fr\
\x06\xa9\xe8\x15\x84\xda\x1b9\xa8\x1b&\x0c\x0b\xb8^g\
x?\xd5l\xd6\xf6\x95\xaah\xa1W@{\xe2\x00\xe4\
\xca\xdc4^\xddTL\xae\xdd\x81\xe3\xees\xc9\x85\xe8\
w\xf9\x80\x0a\x10\x85\xfe&f~\x90\x8fM*\xbe\x1c\
d\xf5\xdb\xa9[\xe7\xb07gZm\xb1\xe2\xb9\xc5\xf2\
K\xe0\x85\x07\xb2\xd0\xb1u\x9a\xef\x7fM\x0c\xb7\x985\
\xbc\x7f\xe8\x97\x9e\xd8%\x85\x01\x08\x89\xc9\x92\x99\xf7\x1a\
c\xfc\xe6@\x91517\xc5\x84\x7f\xcaI\x98E\x11\
k(W\x5c\xf2\x88$\xcfH-I\x09 I&\x86\
Nm\xe5!\xe5\x94\xc8\xab\xdf)\x92\x13I\x04\xe7\xa3\
~\x04\x93\x5c+\x1d\xf0\xdb\x9f\x93\x82W\x1e\xbe\x9a\xb2\
\xefd\xe0\xbdRRR\x94\x0fUZ\x06\x96\xe0y\x84\
\x02\x88\xd2u/\xc9\xb7\xefe\xfd\xe2fE\x1b\x8d\xfe\
\x88\xbe\xe7\xe3\xe9\x1f*Vq\xe7\x83\xf7\xf8\xb6{Z\
Se\xbd\x83\xbc5k%\xa6\x17IC\x22P\x9f\xc7\
e\x9e\x87QC\xbaONKIyL\xeb\x18\xce\xc4\
|B\x01\x84\x04l\xb5\xbb\x88pJ\x12\xe3\x80\xcc\xa6\
G\x8d\x1f\x13WkZ=\xca%#H2\x86\x0cN\
z\xb8\x84+\x0b \xd4\xf7\x09\x8f\xe4c\xcbv\xf9\x03\
\xab\xb5Uz\xdfO\x9e\xb9Y\x1b;\x9e\x1e\x01&@\
\x19\xe1\x00b\xcbt]\xc7\x19d\xf6\xcfdrNd\
\x0b\x22%2\x84\x0cv\xb2\xd2k\x22S\x99\x00Y\xbf\
e\x0f\xee|R\xce\xfc\x19\x8dW_\x9b\xc1\x8f\x99\xab\
U\xf3Z\x18\xe3\x160NQ\x80\xd2\x01\xfe=\xbd\x7f\
0f\xf2l(\xc8V\xb6T\x14I\xc1\x00\x84\x03\x88\
o\x15\xc9r\xe5\x83\xe3\x9a`Y\xe9\x9d|\xf1\x909\
qo\xbd1Un\xbbG\x1et\xe4I\x17i\xaaL\
\x80P__\x9b\xf9\x0d>\xfcTJ\x9c@\xff\xce\x18\
\xee-.p\xd0k\xb8\xe6d\xcdt=\x0e\x86\x07C\
\x15 \xf0%%%\xfds\xc3\x8c\xc9\xea\xbe\xcd\x9a[\
\x8c_F!\x01B<\xbd5N\x96\xed\xe1\xe0I\x81\
C\xaf^\xa3:\xee\xcd~@Q\x1aj!\x07\xd4\xae\
U\xa3\x15\xe9\xfa\xd5kQ4\x83\xdcX\xfeND\xe2\
@d\x0ezRe\x03\x84\xfa\xac\x12'\x1d\xcc\xebm\
[<+wk\xb8q\x11\xabb\x197-\xa2\x17\xf3\
py\xfd\xbf\x8b\xe29\xa8\xd6_!\x01B\x9d\x8d\x94\
\xab\x97\xacx_\x0d\xf2\xfd \xd2\xe8q\x93n\xf6\xf9\
~D\x9b\xe8\x01\xf0\xd7}\xfb}\x7f\xf6\x97\xff\xbdm\
\x93t\xceD\xb3\xc2\x89\x00\x90U%;q\xdf3\xb3\
e\xa2b\x0cs\x8a\x0bB\x9b\xa0\x97\xc7G\x97:\xd7\
h\x15:g\xe3<\x85\xd9aiM\xb5V\x17\xcb|\
\xe2\x02$\xc3u-3ArE\xd4\xb5g7\x0c\xb6\
+\xbb\x0a\x10\xe9\xda3\x8f<)\x93M\xb4\xae\xbbt\
SE|U\x9b=\x9bp\xf4hh\x07\xb7D\x07\x08\
\x80\xc3c\x1c\x1f~\xba}\xef\x01\xd9\xf6\x16\x9cO\xf4\
\x14\xe6\x10\xad\xa8b\xb2\xd8]\xf3\x19p\x85\xde\xc9\x99\
l*k\xb1n\xa6s\xa7\xde\xf2\xf1*',@\xac\
\x99\xae\x07\xc1 \xa1#\x09G\xb73\xf5?\xcf\xe2\xd0\
\xc1C\x12Y\xe9\x99\xb4\xc4\x84B\x06\x87\x04\x8aP<\
\xbf\xc1J\xd1\xd3\x96\xbf\x8eX\xbf\x83\xd0k\xb8\xa5U\
d\xf6g^\xf0\x1b\xd3SR\xdeQ\xf4\x0a\xe48\xce\
\x93\x92\xce-\x999yO\xf0\xb8\xadY\xce\xeb\xc1\xd9\
{J\x93\xd4\xda\xc9\xe6\x0b9GV\x0e\xbb\xb6\xef\xf4\
1\xdb+\xcb\x94\xe5{\xdc\xd9#\xe25\xd1\xf5\xd6+\
2@^\x06\xc3\xc4\xc0\x81\x85#kS{\xb4\x8bd\
\xe2\x92y:\x81c\xcf.\xcd\xae\x0f\xa7\xbb\x18I;\
\xc1\x0a\x8b\xf5K:E\x8cz\xf9!\xdfc\x9f\xb6\xc4\
\x90\x9bj6;}\xdb\xdba\xce!\xcc\xcb\x8a\x14\x0a\
~\xecq;\xfe\x11\xf8\xef\xb6\xe1\xb9uq\xd2\xb4\x8e\
\x03\xb2\xd8\xdcJ\xbc\x02\x7f\xfd\xf5\x17\x16\x7f\xbaH\x85\
\x93\x97;=\xee\x9c\xb0n\xbd\xda\x06\x14\x9b\x5c\x22\x03\
d\x1e\x18$\x04\xc6\xa1\x8c\xfdH\x1cdE\xfb\xde\xb4\
w@J\x88\xf4\xeb^VZ\x8aOg\xcd\xc3\xba\xef\
\xf5\xd3\xc1\x8a\x04\x10\x1a\xff\x0dW\xf5\xc4\xd8\x0c\x0da\
\xb39^MM5K>F\xd6L\x97\xec\x03\xe5\x93\
)3\x8d\xf2\xf2\xd2]\x7f\xcb\x97u2\x81=\x1f,\
\xefp\xbe7\xe4\xbb#\xbbX\xe1\x98\xe5)tHc\
\x5c\xc7f\x9e\xeb\xaeE\x5c\x80(0\x9d\x84\x03\x08I\
a\xf9\x17KU\xddm\xc9\xba\xb7\xefe\xfd\x91~\x96\
\xd4|\x83\xe8E\xe9F\x8a\x96\xffP\xa9f\xad\x9aH\
MO\xf3m\x19\x1a7i\x8cF\xe5\x7fj\xd5\xaa\xa5\
[\x01\xa1\xb6XJ\x95FLu\x9c\xbd\x00\x00\x0e\x08\
IDATb\x8bE\xe5\xa7>\x90\x05[\xb9]\x95\
b'\x19\x0aS\xcdrRj\xdb\xf0\xdc\xea\xfc\xa4i\
\x1b\x80\xd0\xc4\xba\x0a\x95j\xf9P\x10\x03\xff'\xef\xc9\
H\xabwx\xdc\x0e\x95@\x89Q\x8bXW\x05\xc2\x02\
D\x89mQ\x0b@H\x0a\xf9\xef\xfe\xcfG\x1f\xaa\x94\
\xe8F\xcb\xd2\xd9\xe6cw\xa7(Pj\xcc'\x92m\
D\x97\x8e\xe8\xd1\xbb\x97\x8f\x95#^)\xd6[,\x7f\
?\xdb\xb74\xe3\x95\xc9\xf237\xfd\xce\x81\x8f\xd2R\
\xcc\xaa\xaf\xaf\x1d\xb3\xf2\x86y9\x9f\x11\xe9\x98\xaf\xba\
:CS\xc8\xbb\xa7\xf3\xfe\x83\x13'NH\xaa\x17\xed\
\xb0..@\xecy\xcfr\xf0\x7f\x06JO+@\x8e\
\x1c>\xe2##\x8b\xe4\x80\xad4\x09\x08\x10\xbd/\xec\
\x83\xf6\xb6\xd8\x91T\xfb\xdb\xf9\xf3\xc0\x9f\xbe+c\x8a\
\x9f~\xf4\xe81\xfc\xbc\xedG\x19\xa8#\xf5(\xfc\xf5\
\xc0a<\xfa\xc6g\xb2\xa1\x8c\x1e\xd2\xc3g[%I\
\xdc;)55\xf5\xa5p\x93\xdf\x9a\x95\xf7&8\x1f\
\x1b._\xe0\xefZo\x0e\x89\xd0\x8f\x88\xfd\x02\x93\x17\
\xe8\xb9\xd1\xedP\x0c\x1a\x12I\x1fb\x95WX\x80(\
\x119\x5ci\xbfJ3\x89\x1b\xc5\xff\xfb\xf2\xb3%\xd8\
\xb0f\xbd\xaa\xac\xc8\xc6\xab\xacT9\x0aq\xac\xd8\xe5\
\x03\x1b\xdfX\x5c\x82\x1f\xb7\xfc\xe0#q\x08E.\xe1\
/\xa3'\xc2\xd4\xa3o,\xc2\xa2\x15\xf2\xd5\xf3\x85\x7f\
e\xa1c\x9bS&\xec\xe0\xde\x81\xa9\xa9\xa9\x9a\xe2\x0d\
\xb6\x19\x9cS\xbfz\x8d$\xda{\x9a\xb5N\xba\xc1\x99\
C\xc2F\x17>r\xf80\x9e\x7f\xe2\x19Y\x95\x7f\x9d\
hXs\xeb\xbc;\xa5\xcb\x8a\xd6\x86\xe3\x90OX\x80\
(-\xef=\xce\xef\x85+\xae\x8a,\xf0\xd0\xeaoW\
\xf9\x80B\xec\x22Z\xd3\x8d\xb7\x8eG\xfaY\xe1\x9d\xb4\
\xb4\xd4G[\x08\xea\x83g]\xb1\xaa+\xaeZ=z\
\x00r\xf0\xc8q\x8c\x9e\xf2\x01\x0e\x1e\x91\xce\xb1\xb6g\
7\xc5\xb4)\xc3\xbf\xe7\xc9IcS\x1b7\x8e\xc8\xbc\
C\xcd>N\xad\xdfD:N\xe4\xe3\xa1\xd2\xf7+\xbe\
\xc3\xfc\xd9\x92\x98Id\xf7\xb4\xaa\xd8\xed\x88\x9e\xd2_\
\x8bb4\xe6\x11\x16 \x96\xac\xdc\x8e\x8c\x9b$\x9f\x7f\
\xa2\x02\x1d}s\xe4Q\xa7\xf6\xff\xb2\x0f\x14\xb6Y-\
\x10N\xa0\xac\xee\x9er\xbf$*\xadF9*f#\
f\x13\x0a\xc0\xb3g\x97\xec\xe9@S\xb5z\x00B\x15\
/Z\xb1Yq\xab\xd5\xa0n\xcd\xe7\xbe~\xef_w\
ij\x5cc\xa6\x8eYy\x16/\xe7\xb2x\x82D5\
J\x94\xa3J\x89>V\xd3_}S\xc9\x03\xf3m\x8f\
\xdb\x11\xd1vNc7ug\x13\x16 \xbe[\x94R\
\xd3\x9f\xe0\xa8\xe9\x1f\x1d\xb9\xd2\x921`$~\x16\x81\
\x92\xd9\xbbk\x0f<\x1b\x8a\xf1\xdd\xf2oA\xd1\xa7\x82\
\x131\x9f\xb4\xb3\xb4\xd7-\xcc\xc0\x82\xa1\x1c\xa9\xb46\
\xa0\x17 T\xbf\xdaV\x0b\x1c}=\x85\x8e\x98\x9a\xb0\
[\xed\xce\x15\x00\x0b:\xe4\x00J[-b\xbc\x5c<\
\xff3\xc5\xd0x`l\x9c\xa7@,\x93\x13a\x01B\
J\xb6\xda\xf3V\x01>S\xe9\xd3\xe9\xb2+\xaf@\xaf\
\x0bzk\x9dc\xb2|\x149\x8a\x22\xcb\x06\xa7!\xc3\
2\xd0\xb9{\x17\xdd\xf5\xea\x01\x07\x85\x05\xa0\x18~\xf4\
\xcaL\xab\xdc\x8e\x9f\xb6K\xda\x8f\x06 \xfb\x0f\x1c\xd9\
?z\xf2\x07uO\x9c,\x0d\xba\x83fk<\xee\xec\
\xe8H\x8f\x83\xa4d\xb1;G30ER\xb2\xba\xf5\
\xea!\xed\xac4\x1f\xad+\xc5\x8b$\xc2j\x954\xc3\
\xe3v(_\xb7\xc5D+\xfa*\x11\x1a 6\xbb\xeb\
\xdf\x1c\xf8W\xe0\xd0\xe8l@g\x04\xbd\x89\xd8\xc4\x83\
\x95d\xedlC\xe6\x88az\xab\x94\x94\x0b\xb7r\x10\
\xcbJ\xb7^\xdd\xd1\xba]\x1b\x1f0\xfc)\x86\xc6\x8a\
\xc7\xc10\xb5\xec\xe4\xc9\xa9\x97M\x9av\x91\xa2\x09\x08\
\xc7\x13\x9eB\xc7C1\x19py%6{\xde|\x0e\
\xae\xcf\x16\x8b\xe1\xb8\xa7\xc0\x11\xfdcR,\x07T^\
\x97\xd0\x00\xb1\x0c\xcb\xed\xce\xbc&\xd9\x95\xdf\xb0\x91\xc3\
u]\xbd*\xc5\xa2\xa8Y\xab\x16F\xddt\x83\x8f\x16\
4\xda\xb4m\xd3\x16|\xfc\xae2osRR\x12\xfa\
]1@\x95\x90;z\x80\xf0\xad\x1c\x98\xc7\x92\x93_\
\x0f<\x84[3\xf3\xde\x03\xe3\xd7\x07\x8f\xcd\xcb\xd0o\
c\x81\xe3\x8bh\xc7\x1cX\xde\x9a\xe9\xfa\x19\x0c\x91?\
\xf4q\x9c\xef)t\xac\x88e_bU\x97\xd0\x00\xa1\
A\xda\xb2\x5c39\x87\xe4J\xa4U\x9bsq\xed\x8d\
2\x9d\x87\x95\xc9\xe2\xf9\x8b\xf0\xcdW_K\xf2\xf5\xec\
s\x1e\xc8E6\xda\xe4\xf5z\xf1\xde\xeb\xef\xf8\x0c\xf2\
\x82SZ\xb34\x5c6d Z\xb4T\x9f;\xfa\x00\
R\x0e\x8a\xa4\xa4\xa2\xd4&M\x14\xafm\xdb\x0f\xcdk\
\x95\x94\xc4\xc9\xe9\x5c\xc2\x16\xc3\x18[W\x5c\x90\x1d\x9b\
=e\xc0\x80\xad\x99\xae;\xc1\xf0\x9cFy\xce>^\
\xad\xfa\xe8\x1f\xf2\x1f\xfcSc\xfe\x0a\xcf&<@\xd4\
\xe8\xf4\x07e\x0e\xf1mU\x22IJ\xd6\xbe#n\x18\
\xe9\xdb\xeeD\x9b\xd4\xb6Vd\xdeB/\xcbu\xea\xd6\
\x0d\xd9D8\x80p\x8e\xbf\x18c\xbb\xc1\xbd{\x183\
}^V\x86\xc2\xf4\xf4\xa6r*\x13\x85V\xacv\x17\
\xf1Z\xc9\xc2\x991\xce\x9f,.\xcc\x91la\xa3\x95\
\x03\x95\xb7\xda\x9d\x97r\xc0\xc5\xc0:\x03P\x1a\xf86\
p\xe4\xc7z\x9b\x17\x8b\xbe\x07\xd7!<@N\x09<\
o\x05\xc0%\xb7$d\x0b5z\xc2X\xd4\xaeS[\
\x93\x5c\x94\xa8I\x93\xab%\xe3\xfe\x9c\xe8\xb7\xe2\x87\x0f\
\x1d\xf6EJ:|HjjOdq\xa3n\x1e\x03\
-\xb6ZJ\x00IN2\x1d^\xf0\xe2M\x17\x94\xd6\
\xae\xbd\xbby\xfd\xfa\xfa\x9c\x91\xca\xa5\xa3\xb6\xd5b^\
>\xa0xV\x8er\xac\x08M\x92U\xcf\xd4\xaf_n\
\xf2\xbe\xfa&\xe2\xe2%N\xde\x14\x06\xbe\xbe\x94{\xd7\
o\x9a\xe5\x8c\xdcT:\xca\xbe\xe8-\x9e\x10\x00\xb1d\
\xban`\x0c\xef\x04\x0f\x92\xe8E\xc9\xa4ZK\xa27\
\x90\x19A\xf1\xd2\xf5n\xd5\x82\xdbS[=2\x86\xdb\
a\xeb\xa2\xcd\xfbT\xc5\x16\xeb\x80\xc7\xed\x88\xdc\xc1]\
A \x9d\x86\xe6v(K2-\x0b\xdej\x81\xa3\xd8\
S\xe8\x88>\x9c\xb0\x16%$`\x9e\x84\x00\xc8\xa9U\
\xc4\xb5\x08\xc0\xa5zA\xa2\xe4C\x1e\x8b\xdb+Z=\
\x16\x14\xcd\x93\x849\xa0>\xd2y\x83V\x0f\xad)\xde\
\x00\xa1~X\xecy\xe3\x19\xb8BP@1B.k\
\x95UE\xe6K\x18\x80X2\x9dY\x8c\xb1\x99J\xc2\
\xd1b^\xbdr\xf9\x0a,\x9a+=\xc7\xea1]\x09\
\xa5\x1czcY\xf3\xddj\x9f\xb3\x95V\x8bV\x7f}\
\x15\x01\x10\xdf\x87F\xe5V\x8b1\xe4x9\x88\xa0\xba\
\x1b8z3\xe6c\xbcY\xc5\x80\xb5\xe0(1\x95\x1e\
\x9d\xb7~\xce\x13\xea\xe4\xc3\x159k+\xb0\xad\x84\x01\
\x88\xef\x0b\x98\x95\xf74\xe3\xfcn%\xf9\xb4\xe9\xd0\x16\
\x832\x86\xa0^\xfdz\x8a\xe2S\xda\x06i\x01VE\
\xe9b\xc5\xd2\xaf\xf1\xf9\xa7\xb4HJR\xcc\xb6X\xfe\
ZmY\xae.\x9c\xe3s\xd9V+\xfc@K\x18x\
v\xb1;'b\xf3\xf7\xf0U\x8b\x9b#\xa1\x00R\xbe\
\xd5\xfa\x04\x80\xe2\xc1\x83^m/\x1e\xd0W\xd1\x92T\
\xe9\x05\xbds\xf7\xae\x182L\x12}\xba\xd24\xf5\xe5\
\xa2/\xb0l\xc9\x97\xd2\xf6\x19\xf6z\x0a\x1crr\xde\
({i\xcbt\xdd\xc6\x19\xe4\xe1\x7f5\xd4\xcb\xc0_\
.v\xe7\xdc\xa6!\xeb\x19\x91%\xe1\x00rj/\xed\
Z\xcc\x80~j\x1a\xf0\xbfVS\xf0\x1c\x7fR\xf2`\
\x8b$\xfeH\xbc\xb5\xbdh\xce|\xac\x94\xd3\x98\xfe\xec\
q;\xce\x89G\xdbV{\xdeg\x00\xd7I\x9b\xcf\x1f\
\xf7\xb8s\x1e\x8eG\xbfD\xab3!\x01BB\xb4\xd9\
\x9d/q\xb0\x90\xb4\xefu\xeb\xd5\xf5\xb9\xc8R|\x91\
:u\xeab\xfe\xec\xb9\x12\xf9\x93\xa9\xc7\xed\xf7K|\
\xb2*M?\xe4\xf2K\x17\x09\xd2\xc47{\xdc9\xb1\
\xb1\x9e\x0c\xa88*\x0e\xab\xf2z\x92\x92\xbc\x96\xf53\
r\xff\x0e\xc0Xi\x92\x8bo\xc3\x09\x0b\x10\xdfv+\
\xcb5\x11\x1cQ\x05\x9c\x1f\x7f\xfb\x04\xa4\xa4EF\x8f\
\x13\x0f\x95<\xff\xf8\xd38r\xe4\x88\xa4j\xce\xf9\xba\
\x92\xc2\x9c\xd8\xbfv\xdb]D\xd2&\xf3\x1b ;\xb7\
\x1e\xe7\xf7<\x1d\xe4\x87\xde\x8e\xd6}\xbfVN\xae@\
\xbdd\xf8\xc4S\xe0\xd0G#\x19\x0f\x01\xc6\xa9\xce\x84\
\x06\x88\x0f$\x19\xce\xebab\xff\x01\xa0\xcb\xc3I\x84\
m\x16\xc5u/\xf8\x9f\xc2\xd9\x97\xf3/=\x859\x97\
\xc4R\xf7j~\xe6\xa1.,\xd4\xdey\xb8\x17#K\
f9\x94\x8d\xcfb\xd9\xe9J\xac+\xe1\x01\xe2;\x93\
\x0c{4\x9dyKo\x01\x18\x05\xdf\x89\x08(dD\
x\xd7\xe4\xfb*%l\x9b_\xefj$\x13\xd1\xb0\xab\
\xab\xcd)[\xa6\xf3\x11\xce\xd8\xe4\xc0\xdf\xe9\x06p\xf8\
\xa8\xd0\xcc\xf9\xf3\xdcE\xbe+l\xe9\x12\x87W<\x85\
\x0eq\xa3\x1b\xc5\x00Xg\x04@\xfcr8\x05\x14\xef\
\x04\x80\x0f\x06\xa0\xd9i\xa4K\x8f\xae\xb82\xabrn\
\xb3\xb6n\xdc\x82\xfc\xf7\x94?\xc2\xf1\x00\x88\xd5\xee\x22\
g\x98+\x03\xe7\x8e\x16\x1f\xf2=;w\xe3\xedW\xde\
\x08\x06\xc8FO\xa1\xc3\x12\x83y(l\x15g\x14@\
\x02\xa5\xecs\x05\xf5\xf2!\x9ca\x08\x03\x1a\xe0\xef?\
d\xd5*\x19w\xc3\xc6\x0d1\xfe\xf6[*e\x15!\
p\x10H\x94R\x9c\x00BvP\x92\xab\xe3\x89wO\
\xf2q|\x85J\xc7\x8e\x1d\xc3\xb3\x8f>%\xcb\xe2\x85\
\xb7\xd5Fw\xeeO\xc2\xce\xf0(;v\xc6\x02DM\
.\xd6\x8c\xbc\x1c\x98\xb8\x8c\xde\xb2\xfby=00C\
\xf2a\x8dR\xb4\xe1\x8b\x97\xac\xf7\xc0\xfd\x91\xfa\xbb[\
\x9c\x00B\xac\x88\x92m\xe8m\xf7\xdd\x81\x06\x0d\x1b\x86\
\xec\xf0\xf1c\xc7\xf1\xcc\xa3rrp\x94\x96\xb5\xf4\x14\
9\xa5\xae\x90\xe1\x87\x9e09\xaa\x1c@|\x07\xfbL\
g\x09\x18\x93\x91]U\xe4\xcb:Q\x9c\xce\x99)\x0f\
5\x108s\xe2\x04\x10\x0aj\x22\xd9Oj1\x8b!\
/L\xb2X\x0e\xdac\xc5\xe5\x1aZ$\xf4TI\x80\
t\xb0\xbbz\x98\x00y\xe4J\x00\x91X\xe0\xeaU\xe4\
O\xdb~\xc4\x87o)\x92\xa1\x07\x9d\x81\xb1\xa4\xc4\xed\
\xe8\xaf\xb7\x1d\xa5r6\xbb+\x8f\x03S\x02\x7f\xa3 \
CD\xca\x17*\xd1-\x1b\xdd\xb6\x05u\xd08\xa4\xc7\
R9\x22\xd5e\xc9\xca\x9b\xcc8\x7fD\xa9OJ\xac\
\xe4\xb1\xea{\xf1\xba\x0d\x98\xf5q\x81\xa6\xea\xe2\xb1\x82\
\xa8q\x5c\xe9\xb9\xe6\x15\x91\x85D\x93`#\xc8T%\
W\x10\xbf|lv\xd7l\x0e(F\xe4!;-z\
4#\xb3\x95X$2\x8b\xff\xfa\x8b\xa5\xf8\xee\x1be\
'@\x0e\xb6\x9f\x81K\xd8\x0b\xe3\x01\x90NC\x1el\
TV\xad6\xf9\x85\xc8n\x9f(@Q\xd7\x9e\xdd\xd1\
\xb0\xc9)\x17\x94\x03\xbf\xfd\x01\x024YB+\xa4\x9f\
M\xde\xa4\xde\x1bfM\xfe%\x16\xf2\x11\xb5\x8e*\x0d\
\x10\xba\xe9*\xe3\xde\xe9\x0cL\x95\xcd\x8f\xec\xb9h\xe2\
\xe8eZ$`\xac^\xb9\x0akV\xae\x96y\x1c\x06\
N\x0a\xc60\x86s\xa9SX<\x00Bm\xda\xec\xce\
\xab9\x18\x19}\xeaO\x1c\xf7{\x0a\x1d\xf2k-\xfd\
5\x0aY\xb2J\x03\x844\xe2\x0b<\x09\xd3\x9b\x9cc\
H(\x0d\xb5n\xdf\x06\x96\x8eV\xb4n\xd7V\x93\x9b\
/\xed\xd7\x7f\xfa\xe1'l)\xd9\x1c\x12\x18\xbe69\
\xfaz\x997\xc9\x04\x93\xc4\xf55^\x00)\x07IX\
[65y\xc4\xcb\x04FD\x84Ty\x80\x90R\xc8\
w\xfa\x97\x86\xa6\xe7\x18\x10\xd6\x8c\xdb\x94\x94\xe4\xf3\x16\
lqN\x8b\xd3\xfa\xa4\x90mt\x0dz\xea\xcf1\x1f\
A\x1a\xfd[\xb8\xc4\xc1><yb\xdf\xd8\xad\xf3^\
8\xd1\xc1\x9e\xdb\xaf\x22\x01B}\xb3\xda\x9d\x8f\x01,\
R\xa7\xfc\xd9\x1e\xb7##\xdc\xd8\xce\x94\xdf\x0d\x80\x04\
h\xd2\x9a\xe5\x1a\xc79\x9e`\x110\x99\xeb\x9d\x08\x1c\
\xec\xae\x12w\xf6iz\x9c\xca\x00\x08\xf5\xbd\xd3\xd5\xb9\
\x1d\xca\xbc\xa6<\xa5\xb8\xf4\x92- \xb0\x8a\x83g{\
\xdc9R\xc6i\xbd\x02H\x90r\x06@\x82\x14U\xee\
qG\x04\xcf\x91\xb3dkP:c\x98\x0e\xee}\xb1\
\xd8\x9d\xfbm`\xf6\xca\x02\x88\xbf\x0f\x16\x8a*\xcc@\
\x86\x91\xfd\xc0\xe0\x7f#\xfa\x811,\x05\xd8\xd2c\xc9\
\x87?\xfe!\xff\xdf\xc2\xf2Wi\x10\xbd\xae,\x06@\
T\xc4f\xc9\xcc\xbb\x8c1~g\xf0\xa3\x9a.)\x93\
m\x0bC\x01\xe7\xfcE\x8f;G\x1e\xe1\x06@e\x03\
$\x08\xac\xe7TK\x82i\xfd\x8c\xdc\x1f\xf4\x8e\xf7L\
)g\x00$\x8c&m\x19\x8f\xb7\xe1\xa6\xd2\xc1\xe5\x06\
\x90\x17\x02\xf8\x9bP7\xdc,\xe0X\x0c\xc6\x17\x9a\xbc\
\xde\x85\x1bf9\x15\x1f&\xfdU\x88\x04\x90p\xc3\xaa\
J\xbf\x1b\x00\x89@\xdb=zL\xa8v\xbce\xf3\xf3\
\x88\xf5\xc3\x0b\xde\xdc\xc4\xd1\x94\x835\x01P\x06\x8e]\
\x9ca\x17cl\x97\x89c\x97\xe9\xe8\x9f\xcb\xd6-x\
J\xea\x01\x15\xa2-\x03 \x11(\xa2\x02\xb3\x1a\x00\xa9\
@a\x87j\xca\x00\x88 \x8a\x08\xea\x86\x01\x10A\xf4\
b\x00D\x10E\x18\x00\x11S\x11\x04\x10\xa5\x9emt\
\xe7.\x11\xb3\xc7U\xa3W\xc6\x0aR5\xf4l\x8cR\
\xa7\x04\x0c\x80\xe8\x14\x9cQ\xacjH\xc0\x00H\xd5\xd0\
\xb31J\x9d\x120\x00\xa2SpF\xb1\xaa!\x01\x03\
 \x82\xe8\x99\x0e\xe9\x0c\xa6\x9c\xe0\xee\xc4\xda\xa3P\x90\
\xe1&L7\x0c\x80\x08\xa2*\xe3\x9aW\x10E\x18\xd7\
\xbcb*\xc2\x00\x88\x98z1V\x10A\xf4b\x00D\
\x10E\x18+\x88\x98\x8a0\x00\x22\xa6^\x8c\x15D\x10\
\xbd\x18\x00\x11D\x11\xc6\x0a\x22\xa6\x22\x0c\x80\x88\xa9\x17\
c\x05\x11D/\x06@\x04Q\x84\xb1\x82\x88\xa9\x08\x03\
 b\xea\xc5XA\x04\xd1\x8b\x01\x10A\x14a\xac \
b*\xc20w\x17S/\xc6\x0a\x22\xa6^\x8c^\x09\
\x22\x01\x03 \x82(\xc2\xe8\x86\x98\x120\x00\x22\xa6^\
\x8c^\x09\x22\x01\x03 \x82(\xc2\xe8\x86\x98\x120\x00\
\x22\xa6^\x8c^\x09\x22\x01\x03 \x82(\xc2\xe8\x86\x98\
\x120\x00\x22\xa6^\x8c^\x09\x22\x01\x03 \x82(\xc2\
\xe8\x86\x98\x120\x00\x22\xa6^\x8c^\x09\x22\x01\x03 \
\x82(\xc2\xe8\x86\x98\x120\x00\x22\xa6^\x8c^\x09\x22\
\x01\x03 \x82(\xc2\xe8\x86\x98\x120\x00\x22\xa6^\x8c\
^\x09\x22\x01\x03 \x82(\xc2\xe8\x86\x98\x120\x00\x22\
\xa6^\x8c^\x09\x22\x01\x03 \x82(\xc2\xe8\x86\x98\x12\
0\x00\x22\xa6^\x8c^\x09\x22\x01\x03 \x82(\xc2\xe8\
\x86\x98\x120\x00\x22\xa6^\x8c^\x09\x22\x01\x03 \x82\
(\xc2\xe8\x86\x98\x12\xf8?\xf7/\xb6\xc8oy\x9d\xda\
\x00\x00\x00\x00IEND\xaeB`\x82\
\x00\x00$\xd0\
\x89\
PNG\x0d\x0a\x1a\x0a\x00\x00\x00\x0dIHDR\x00\
\x00\x00\xc8\x00\x00\x00\xc8\x08\x06\x00\x00\x00\xadX\xae\x9e\
\x00\x00 \x00IDATx^\xed]\x09x\x13\xd5\
\xf6\xff\xddI[\x16\x05\x846\x09K\x05\x91E\xda\xb2\
hQ\x11\x04\x05D\x90=\x15\xc1\x05\x9e\x22\xcf\xbf\x0b\
(<D\xdc\xa0\xa5\xb4\xa0(*\xb8\xbf\xe7S\xdcW\
\x84\xa6\xac\x82,*\x08\x22\x8a\x084E\x16E(K\
\x92\x16d\xdf\xda\xb9\xff\xef\x16\xf0\xb5\x99\x99$3\x99\
d&\xcd\xbd\xdf\xe7'\xdf\x97s\xce=\xf7w\xe6\xd7\
\x99\xbb\x9dC\xc0\x1bG\x80#\xa0\x88\x00\xe1\xd8p\x04\
8\x02\xca\x08p\x82\xf0\xa7\x83#\xe0\x07\x01N\x10\xfe\
xp\x048A\xf83\xc0\x11\xd0\x86\x00\x7f\x83h\xc3\
\x8dk\xc5\x08\x02\x9c 1\x12h>Lm\x08p\x82\
h\xc3\x8dk\xc5\x08\x02\x9c 1\x12h>Lm\x08\
p\x82h\xc3\x8dk\xc5\x08\x02\x9c 1\x12h>L\
m\x08p\x82h\xc3\x8dk\xc5\x08\x02\x9c 1\x12h\
>Lm\x08p\x82h\xc3\x8dk\xc5\x08\x02\x9c 1\
\x12h>Lm\x08p\x82h\xc3\x8dk\xc5\x08\x02\x9c\
 1\x12h>Lm\x08p\x82h\xc3\x8dk\xc5\x08\
\x02\x9c 1\x12h>Lm\x08p\x82h\xc3\x8dk\
\xc5\x08\x02\x9c 1\x12h>Lm\x08p\x82h\xc3\
\x8dk\xc5\x08\x02\x9c 1\x12h>Lm\x08p\x82\
h\xc3\x8dk\xc5\x08\x02\x9c 1\x12h>Lm\x08\
p\x82h\xc3\x8dk\xc5\x08\x02\x9c 1\x12h>L\
m\x08p\x82h\xc3\x8dk\xc5\x08\x02\x9c 1\x12h\
>Lm\x08p\x82h\xc3\x8dk\xc5\x08\x02\x9c 1\
\x12h3\x0e\xb3M\xdfg\xeb\xd2\x84\xd2\xfa\xa5\xb4\xcc\
\x1eG,nr&\xee\xc0\xe6\x85O\x1d2\x93\xaf\x9c\
 f\x8aF\x0c\xf8\x92\x9a1y(D\xa17\x08\xed\
\x0d\xa0\x9e\xcc\x90K\x00\xcc\xa7 \xab\xe3I\xd9\xfcM\
y\xd9\x1e#a\xe1\x041\x12\xfd\x18\xea;\xcd1y\
\x10\x05\x19\x03\xa0K\xb0\xc3&\xc0\x1f\x22\xc8\xcb\x85\xce\
\xcc\x97\x83\xd5\xd1[\x8e\x13DoD\xb9=\x09\x02\xa9\
\x8e\xc9\xd9\x00\x99\xa4\x15\x1a\x02\xb2\xb4\xc0\x99\xd9K\xab\
~(z\x9c \xa1\xa0\xc7u\x03\x22\x90:0\xf7#\
\x10:4\xa0``\x01\xb7\xcb\x99U?\xb0\x98\xbe\x12\
\x9c \xfa\xe2\xc9\xadU@ \xcd\x91\xbb\x84\x82\xf6\xd4\
\x0d\x14\x82\xef]yY\x9du\xb3\x17\x84!N\x90 \
@\xe2\x22\xea\x11H\xcd\xc8\x99\x0e\x8a\xc7\x944\x9b6\
\xbf\x1c\x0d\x92\x1b\xa2\xf1eM\xc0\xfe\xbdwO\x11\xf6\
\xee.\xc2\xde={\xb1u\x8bK\xb9C\x82g\x5cy\
Y\x13\xd4{\xa4M\x83\x13D\x1bn\x5c\xcb\x0f\x02\xa9\
\x03s\xba\x80\xe0;%\x11\xc7\xed\x83\x90\xd2&U\xd1\
\x82k\xd3\x16\xac\x5c\xb2\x02G\x0e\x1f\x96\x95\xa1 \x19\
\x85\xceLg$\x82\xc0\x09\x12\x09\x94c\xac\x8fTG\
\xce\x97\x00\x06\xf9\x0e\xdb\xde\xc0\x8e\x11\xa3\xee\x0f\x1a\x8d\
U+\xbe\xc5\xea\x15r<#\x1b\x13P\xd6m\xa33\
\xfb\xaf\xa0\x8di\x14\xe4\x04\xd1\x08\x9c\xdej\xad\x07M\
m[VZ\xda\x8c\x08\xc4\x0eJ\xeb\x83\x90\x03T\xa4\
n\x0a\xb2ck~\xd6f\xbd\xfb\x0b\x97\xbd\xd6\x03&\
\xb5\x15\x05\xcb\xafr\xf6\xc7N\x1c\x8f\xea\xd5\xab\xab\xea\
\xfa\xf3\xf7?\xc1\xef\xdbw\xca\xe8\x90\xd1.g\xe6\xab\
\xaa\x8ci\x10\xe6\x04\xd1\x00\x9a^*)\x19S[\x13\
Z\xca\xfe\xa4\xf6\x06Hs?vw\x11\xd0\xe5 \xc2\
\x97\x05y\x99_\xe9\xd5\x7f8\xec\xa4e\xe4\x8e\xa2\x94\
\xbe\xe6k\xfb\xe6\xbe\xbdpu\xc7kUwYR\x5c\
\x82\xf7\xdf|\x07\xa7O\x9f\xf6\xd5]\xecrf\xf5Q\
mP\xa5\x02'\x88J\xc0\xf4\x12O\xcd\xc8\x99\x0a\x0a\
\xb6qv\x91\x1a\x9b\x94\xe2\x03K\x9c\xe5\xc5-s&\
lR\xa3\x17)\xd9\x14G\xceJ\x02t\xad\xd8_\xa2\
5\x09\xf7\x8fyH\xb3\x0by\x9f\xcd\x91\x9d\xb8\xbb\x9c\
Ya\x7f~\xc3\xde\x81fT\xaa\xb0b\xaa#\xf7\x0b\
\x80\x0e\x0ea\x88n\x11\xe2\x1d[\x9d\xd9\xdf\x84`#\
,\xaa\xa9\x8e\x1c\xb6\x04\x95R\xd1x\x9b\xf4v\xe8w\
\xeb\x00\xcd\xfd\xad\x5c\xba\x1c?|\xb7F\xa2/\x88\x96\
\xfa[\xe6Mpk6\x1c\x84\x22'H\x10 \xe9)\
\x92\xea\xc8ag\x8d\xe4\xce \xa9\xefFD\xbak^\
\xd6/\xea\x15\xc3\xa7\x91\xea\xc89\x08\xa0n\xc5\x1ez\
\x0d\xe8\x83\xf4k\xdbk\xeet\xf3/\xbfb\xc1\x9cy\
R\x82X,\xed\xc2\xfd&\xe5\x04\xd1\x1c6\xf5\x8a\xa9\
\x8e\x9c\x1d\x00\x9a\xf9\xd3\x14\x04\x01\xc9M.\xc5\xbe\xa2\
\xbd(=[\x1a\xa8\x93\x13\x96\xb3'\x927/\x9cf\
\x9a\x13\xb0\xa9\x8e\x1c6YH\xa8\xe8\xf8m\xc3nG\
\x8bV-\x03\x8dE\xf1\xf7\x9d\xdbv\xe0\x8b\x0f>\x95\
\x12\x84\x0a\xd7o\xc9\x9f(}\xb5h\xeeI\xaa\xc8\x09\
\xa2#\x98\xfeL\xa5e\xe4\xcc\xa5\x14\x19J2\x9d\xbb\
\xdf\x80\x86\x8d\x1a\xe2\xb2\xe6\x97\xc3b\xb1\x94\x8b]\xd8\
<[\xb7\xfa\x07\x1c;zTIu\x8e\xcb\x99u[\
\x84\x86\x11\xb0\x9bTG\xcen\x00\x97V\x14\xec\xd4\xb5\
3n\xec\xd1-\xa0\xae\x92\xc0\xbaUk\xb1b\xc92\
)A@\x9aoqf\xca-qi\xee\xcbW\x91\x13\
D7(\x95\x0d\xa59&\xdfIA>\x91\x93\xb8\xac\
YS\xdc2\xa0\x0f\xea&*\x7fu\x9d>u\x1a\xf3\
\xbe\xcc\xc3\x8e\xad\xdbe;\xa1\xc0\xd8Bg\xd6\xcc\x08\
\x0c%`\x17)\x8e\xc9\xeb\x09\xc8\xd5\x15\x05\xd9\x18\xef\
\xbcwX@]%\x81\xc5\xf9\x0b\xb1q\xfd\x06\xc9\xcf\
$^\xacU0;\xfb\x98f\xc3A(r\x82\x04\x01\
R\xa8\x22\xa9\x8e\x9c\x1f\x00t\xf0\xb5\xa3v\xf2\xca\xf6\
\x03\xd8\xbe\x80L\xfb\x8b@\xecV\xe0\xcc\xde\x18\xaa\xaf\
\xa1\xea\xa78r^'\xc0\xc8\x8av\x12\xaaU\xc3\x88\
\x91\xf7\xf9\xfd#\xe0\xaf\xdfO\xdf\xfd\x08\xbbv\xfe\xe1\
#Bw\xb8\x9c\x93Z\x84\xeao }N\x90@\x08\
\x85\xf8\xbb\xd2\xb1\x0b\xf6\xc6xp\xec(\xd5\xd6\x95w\
\x97\xe9d\x97sR\xb6j\x83:+\xb4\xce\xc8\xed'\
R:\xdf\xd7l\xb3\x96\xcd1\xe4\xee;U\xf7\xf6\xeb\
\xcf\x1b\xb1(Ob\x0e\x00}\xd5\xe5\x9c4Z\xb5A\
\x95\x0a\x9c *\x00\xdb\xb3gO\x8d\x84\x84\x84\x16\x80\
\xa59,h\x8e2\x9a\x08\xd0\x8bAp1\xc0\xfe\x13\
\xd8\xff\x01\x88\xec\xb5\x7f\x0c\x14\xc7\xa6\xbc\xb3\xbc\xdd\xf2\
\x1f\xb7_\xef\xdb\x0d{X\xd8C\xa3\xb6\x9d={\x16\
\x1f\xbe\xf5\x1e\xdc\xfb\x0f\xf8\xaa\xaes9\xb3\xaeSk\
Oo\xf9\xf6\x83\xa7\xd59y\xf6\xcc\x16\x00\xc9\xbe\xb6\
{\xf4\xe9\x89k:I^\xa4\x8a.\x9c<q\x023\
\x9fyQ\xe1w\xda\xc7\xe5\x9c\xb4Xo\xff}\xedq\
\x82\xf8Ax_qq+A\x14{\x09 \x0e\x0a\xb0\
\xd7y#\xb5\x01y\xf8\xb9<\x14\xec\xac\xfc07L\
n\x84{\x1e\x1c\xa1\xd6\xd4\xdf\xf2\xf3\xbf\xcc\xc7\x96\x8d\
\xd2}B\x12/V+\x98\x9d}F\xb3a\x9d\x14S\
3r\x1e\x03\xc5t9s\xfd\x06\x0d@\x9b\xab\xda\x05\
\xec\x89\x9d\xe8e\x1b\x84r\x8d\x003\x0b\x9cYc\x03\
\x1a\xd1A\x80\x13\xc4\x07D\x8f\xc7s\x0b \xdcx\xfe\
\x1eCz\xa8\x18\x0f\x9d\xf01\xf6y\x8fT2\xc3\x8e\
\x5c\xb0\xa3\x17Z\x9b\xd2g\x96@\x85\xc6[\xf2'\xee\
\xd1jW/\xbd\xb4\xc1\xd9\x09\xf4\xace-@e\xf1\
\xbb\xf2\xeat\xb0\x95\xad:\x97\xd4\x91\xedr\xe9\xfc\xc5\
\xf8y\xddO\x0a\xeeD\xee\xa0\x22s\x80\x13\x04\x80\xc7\
\xe3\xb9\x81\x12K?\x02\xb1\x1f\xa5\x95w\x81C}h\
\xfa<\xf26N\x9e>[\xc9\xcc\x80\xc1\x0e\xa4\xb5k\
\xa3\xd9\xb4\xd2_WA\x14\xae\xd92o\xa2\xd2\x93\xa5\
\xb9?-\x8a\xad\x1c\xd9]\x05\x08+\x95t\xe3\xe2\xe3\
P/\xb1\x1e\xea\xd6\xab\x07k}\x1b\x0e\x95\x1c\xc2\xa1\
\x92\x83\xe5\xff\x9d<yR\xb9K\x8a\xeb\x5c\xf9Y\xeb\
\xb4\xf8\xa4E'f\x09\xb2w\xef\xde\xc6B\x5c\xdc\x08\
\x8b \xf4\xa5\x14\x95\x96%\xb5\x00\xa9\xa4\x13\xab\x04a\
x\x04\x22\x89j\x9c\x09\xfe\xe9\xca\xcb\x9a\xa5Z/\x04\
\x85\x98#\xc8\xbe}\xfbR,\xf1\xd5\xee\x05-\x1b\x01\
\x90\xc4\x10\xb0\x0bJ5\x16?\xb1*\x02\x93\xea\xc8a\
\x17\x9b\x06\x06\x05\x96_!cV\xe9b\x86 ^\xaf\
7]\xa4\xf4\x9f\x00\x181\xd4]J\x08!\xba\xb18\
I\xbf\x00W\xca\xc0\xdc>\x84\xd0\x85!\xc0\xc7\x96s\
\xb7P\xe0\xf9B\xe7\xa4\x0fC\xb3\xa3M\xbb\xca\x13\xa4\
\xa8\xa8$9>^\x1c\x03\x81\x8c\x06\xa5\x95\xce\x08i\
\x83L\x9d\xd6\xfb\xf3\x7f\xc2{\xf3\xd7K\x94\xd8\xce2\
\xdbaV\xdbDQ\xc4\xfb\xff\x9e\x85\x03\xfb\xf6\xfb\xaa\
\x9ab\x99\xd7\xe7\xed\xc1\xb6\xbf\xafR;\xc6ry\x82\
\x02\x88\xf8$\xeed\x8d\x977-\x1d\x7f\x5c\x93\x0d\x1d\
\x94\xaa,A\x0a\x0a\x0a\x12\x92l\xb6\xd1\x04\x18C\xa9\
tM^\x07\xec\x822\xb1i\xfb~\x8c\x99.\xbd>\
]\xbfa\x03\xdc;\xf2\xbe\xa0lT\x14\xfa\xf1\xfb\x1f\
\xb0|\xf1\xd72z\xc6|\x82(\x0d 5#\xe7I\
P<\xeb\xfb;\x01\xbe&\x84\x8c\x11Ao\x86\x88f\
\x84\x10\xbb\x08j\x17@\xdc\x94R7!\xd8\x0e\x1a\xb7\
\xa2 \xffi?\x99\x1bT\xc3\xa6Y\xa1J\x12\xa4|\
U\x0ad\x06\x80\x90\x97i5#[A\xf1\x81\xa9_\
b\xdb\x9f^\x89\xa9\xae=\xbb\xa3\xe3\x0d\x92=D\xc5\
.\x8f\x1f;\x8eW\xa6\xbd$\xf9=!\xde\x22\x0e\xbd\
%\xfd\xfe\xf1\xff\xec\xfd\x8e\x1e\xfe\x86j\xe3\x8a\xfe\xb9\
M\x05\x0b\xddN\x80s\xa7.+4\x02\xa1C\x81s\
\xe2\x8f\xa1\xf6\x11)\xfd*G\x10\x8f\xa7x8E\xf9\
\x95OU7\xf5\xc2\x09\xf8\x82\xef\x5cx\xf1\xa3oe\
\xbb\xb8\xa9\xf7\xcd\xb8\xf6\xfa\xc0\x1b\xe0\xeb\xd7\xac\xc3\xb2\
EKem\x0c\xef\x7f\x0d\xee\xe9\x7f\xf5q\x02\xf2\xb0\
\xcd\x96\xf4^8\xc7\x12\x8c\xedTG\xce\xc7\x00\xee\x92\
\x91}\xc9\xe5\xcc\x1a\x17\x8c\x0d\xb3\xc8T)\x82\xb8\xbd\
\xde\x1cPd\x9a\x05\xdc\x8a~(\xbdE\x98\xcc\xa5M\
\x1a\xa3C\x97\x8e\xb07\xa8\x8f\xdauj\xff\xad\xc6\x8e\
Z\xb0;\xd9\xdf\xaf\x5c\xa5\x90\xb8\x00h\xd18\x09\xaf\
>\x9e\x81j\x09q\xe7\xf4\x08r\xedVk\x96Q\x18\
\xa4fL\x1e\x08J\xe4R\xf2\x14\x1d\x89?\xd4\xb2h\
\xf6\x0c?\x9b\x1cFy\xad\xdco\x95 \x08\xa5\xb4\xba\
\xa7\xb8\xf8mP\xe8\x91\xe22,Q\xda\xf8\xdb>\x8c\
}1?\xa0\xed\x8b.\xbe\x08\xec\x0e7\xdb0;z\
D\xf1\x0e\xc8\xdfv^\x7f\xeaV\xa46\xb5\xfb~\xc7\
|lKJ\xba\x8f\x10r*`\x87:\x0b\xa4:r\
7\x03\xb4\xb5\xe4\xd3\x8a\xd0\xe1\x05y\x93\xde\xd7\xb9\xbb\
\xb0\x9b\x8bz\x82x\xbd\xde\x06\x22%s\x00\xda1\xec\
h\x85\xd8A\xb0$\x09\xb6\x9b\x94\xa66\xbc\xf1\x94$\
\xfd\xd4yu\xb2V t\x90\xd5j\x95,w\x05k\
_\xad\x5c\x9a#7\x93\x82\xe6\xc8\xe8-r9\xb3\xfa\
\xaa\xb5g\x06\xf9\xa8&HqqqJ\x99H\xd9q\
\x06\x9f?\xa1f\x80V\xde\x07\xef\xa1\xe3x\xee\xbd\x15\
\xf8\xb9\xb0H\x17'G\x0d\xb9\x1e\xb7\xf5h\xabd\xcb\
m\x11H\xb7\xa4\xa4\xa4B]:\xf3c\xe4\x8a\x01\xb9\
WX\x04\xbaUV\xc4\x84w\xe7\x83\xc5#j\x09\xe2\
v\xbb;\x81\x08\xdf\x07;P3\xc9\x95\x96\x89\xb8\xeb\
\xe9\x8f\xc0\xc8\xa2G{\xf5\x89\x0c\xb4n\xe6'\xf19\
\x15\xaf\xb7\xdb\xeda\xbd\xbb\x9d\x9a\x913\x1b\x14\xd2\xab\
\xbf\x14\xd3\x5c\xf9YO\xe91N#lD%AJ\
JJRK\xcb\xc4\x02#\x00\xd3\xa3\xcf\xad\xbb<x\
\xe8\x19\xf9\xa3\xdcJ\xf6{th\x81\x03%G\xb1e\
\x87\xe4\x1e\x08.o\x94\x88\xb7&\xde\x06\x8bEPt\
/\xce\x22\xa4%&&\x86eo!5c\xf2`P\
\xf2\x85L\xe7\xbf\xa7\xc5\xb7j9{\xf6\x902=p\
3\xc2F\xd4\x11$\xda\xc9\xc1\x82\xfc\xf2\xa7\xab\xe0\x5c\
\xc9\xee\x14Un7]\xdb\x02\x22\xa58t\xe4\x04\xea\
\xd6\xae\x89\xba\xb5k\xa0i\x83z\xb8\xa1\xfd\xe5\xa8}\
Qu\xfcu\xf4$\xee\x9f\xf2%\xbc\x87\xa4\xd7\xb0\xfb\
vN\xc1cwW\xca\xd7&\xb1\x1f.\x92\xa4:&\
\xff\x06\x10I\xda\x12\x02zW\x81s\x924\x1d\x89\x11\
O\xba\xc6>\xa3\x8a \x8c\x1cee\xe2Z\x0a\xfco\
-T\xe3\xc0\x8dR;[Z\x86\x81c\xdf\x95\x1c\x81\
Oo\xd5\x08/>\x1a8\xb9\xda\xdaM\x7f\xe2\xe9\xd7\
\x16\xc9\xba?\xee\x1f7\xa2_\x17\xe5\xac\xe9\x048b\
\xb1\x08\x1d\xf5|\x93\xa49rr)0Q\xc6!\xa7\
\xcb\x99\xa5\x98\xc5\xc5(\xfc\xd5\xf6\x1b5\x04)\x7fs\
\x88\xf4\x0bP\x9a\xa6v\x90f\x92_\xb8\xaa\x10/|\
(M\x88\xf8\xd4\xbd\xdd\xd1\xb3\xe3\x15A\xb9\xfa\xee\xbc\
\xf5\xf8`\x81\xf4\xda\x87 \x10\xbc5q0\x9a%\xfb\
9\xa4LHA\x9c@\x86\xe8A\x92s\xb9\x85\xcb\xe4\
\x13k[\xd0\xda5'+j?\x83/\x04\x22j\x08\
\xe2\xf1x\x17P *\x97\x0a+>\xf5\xa3\x9fwb\
\xf3\x8e\xca+\xaf\xec\xf3)\x7f\xc6\xbdA\x91\xe3\x82\xd0\
\xe3//\xc0\xfa\x02\xe9\xe5\xc1\xd4\xcb\xedx\xfd\xc9[\
\xfd\xda\x22\xc0B\x9b\xcd\xdaOU\x872\xc2JG\xd9\
)hn\xa1s\x92a\x9b\x95\xa1\x8e\xab\xa2~T\x10\
\xc4\xed\xf6f\x82@n}]O,\xc2nKir\
>\xf8\xe6v\x189\xb8\x93\xaa\xfe\xf7\x17\x1f\xc1\x03S\
\xbe\xc4\xd1\x13\x92\xac\xe7\x18tS[<|{\x803\
^\x14Yv\xbb5WU\xa7\x15\x84\xd3\x06\xe6\xdcE\
\x09\xd8\x91\x92J\x8d\x00\xbf\x158\xb3Zi\xb5k6\
=\xd3\x13\xc4]Rr3\xcaD\xf9CHfC3\
\x80?J\x93\xf3\xb7\xb3\x86\xf8\xff,R\xb0\xbbr\xfd\
\x0e\xe4\xfcW\xeed/0\xf1\xbe\x1e`\x93~\xbf\xcd\
\x22\xf4\xb4'&\xca\x1b\xf0\xa3\xd8\xb5kv\x9c\xf7\x12\
a\x1b\x05$\xe7\xf5\x09%\x83\x0b\xf23Y\x01\x9d*\
\xd1LM\x90\x92\x92\x92\xdae\xa2\xb8\x8cR\x5c\x13\xed\
h\x97\x96\x8a\x18\xf0\xe8,\x9c<U\xf9~\xfaU\xad\
\x1a\xe1\xa5 &\xe7J\xe3\x7fc\xf6\x1a\xcc\xfeZZ\
\xaf\xa6f\xf5\x84\xf2\xa5\xdfF6\xf9\xc4\x08\xcc\x1e!\
Xo\x11\x84\x1e\x89\x89\x89\x95\xb3J\x04\x00;%c\
\xf24B\xc9\x13R12\xdb\xe5\xcc\x1c\x12\xed\xb1\x8a\
\x9aO,\xb7\xb7\xe4yPq|U\x00\x5cir\xfe\
\xe4\xbd\xdd\xd1+\xc8\xc9\xb9\x12\x0e\xa3\x9f\xcf\xc3f\x99\
\xfd\x91\xf6)\xc9xal\x7f\xff\xf0\x11a\xba\xdd\x9a\
\xf8x\xb0\x18\xa7\xdc\x9a\x9dND\xe1g9y\x91\x88\
Wl\xcd\xcb\xde\x16\xac\xadh\x903\xed\x1b\xe4\xfc\x9d\
\x0e\xf93\xe2\xd1\x80\xac\x8f\x8fzM\xce\xe5\x86\xfe\xc7\
\xde\x83\xb8\x7f\xcal\xb0\x1dz\xdf6\xacO:\xfe\xe9\
\xf0\x9f\xac\x8d\x80\xdeh\xb3\xd9\x14\x8bnV\xb4\x99\xea\
\xc8ak\xcc\xbd}\xfb\xa1@f\xa13kJ\x14\x86\
\xc6\xaf\xcb\xa6%\x88\xdb\xe3Y\x04\x10I \xa21\x00\
\xbf\xed\xf2\xe0A\x99\x9d\xf3\xc1=\xdaa\xe4\x10u\x93\
s\xa5\xf1/Z]\x88\xe9\x1f\xc8\xd7\xd3\x992\xaa7\
\xaeow\x99\x1f\xe8\xe8b\xbb\xcd\x16\xb0\x9cY\x9a#\
g8\x05\xde\xf55D\x80\xcd\x05\xce,\xc5\x03a\xd1\
\x18\xb3\x0b>\x9b\x92 n\xb7{$\x88\xf0z4\x03\
[\xd1\xf7W>]\x85<\x99\x9d\xf3\xb73\x87\xa0\xd9\
\xa5\xfa%Vy\xe9\xa3o1\xff;\xe9i\x92\xc4:\
5\xcb\xf7G\xea\xd5\xa9\xa9\x0c)\x15G\xd9\xed\xf67\
\x94\x04\xda\xf7\xcf\xaeyJ\x10\xb6Q\x22\xcd.I\x04\
2\xb0`n\xa6\xb4\xc2M\x15\x08\xa0\xe9\x08\xe2\xf1x\
\xeaSB\xd6\x81\xa2q\x15\xc0\xb7\xfc\xb3g\xe0\xd8Y\
8\xa1\xf3\xe4\x5c\x0e\x1bJi\xf9Q\x94\x1d{\x8a%\
?w\xbe\xb2)rG\xde\xa2\x0c)\xc1nBi\x07\
\x9b\xcd&=\xec\xc5j\xaa\x0d\x9c\xfc\x12!D\x9a\xee\
\x93\x90\x8f]y\x99\xdak\x1b\x98<\xc8f$\xc8\xd3\
E\x9e#S\xd7\xbb\xf6`\x8f\xfb/\x1c:r\xb2\xd2\
\xd9\xa4d[\x1d\x5cuE#\x5c\xd6P\x9f*f\xe1\
\x8e\xcf\xc2\xd5\x85xA\xe6\xd3G\x8f\xc9\xb9\x9c\xef\xae\
\xdf\xdd\x185m\xae\xec\xb0\xee\xcb\xe8\x80\xa1\xbd\x95\xaf\
\xe9\x13\xd0\x096\x9b\xed\x19_\xe5\xd4\x819\x1d@\xc0\
J8\xf8\xb6\xd2\xb22\xd2\xf2\xb7\xf9\x99\xbe\xb5\x09\xc2\
\x0dk\xc4\xec\x9b\x8a \x1d\x87M\x7f\xc0V\xef\xe2\x99\
\xdbw{\x03\xe6\xadb\x04\xe9qm\x0b\x0c\xba\xa9\x0d\
\xaaW\x8b\x8f\x18`j;\x1a=\xdd\x89\xcd\xdb}w\
\xce\xab!\x7f\x86\xf6\xe4\xd5\x81|\x98\xbbb3^\xfd\
l\xb5\xac\xd8\x8bc\xfb#=E\x92x\xfd\xbc,\xdd\
y\xe4\xf0\xe1\xf4\x16-ZTZ\xf6Mu\xe4~\x0d\
\xd0\x1e\x92\xb9\x07\xa5O\x16\xe4Oz.\x90?\xd1\xfc\
\xbb)\x08\xd2z\xe0\x94N\x22D\xb6[\xee\xe7\x1b@\
\x1e\xe6\xa6\x8d\xea\xe1\xce^W\xe1\xe6\xeb\xb4\xd7\xc0\x0b\
W\x00\x95&\xe7\xec\x82\x13\xbb\xe8\x14\xce6\xf5\x9de\
X\xb6NZ\x91\x8a\xed\x8b\xb0\xf9H\xcd\xea\xf1\xe5o\
\xe6\x9f\x5cE\xd8YT\x82\x83GN\x94\xbf\xad\x8b\xff\
:\xbei\xd7\xde\x83k@\xa8[\x04\x99o!$\x9d\
R\xfa\x96\xd4W\xba\xc1\xe5\x9c\xa4\xbd2g8\x07\xaf\
\xa3m\xc3\x09r>\x7f+\xab\x90r\xbe\xb6\x86\xb6\xd1\
\x9d\xcf\xec\xa1M9LZ\xaf|\xba\x1ay+\xa5g\
\xf9\xfe\x9b9\x18\xcd/M\x0aS\xaf\xe7\xcc\xb29\x0f\
[\xfa\xdd\xeb9,\xe9'=\xa5\x11\xaa'\xc4c\xcd\
\xaf\xbb\x82\xf1\x81U\x12=\x9f\x11\xa2\xa2xd\xeas\
\x04\xe3`8e\x0c%H\xda\xc0gR))\xd5\xed\
\xc4\xe7\xe3\xf7tC\xef\xeb\xcdq\x0c\xe8\xdc\xe4\xfc]\
\x9c8U\xb9\x5c\x07\x9b?\xbd4.\xf0\xb1v=\x82\
\xbe\xa1\xb0\x08\xe3f\xc8Ug\x0a\xd9\xfa{.g\x96\
\xba\xd3\x95!wi\x8c\x01\xc3\x08\x12\x88\x1c\xf1\xf1\xf1\
\xa8\x97\x94\x88Dkb\xf9\xff\x83M\x8f/\x9b\xe5\xc3\
\x00l\x95\xf6%\x9e\x1c\xde\x1d\xbd:\x05w\xac]\x0f\
\xb7?^\xbc\x01o\xe7\xe9Y-\x80\x9c--%M\
\xb7-\x98\xb8W\x0f\xff\xccn\xc3\x10\x82\x04*\xb0\xd2\
\xb4\xf9\xe5\xe8\xd9\xbfwy\xfd\x08\xb9\xe6\xaf\xc0\x0a\xfb\
t\x991n\x00.\xaeY\xcdP\xecY\xbaQ\x96v\
\xb4b\xabuQ5\xcc\x0b\xe3\xe4\x5ci\xc0\x13\xdf\xf8\
\x0a\xdfo\xd4s\xa1\x89\x8cv93_5\x14\xe0\x08\
un\x08A\xfc\x95\xe8b\xa98YJ\xce@\xcd_\
\x89\xae\xdbnj\x8bQ\x81\x8e{\x07\xea \x84\xdf\x7f\
\xfb\xd3\x8b\x07\xa7J\x0f\xb4Fbr.\xe7\xf6\xf0I\
\x9f\xe1\xcf\xfd\x87\x14G$\x08\x02\xec\x0d\xeb#\xb9\xf1\
\xa5\xe5\xf5\xd8\xf7\x15\xed\xc3\xe1C\x7f\xf9G\x80\xd0!\
\xae\xbcI\xb3C\x80)*T#N\x906}\x9f\xad\
[\x16\x7f\x96\x15\xd8\x93\xac5f\xdc1\x08\xadZ+\
_\x19\xf5E\xd4_\x91\xc7i\xa3\xfb\xa2Ckc\xf6\
\x1a_\xf9l5\xf2V\x1839\xf7\xc5\x88\xed\xc1\xb0\
\xbd\x18\xb9\x96d\xb3\xa2\xeb\xcd\xddqi\xd3\xc6\xa8^\
\xbd\xf2\xcaz\xb1\xc7\x0b\x96\xeet\xe3O\xbf(?\xc8\
\x11\xae\xf6d\x04\xa3\x22N\x90\x94\x81\x93o'\x84|\
\xe6;\xd8\xf6\xd7]\x83\x9e\xfdT\xaf\xf2B\xa9L\xf0\
\xad\xdd\xdb\xe0\x91;:G\x1c\xd3\xb22\x11\x03d&\
\xe7W^\xd1\xa8\xfc\xd3/\x92m\xc3\xd6\xbd\x18\xf7\x92\
\xfc\x09\x90v\xed\xafB\x9f\x8c\xc0\x97\x0a7\xff\xf2+\
\x16\xcc\x91\xb7AA>-tf\xca\xe5\xe0\x8d\xe40\
\xc3\xdaW\xc4\x09\x92\xe6\xc8}\x9b\xa2\xbc\x90\xcd\xdf-\
!!\x01\xff7\xe6\xa1Jyi\xd5\x8cZ\xae\xd0<\
[\xef\xffhJ\xe4c\xa749\x7fbxw\xdc\x12\
\xc1\xc99\xc3o\xc2\xeb\x8be\x97r/o\xd1\x0c\xb7\
\xdf\x13<6JY\xe5Y\x1f\x84\x90\xde\x05y\x99_\
\xa9\x89W4\xc9F\x9c )\x8e\xc9\xeb\x09H\xa5\x9a\
\x80\x97^\xd6\x18\xc3\xee\xbbG3n\x8b\xf3\x17b\xe3\
zV\xab\xa5r[\xf4\xea}\xa8\x11\xe1]v\xd9\xc9\
y\xcds;\xe7$\x82h\x1f?y\x06\x19\xe3\xde\x03\
\xcb\xa2R\xb1]R\xf7\x12<4\xee\x11\xd5X+\xd6\
%\xa1x\xc1\x95\x9fU%\xee\xec\xc8\x81\x12\xc1\x90\x9d\
\xeb>\xd5\x91\xb3\x9b%4\xaf\xe8\x0c+.\xcf\x8a\xcc\
km\xebV\xad\xc5\x8a%\xcb$\xea\x1fO\x1d\x8a\x86\
\xd6\xc8e\x08b5@X\x16w\xdff\xc4\xe4\x9c%\
t`\x89\x1d|\xdb\x90\xbb\xefD\xb3\x96\xcdUC\xad\
\x5c\xd9\x8alp93\xab\xec\x8e\xba\x11\x04aY\x06\
*\x95B\x1b4t\x08Z\xa6h\xdf\x1b\xd8\xb9m\x07\
\xbe\xf8@\x9a\x9f\xec\xb5'2\x90\xe6/%\xa7\xea\xc7\
\xc4\xbf\x02;\xff\xc4\xceA\xf9\xb6H\xec\x9c\xfb\xf6\xc9\
\xf6>\xd8\x1eH\xc5\x96\x98\x94\x88\xfb\xff5R\xf3\xa8\
\xbf^\xb8\x04?\xad\x95\xd6\xbe!\xf1b\xb5\x82\xd9\xd9\
\x95wD5\xf7b.E#\x08r\x10@\xdd\x8a0\
\xf4\x1a\xd0\x07\xe9\xd7j\xff#T\xf0\xebf\xcc\x9b-\
-I\xa15\x19\x82\x96\x10\x95\x89\xe7v\xce\xd9\xa7M\
\xc5v\xe5\x15\x0d1c\x9c\x0eE^U:\xc5\x12d\
\x7f\xb5\xe6\xb7JZ-RZ\xe2\xb6\xa1\xb7\xab\xb4\xf4\
?\xf1\xc2\xcd\x05p~.=),Bl\xba\xd5\x99\
\x1d\xd4\xb9\x15\xcd\x9d\x1b\xa4h\x04A\xd8\x8d\x9e\x94\x8a\
\xe3m\x93\xde\x0e\xfdn\xd5\xbe\xc2\xb3j\xc5\xb7X\xbd\
Bzct\xee\x0b\xf7\x94\xa7\xf0\x8cD[\xf4}!\
\xa6\xbf/\xbd\xd1\xf7\xc4\xf0n\xb8\xa5S\xe4\x8f\xbf<\
>s\x01\xd8\x95\x81\x8a\xed\xba.\x9d\xd0\xad\xd7M\x9a\
\xe18u\xf2$fL}A\xa2/\x12t\xda\x9a\x97\
\xb5V\xb3a\x13+F\x9c )\x8e\x9c\x95\x04\xa8\x94\
D\x96\x15\x8c\xb9\x7f\xccC\x9aa\xca\xffb.\x5c\x9b\
\xa4G\xbaV\xbe\xa5\xdd\xa6Zg\xc6L\xcf\xc7\xa6\xed\
\xfb*\xa9\xd5*\x9f\x9c\xdf\xcbVz\xd4\x9a\x0bY>\
\xeb\xcd\xaf\xb0\xea\x97\xca\xbb\xe7W^}\x15z;\x02\
/\xed*u\xee\xde\xef\xc6\xac\xd7\xa5\x07{\x05\x8b\xa5\
\xdd\x969\x13\xd8\xdeV\x95k\x11\x8f\x5cZF\xee(\
J\xcbk\x08Vj7\xf7\xed\x85\xab;^\xab\x1a\xe0\
\xdd\x7f\xfc\x89\xcf?\xf8\x04\xa5g\xd9\xa1\xd3\xff\xb5\xae\
\xed\x9ba\xd2\x03\xda'\xfej\x1cQ\x9a\x9c\x07\x95\xc0\
MMG*dg|\xfc\x1d\xe6}[\xf9\x8fF\xe3\
\xa6M0\xf4\x9fw\xab\xb0RYt\xfd\xda\x1f\xb1l\
\xe1\x12\x89\xbe Z\xeao\x997\xc1\xad\xd9\xb0\x89\x15\
#N\x90\xd6\x03&\xb5\x15\x05\x8b4\x91\x13\x80\xb1\x13\
\xc7Kvt\x03a\xf7\xcek\xff\x81\xe7\x80G\x226\
n\xd8\x8d\xe8wC\xf0\xbb\xf2\x81\xfa\xf1\xf7\xbb\xd2\xe4\
\x9c\xdd\xbb`5\x04\x8dhr\xf5\xd9k\xd5\xae\x85\x87\
\x1f\xff\x97fw\x16\xcc\xc9\xc7\xe6_\xa4/\x0a\x973\
+\xe2\xcf\x91\xe6A\xa8T4d`\xa9\x8e\x1c\xb6\x16\
*\xa9\x1dfo`\xc7\x88Q\xf7\x07=\x04\xa5\xb9G\
$\x0f,\x8a\x22\xc5\x80\xb1\xb3L39\xbf\x00\x9e\xd2\
\xd5\xdb\x1e}{\xe1\x1a\x0do\xea\xc3\x7f\xfd\x85\xf7\xde\
x\x07'N\x9c\xf0\x8d\xcfr\x973Kr\xdb0\xe8\
 \x9a\x5c\xd0\x18\x82\x0c\xcc\xe9\x02\x02\xc5<L\x8e\xdb\
\x07!\xa5\x8d\xf2_\xff\xa2?\xf7`\xc9\xfc\xc5\xf0\x1c\
\x90\x7f\xab\xb3\xe4\x04,IA$\xda\xe2\xef\xb7\xe2\xf9\
\xf7Y\x15\xb8\xca\xcd\xa8\xc9yE/n\x1b\xff>J\
\x0eK\x1eh<\xf8\xe8\xc3\xa8[\xaf\xd2Bb@\xa8\
\x16;\x17\xc8\x9f\xcb\xa2\x98\xe0\xca\xcf\x92\xdcc\x0fh\
0J\x04\x0c!\x08\xc3\xe6\xbaa\xcf\xbfq\xe4\xd8)\
\xc5Y4;\xf2\xde \xb9!\x1a_\xd6\x04\xec\xdfl\
\xae\xb1\xe7\xcf=p\xef\xdf\x8f\xdf\x0a\xe4K\xe11\xbb\
\xec\x0a\xee\xacI\xda\x972\xd5\xc6\xed_/\xe4\xe3\xd7\
m\x95'\xe7\xec\xa8\xfd<\x83&\xe7\x15\xfd\x9f\xf9\xc9\
w\xc8\xffF\xbax\xc1JM\x8f\x1a?&\xe8\xa1*\
\xed3\x018C\x05\xb1c\xe1\xdcl\xe91\x86\xa0\xad\
\x9b[\xd00\x82x<\x87\x9b?6s\xee\xf6\x9f|\
\x96\x22\xf5\x80k\xc0\x8di\x18;\xf4\x06=L\xf9\xb5\
\xb1m\xb7\xb7<\xc3\xbao3rr^\xd1\x17\x96\x15\
f\xe4\xb3sqL&\x03|\xad:\xb51x\xd8\xed\
\xe5\xb5\xd9\xfd5\xb6\xbf\xc4\xf6\x99d[\x15?f\xc2\
\xc6l\x18A\xf6z<W\xc5\x81lPJ.\x10\xea\
\xd3\x1d\x09\x92\x98qr\xee\x8b\x9b\xdcd\xbd\xa2L\xe7\
\xee7\xa0~\xc3\x06`\xe7\xe1.\x1cygG\xdd\xf7\
\xee)\xc2\xc6\xf5\xbf`_\x91\xc2\xc5A\x82\x828R\
v\xcb\xa6\xb9\x93\xf5)\xd7\x1bj\xc0\xc3\xa4o\x18A\
\xf6y<], \xe5\xf3\x90@A\xd4:\xf6p\x92\
\x84M\xceYB\xb8c>;\xe7\xedZ6\xc4\xcc\xc7\
\x22\xbfs\xee\x0f#\xb9=\x119y\xb6Hr\xec\xe8\
1\xb0\xd3\xbb\x81\x1a\xa1qi\x05\xf9Ok.\x0a\xfa\
\xf5\xcaU\xb2\x05\x15o\xee\xd6E>\x7fj \x87\xc2\
\xf4\xbba\x049p\xe0@\x07\x22X\xfeNF\xf6\xdd\
\x86\xdf1g\xf9&\xc95U\x7f\xe3n\x90T\x1b}\
:\xb7\xc2\xf7\x1bw\x81\x15\xa7\x91k\xe1\x22\x89\xd2\xe4\
\xdcL\x89#*\xe2\xf1\xe4+\x0b\xb1n\x0b;'\xaa\
C\xd3\xe1\xa2\x14#\x08!D\xb2\xba\xd1\xa3kg\xc3\
\x9eI9d\x0csF\xa9Z\xed\xb2u\xdb\xca\x03\xf9\
\xe3\x96\xdd8r\x5cZ=\x89M\x80Y\xc1\xcb\xf4V\
\xc9\xe5\xd5_\xeb\xd6\xaaQ^\xfd\xf5\xa9W\x17E\x94\
$J\x93s\xb6s.\x18\xb0s\x1e\xccc\xaf\xc3\x9b\
\xda-B\xbcc\xab3;\xe4\xbf\xf2\x9c \x01\x22v\
\xf0\xe0\xc1\xc6gK\xcb\xfe\xf4'v\xf4\xf8i\x1c:\
z\x02\x07\x0f\x9fD\xbd:5P\xb7VM\xb0\xc4\x07\
r-\x92$\xd9\xbe\xdb[\x9e\x03\xd7\xb7\xb1,\x8f\x0f\
\xdf\x1e\xf9[\x8c\xc1\x90\xe3\x82\x0c[\xd5boj6\
\x81W\xd3(\xc5\x07\x968\xcb\x8bz\x1d)\xe1\x04\x09\
\x80\xfe\xe1\xc3\x87\xeb\x9d:}\xa6DM\x90\x02\xc9F\
\x8a$\xaf}\xbe\x1as\x96KWvXE\xa7\x16\x8d\
\xad\x81\xdc4\xfcw\xb6\xaa\xc5\xfcgo\xea\xc2?\x94\
O\x88\x5cR\xab\x06:\xb6m\x82\x82\xdf\xddC\xbez\
\xf3\x11]\x134p\x82\x04x\x0c(\xa5\x09\x1eo\xb1\
\xf4\x1b*\xc4\xc7'\xdc$\x11)\x9b\x9c\xbf+Y:\
5\xe3\xe4<\x18(=\x87\x8e\xe1\xf7\x0a\xa9Gk$\
\xc4\xa3n\xed\x1a\xe5\xa7\xa0\xd9Q}\xd6l\xd6\xa4j\
\x84\x10]\xef{p\x82\x04\x11\x1d\xb7\xdbS\x0cB\xf4\
+\x90q\xbe\xcfp\x92$\xda&\xe7A\x84\xc1\xbf\x08\
\xa5%v\xbb-\xa4\x03e\xcb\xbf\xf9\xfe\x0b\x0a:X\
\xab/\x22\xe8\x90\x9e]\xbb\xe8\xfa\x06\x0b\xd6\x17\xc3&\
\xe9\xccA\xb7\xdb\xb3\x06\x84t\x0c\xd6Y5r\xe1\x22\
\x89\xdc\xe4\xfc\xa2\x1a\x09\xe5\x09\xe1\x04\xc1P8\xd5\xc0\
\x13\xbc,\xa5k\xedv[He\xb08A\x82\x87\xbb\
\x92\xa4\xc7S\xfc.\x05\x1d\xaeQ=\xa0\x9aV\x92\x9c\
:S\x8a-;\xf6\x97g;gY\xcfY\xabW\xbb\
fyBhv|\xc3\xb7\x19\x95b( \x00:\x08\
\x10\x90\xf7l\xb6\xa4\x90\xf2\xf0r\x82h\x0c\x84\xc7S\
\xfc\x14\x05\x0d\xebA75$a\x09\xd6\xd6m\xde\x8d\
U\xbf\xfc\xaejD\xff\x99x\x1bZF\xc1\xe4\x5c\xd5\
\xa0\xce\x0b\x13\x90\xa7m\xb6\xa4g\xb5\xe8^\xd0\xe1\x04\
\xd1\x88\x9e\xdb\xed\x1e\x04\x22\x84\xbd\xe8| \x92\x5c\xdb\
\xba1JK\xcb\xc0\x12\xad\xa9m\xc9\xf6K\xf0a\xee\
\x9dj\xd5\xa2G\x9e\x8a\xb7\xd9\xed\xf69\xa18\xcc\x09\
\xa2\x11\xbd\xfd\xfb\xf7_&X\xe2\xf4\xcc\xaa\xac\xe8I\
 \x92h\x1cB\xb9\x1a+\xde\xf3\xf4\x08\xedw\xbdC\
\xe9;\xdc\xbabYi\xd3\x06\x0d\x1a\x84\x94\x90a\xe9\
7\xab$\x13t\x0b\x11R)\xa5\xd9\xbe\xfe\xb3\x09\xb9\
\xdc\x98br\x92\xce\x80p{\x8a\xff\x00\xa8\xbf\x1a\xc5\
\xba=\x03\xe1$\x89Q\xd9Kt\x03G\xd6\x10\xd9e\
\xb7%\x85\xe5b\x0d_\xe6\x0d2r\xe1\x9e\xa8\xfb\xba\
\xa1\x96$u\xcf\x97`8T\xc2\xb2\x15\xf9o\xff\xba\
\xeb\x06\x0c\xec\x9a\x16H,j~\xd7c\x82\xae4X\
N\x90 \x1f\x03\xb7\xd7\xfb (\xde\x0cR\x5c\x17\xb1\
\xaf\x7f\xd8\x86gf-W\xb4\x95\xd6\xae\x0dZ\xa6\xb4\
D\xa3K\x93\xc1\xeeM\xb0v\xf4\xf0\x91\xf2#\xe0\xdb\
\xb7n\xc7\x96\x8d\xca\x09<\xa6\x8e\xea\x8dN\xed\x22\xf2\
B\xd4\x05\x0b\xbfF\x08\x1e\xb2[\xad\xff\x0eGG\x9c\
 A\xa2\xea\xf5z\xaf\x16)\xd6\x07)\xae\x8b\x18\xcb\
x\xae4!g\xf7#\xbat\xbf\xd1o?\x1b~\xfc\
\x19\xcb\x17-Eii\xe5L*L\x89\x1d\xa4|\xf1\
Q\xed9\xbet\x19\xa0NF\x04\x82k\xacV\xebO\
:\x99\xabd\x86\x13D\x05\xaa\x1e\xaf\xb7\x90RD$\
\xbb\x9aR\xddr\xe6\xeeSS2Ux\x0d\xfc\xf7\x95\
\x7f\x83].\xf2m\x8f\xdd\xdd\x15};W\xca\x8d\xa7\
\xca\xae\x19\x84\x09\xc1V\x9b\xd5\x1a\xb6A\x9c'\xc8$\
\xdf\xb1\xf6\xe8\xda\xb9\x9b\x19\xc6\x7f\xc1\x07Sl\xfd\xba\
=\x9ei\x00y\x22\x12\xc0(\xdd\x8b`)9Yj\
N5\xed\xc8\xe1#x}\xfa\xcb\x12\x15\x96\x0f\x98\xe5\
\x05\x8e\xeeF\x9f\xb3\xdblOF\xf7\x18B\xf7\xde\x1c\
\x04q\xbb;\x82\x08kB\x1f\x8e\x7f\x0b'O\x9fE\
\x9fG\xde\x96\x08\xb5k\x7f%\xfad\xf4\xd7\xd4\xfd\xcf\
?\xac\xc7\xd2\x05\xd2\xf2\x18\x91N\x9c\xad\xc9y\x7fJ\
T\xecd\xb7\xdb\xabd:Q5X\x99\x82 \xcca\
\xb7\xc7\xfb-\x80\xb0fZ`\x09\x22\xc6\xcf\x94\x96\x04\
\x1808\x03i\xedZ\xab\xc1\xedoY\xf6\x89\xc5>\
\xb5|\xdb\xd0>\xe9\xb8\xcf\xd1A\x93M\x13(}g\
\xb7Y\xfdO\xc4L\xe0d$\x5c0\x0dA\xbc^\xef\
X\x91\xe2\xa5p\x0eZi\xf5j\xe4c\x8f\xa0\xce%\
\x97h\xeezz\xf6\xb3\x92\x09{\x9f\xce)\x18\x7f\xb7\
\xec\xb5k\xcd\xfdDJQ x\xd4j\xb5\xce\x88T\
\x7ff\xee\xc74\x04)..nT&R\x96_\xc9\
\x16.\xc0>_\xba\x11\xff\xfe\xb2\xf2W\x83\xd6\x8aK\
\x15}\x94\x9b\xac_\xd7\xb6\x09\x9e}\xb8O\xb8\x86\x12\
N\xbb\x1e\x8b@\xd2\x93\x92\x92\xd4\x9f\xbb\x09\xa7W\x06\
\xd96\x0dA\xca?\xb3\xdc\x9ei \xe1\x9b\xac\xcb\x11\
\x84m\x04>8vTH\xf0\xcb\xe5\x07\x8eZ\x82P\
\xfa\x9c\xdd\xce'\xe7\x17\x1e\x08S\x11\xc4\xeb\xf5\xb6\x14\
)\xd8[\xe4\xa2\x90\x9eX\x05e\xa5O\xac\x87\xc7\x8f\
\xf9{CPK\xbf\xd3'?+\xc9.\x1f\xa5\x9fX\
\xc7\x05\x82t\xab\xd5\xbaM\x0b\x0eUQ\xc7T\x04a\
\x00{<\xc5\xafPP\xf5U&\x83\x88\x8e\xd2$]\
m}\xf6\x8a]\x95\x14\x97\xe0\xad\x99oT\x89I:\
\x01y\xd5fK\x1a\x1d\x04\x941#bB\x82x\xae\
\xa2 a\xc9\xf5\xca.B\xf5~\xf8\xbf\x92\xe0\xb2\xa3\
%\x03\x06;4\x05\xfd\x87Uk\xb0r\x89\xf4\xd8\x8a\
\x91\xa5\x0f4\x0d\xa4<\xcd&M\xb7\xd9l\xbfh\xd5\
\xaf\x8az\xa6#H\xb8\xe7\x22Yo.\x91\xbd\x10\x15\
\xcc\x11\x13\xdf\x07@\xa9\xe2R\xfb\x94d\xbc0V\xdb\
\xbe\x8aa\x0f\x19\x9f{\xc8BoJ\x82\x1c:t\xe8\
\x92\xd3gJW\x13\x02\xdd\x8f\xc6\xeay\xd4\xe4\xb5\xe7\
g\xe2\xe8\x91\xa3\x12`\xa3\xed\xa8\x09\xa5(\xa8\x96\x10\
\xd7\xb9n\xdd\xba\xea\x92e\x19\xc0fv\xf9\xca\xb7\xdb\
2\x88\xb3\xc3u_\xc4\x94\x04)\x7f\x8b\x14\x17\x0f\x83\
H?\x0cG\x0c\xfc\x1dV\x0c\xe6\xc8\x09+\xc50\xfb\
\xa3\xcfq\xe6\xb44kQT\x1eV\x14\xc8?\xecI\
I\x1f\x85\x03k\xbdm.\xfbf5\xf5\xb5\x19\xce\xac\
'\xa6%\xc8\xb9\x09\xbb\xf73\x0a\xe8^\xecc\xcd\xaf\
\xbb0\xe1\xf5\xc5\x8a\xb1cGO\x9a\x5c\xde\x14\xc9M\
\x92\xff\xde@d\x15\x96\x8a\xfe,\xc2\xee?v\xc9\x17\
\x929o-\xda\x8e\xbb\x13\xe0s\x9b\xcdz\x87\xde\x0f\
r\xb8\xecq\x82T@\xd6\xedv\xb7\xa3 \xcbI\x18\
rg\x05\x9b\xa7\x96m$\xb2\xf6\xd7\xa1\xc0_\x1f\xfd\
oH\xc3\xa3\xc3\xc2zZF\xd7\xe7\x8eRZB@\
o\xb2\xdb\xed\xb25#u\xedL'c\x9c >@\
\xba\xdd\xde\x07@\x10\x96K;\xc1\x92$\x98\xd8vh\
\xdd\x18\xd3F\xf7\x0dF\xd4<2\x14\x0f\xda\xed\xd6\xff\
\x98\xc7\xa1\xc0\x9ep\x82\xc8`t\xc0S<\x8b\x80\x86\
\x94\x9bI\x09\xfao~\xde\x89\xc9\xffY\x1a82~\
$\x86\xf7\xbf\x06\xf7\xf4\xbf:$\x1b\x91V\xa6 \xef\
\xd6\xb7%\x8d\x88t\xbf\xc1\xf6\xa7T?D\xaedB\
\x19\xa5\x93\x05@\x92q^\x8fZ#\xa6\x9e\x83\x5c\x00\
\xd3\xeb\xf56\x10A\x96\x81\xd2\xb0\xd4ufs\x12\x96\
\xf1\x5cm\xda\x9f\x96M\xac\xe8\xdf%5b\xe5\xa6\x83\
}\xb8\x02\xca\x11\xe2\x12@{X\xad\xd6\xfd\x01e\x0d\
\x12P\xbaq\xa8\xc2\x9do\xf4\xb8|\x15\x15\x04a\xa0\
\xb8\x8b\x8b\x1d\x10i\x9e\x0a\x80T\x8b\xb2%\xe0U\x1b\
~\x0fXh\x86}N\xb1*\xba\x91\xaa\xc3\xaez \
\x81\x14\x04\x92aOJr\x06\x123\xf2wN\x10\x0d\
\xe8\xbb\xbd\xde\xc7@1]\x83\xaa*\x15v\xb1\xaa`\
\xe7\x01I\xeaQ\x96\xf5\x9c\xdd\x16\xacQ-^\x95=\
S\x09\x13\x8c\xb7[\xad/\x84\xeaS\xb8\xaf\xccr\x82\
h\x8c\x90\xdb\xeb}\x03\x14\x8a\xe5\xa35\x9a\x8d\x0d5\
\x827\xedV\xebH=\x06<\x8d\xa98\x00\x00\x04\x8b\
IDAT\x1b\xee\xa4\x0b\x9c !D\xc9\xed\xf6\xe6\
\x83\xa0j\xa4\x0e\x09\x01\x07U\xaa\x14\xf3\xecv\xabn\
\xd5E9AT\xa1\x1fya\xb7\xdb\xb3\x04\x84\xf4\x8c\
|\xcfQ\xd8#\xa5K\xedv[/==\x0f7A\
\x94|\xe5\xcb\xbc*\xa2\xe8\xf1\x14O\xa1\xa0\x13T\xa8\
\xc4\x9c(\x01\x99j\xb3%M\xd4{\xe0\x9c z#\
\x1a&{n\xaf\xf7\x01\xd0\xf0l$\x86\xc9\xe5\xc8\x99\
%x\xd0n\x0d}#P~O\x82\x5cI\x08$\xf7\
\xd6)\xa5\xb2y\xad\xf4\xd8\x93`\xc0\xf17\x88\x86\xc7\
'\x9c\x07\x1b5\xb8c\x0e\x15\x1d\x0f .\xfbf5\
\xabg\xae9\x03\x05#\x0d'\x88\xc1\x8f\x85\xdb\xed\xee\
\x09\x90\xe9 \xa4\xad\xc1\xae\x18\xdb=\xa5\x9b\x00:\xde\
n\xb7\x87v<\xa0\xc2(8A\x8c\x0d\xa9n\xbd\xbb\
\xddn;\x04\xcbtP\xfa\x0f\xdd\x8cF\x93!B>\
\x84X\xc6\xc8\xa1\x5c\xdbY\xc3x\xccD\x10\xb9Z#\
lH1w\x1fDC\x1c\xffVq\xbb\xbd\x8f\x81\x84\
\x7fC1\x14\x1fu\xd7\xa5\x18o\xb7\x87\xbe\x01(\xe7\
\x97\x99\x08\xa2;n\x01\x0cF\xcdQ\x13\xb5\xc0x<\
\x9e\xce,\xdf/\x05\xfa\xa9\xd5\x8d&y\x02,\x00\xe8\
s6\x9bmu\xb8\xfc\xe6\x04\x09\x17\xb2&\xb0{~\
\x95\x8b%\xc6\x0eK\xa5$\x03\x87\xf8\x07\x08\x9e\xd3c\
\x95J\xcb\x18\x8cZ\xe6\xd5\xe2k(:U\xf6\x0dR\
\x11\x14\x96\xb5Q\x14\xf1\x04\x08\x1dI),\xa1\x00f\
\xb4.!(\x03%o\x08\x02\x9e32\xfb!'\x88\
\xd1OB\x18\xfaw\xbb\xddm)!#\x04B\xee\xa5\
\x14\xe7JGEI#\x04GDJ\xdf%\x94\xce\xb2\
\xdb\xed\xca%\xae\x224\x1eN\x90\x08\x01mD7n\
\xb7\xbb\x19#\x0a\x01F\x00\xa4\xbe\x11>\x04\xdf'=\
@\x81Y\xe7\x89\xb13x\xbd\xf0Jr\x82\x84\x17_\
SX/**JLHH\xe8w~\x22\xdf\x0f \
\xd5M\xe1\x18\xe8)\x00\x0b\xd8\x04\xfc\xcc\x993\x0b\x92\
\x93\x93K\xcc\xe1\xd7\xff\xbc\xe0\x041[D\xc2\xec\xcf\
\xde\xbd{\x1b\xc7\xc5\xc5\xf5\x03!\x8c(]\x00\x5c\x1c\
\xe6.}\xcd\x1f\x03\xe8*P\xba\xa0\xb4\xb4tA\xa3\
F\x8dvG\xb8\x7fU\xdd)]\x89\xd5k\xc7\x5c\x95\
3a\x14\x8e\x89I\xbaZ\xfc<\x1e\x0f#G\x17\x11\
\xe8\x22\x80t\xa6\x00#\x8c\xee\x8d\x00\xabD\xd0\xd5\x02\
\xb0\x0a\xc0*\x9b\xcdvL\xf7N\xb8\xc1\x90\x10\xe0\x04\
\x09\x12>\x8f\xe7ps\xe0t\x0b@h.BlA\
@\x9a\x83\x90z\xecMCEZ\xeb\xfc\x1b\xe7\xc2[\
\x87=\xe8\xc7\x88@X\xda\xc5c\xa0\xf4 \x05\xdd!\
@\xd8\x0e\x88;\x80j\xdbm\xb6:;\x82\xec\x9a\x8b\
\x19\x88\x00'\x88\x81\xe0\xf3\xae\xcd\x8f\x00'\x88\xf9c\
\xc4=4\x10\x01N\x10\x03\xc1\xe7]\x9b\x1f\x01N\x10\
\xf3\xc7\x88{h \x02\x9c \x06\x82\xcf\xbb6?\x02\
\x9c \xe6\x8f\x11\xf7\xd0@\x048A\x0c\x04\x9fwm\
~\x048A\xcc\x1f#\xee\xa1\x81\x08\xe8B\x90\x14G\
\xceJ\x12\xe4\xa5~\x973K\xd2\xa7\x1a}\x03\xb1\xe2\
]\xeb\x88\x00\x05\xbe)tfI2\xa0\xa4:rd\
*H\x89\xdd\xb6:\xb3+eoo\xe5\xc8\xee*@\
`\xc9$*5\xb9\xe7+\x14\xb79ABA\x8f\xeb\
jF\x80\x13D\x01:\xfe\x06\xd1\xfcLU)EN\
\x10N\x90*\xf5@\xeb=\x18N\x10N\x10\xbd\x9f\xa9\
*e/\xa6\x08\xc2&L\xc1F\xcfw\xb2\xc5\xf4\xd4\
\xe8\x07\xdb\x0f\x973?\x02j\x9e\x05\xb9I\xba\xdc\x08\
\xe5l\x86\x82\x84.\x93\xf4P\x1c\xe0\xba\x1c\x013#\
\xc0\x09b\xe6\xe8p\xdf\x0cG\x80\x13\xc4\xf0\x10p\x07\
\xcc\x8c\x00'\x88\x99\xa3\xc3}3\x1c\x01N\x10\xc3C\
\xc0\x1d03\x02\x9c f\x8e\x0e\xf7\xcdp\x048A\
\x0c\x0f\x01w\xc0\xcc\x08p\x82\x989:\xdc7\xc3\x11\
\xe0\x041<\x04\xdc\x013#\xc0\x09b\xe6\xe8p\xdf\
\x0cG\x80\x13\xc4\xf0\x10p\x07\xcc\x8c\x00'\x88\x99\xa3\
\xc3}3\x1c\x01N\x10\xc3C\xc0\x1d03\x02\x9c \
f\x8e\x0e\xf7\xcdp\x048A\x0c\x0f\x01w\xc0\xcc\x08\
p\x82\x989:\xdc7\xc3\x11\xe0\x041<\x04\xdc\x01\
3#\xc0\x09b\xe6\xe8p\xdf\x0cG\x80\x13\xc4\xf0\x10\
p\x07\xcc\x8c\x00'\x88\x99\xa3\xc3}3\x1c\x01N\x10\
\xc3C\xc0\x1d03\x02\x9c f\x8e\x0e\xf7\xcdp\x04\
8A\x0c\x0f\x01w\xc0\xcc\x08p\x82\x989:\xdc7\
\xc3\x11\xe0\x041<\x04\xdc\x013#\xc0\x09b\xe6\xe8\
p\xdf\x0cG\x80\x13\xc4\xf0\x10p\x07\xcc\x8c\x00'\x88\
\x99\xa3\xc3}3\x1c\x01N\x10\xc3C\xc0\x1d03\x02\
\x9c f\x8e\x0e\xf7\xcdp\x04\xfe\x1f\xc0\xf1g\x8cw\
\xce\x99\x85\x00\x00\x00\x00IEND\xaeB`\x82\
\x00\x00\x1a\xa1\
\x89\
PNG\x0d\x0a\x1a\x0a\x00\x00\x00\x0dIHDR\x00\
\x00\x00\xc8\x00\x00\x00\xc8\x08\x06\x00\x00\x00\xadX\xae\x9e\
\x00\x00\x1ahIDATx^\xed\x9d\x7f\x94\x1cU\
\x95\xc7\xbf\xb7j\x06\x02\x02I\xf7$\x04!\x1c53\
=\xe1\x87+\x8a\xbf@\xdc\x15D\x04\x05\x15g\x80D\
\x90\x95\xb0hf\xba\x93q]\xd9]\x89\x1aB\xb2\xa0\
gYVI\xd2\xdd\x13\xc9\x09dQ\xccL\x16\xa2\xe8\
\x01]u\x83\xa2q\xe3A]T~d\xba\x03HX\
<!\x99\xee\x04\x14\xc8d\xba\xee\x9e\xeaI\xc2$\xf3\
\xabn\xd5\xab\xee\xae\x9e\xdb\xff\xce\xbd\xf7\xbd\xf7\xb9\xef\
[\xef\xdd\xfa\xf1\x86\xa0?%\xa0\x04\xc6$@\xcaF\
\x09(\x81\xb1\x09\xa8@tv(\x81q\x08\xa8@t\
z(\x01\x15\x88\xce\x01%\xe0\x8f\x80\xae \xfe\xb8\xa9\
\xd7$!\xa0\x02\x99$\x89\xd6a\xfa#\xa0\x02\xf1\xc7\
M\xbd&\x09\x01\x15\xc8$I\xb4\x0e\xd3\x1f\x01\x15\x88\
?n\xea5I\x08\xa8@&I\xa2u\x98\xfe\x08\xa8\
@\xfcqS\xafIB@\x052I\x12\xad\xc3\xf4G\
@\x05\xe2\x8f\x9bzM\x12\x02*\x90I\x92h\x1d\xa6\
?\x02*\x10\x7f\xdc\xd4k\x92\x10P\x81L\x92D\xeb\
0\xfd\x11P\x81\xf8\xe3\xa6^\x93\x84\x80\x0ad\x8cD\
OK\xf7\xbd\xd5\x22:\x97A\xef\x03\xf8\x09\x22\xfc\x14\
\xfb\xf0\xcbBW\xe2\xc5I27t\x98\x00T \xc3\
\xa6A\xfc\x8e\xdc,\x0cp;,j\x03\xe3oF\x99\
!\xbb\xc0\xd8\xc8\xe4l,&\xe7<\xa83\xa8\xfe\x09\
\xa8@\x00\xc4\xd2\xb9\x8f\x10q;@m\x00\x8e\xf5\x92\
v\x02~\xcb\xcc\x1b\xd9\xb26\x16;[\xfe\xe0\xc5G\
m\xfc\x13h\xcal\xfb\x80CN\x82\x1c4\x034\x1b\
\xc4G\x11\xe8\x19\x00\x8f\x13\xb0yW\xb2\xe5\xd7\xfe\xa3\
\x8f\xed9i\x05\x12\xffF\xeet\x0c\xa2\x1d\x04w\xb5\
8#\x08\x5c\x02\xee\x07\xf3\xc6#\x1b\x8e\xe9}~\xc1\
\x89/\x07\x89\xa5\xbe\xaf\x11hJ\xf7\x9d\x0aXm\xb0\
\xb8\x8d\x19g\x8e\xcb\x86\xf0K0\xbeVH&6\x98\
d8\xa9\x04r\xe2\xeaG\x8e\xde[\x9a\xda\xe6\x00\xed\
\x04\x5cj\x12\xe4\xfeX\xcf3\xb0\xd1\xb2\xac\x8d\xfd\x1d\
\xcd?\x09!~\xdd\x87lY\x91;\xb2\xbf\x81\xdbi\
h5o\x17\x0f\x98\xe8\xaeBg\xcb|\xb1\xdf\x18\x0e\
\x93B \xb1\x95O\x9eC\xb6\xed\xae\x14\xee\x8a\xf1\x06\
S\xf0\xc6\x8f\xc3\xbfb\xd8\xf79\x8dv\xef\x9eO\xbf\
\xf1\xe9\xca\xb4\x19\xddV\xe2\x99\xdcY`n\x07\x95\x85\
1;\xc8H\x08\xf8^\x7f2\xf1\xd1 1\x0e\xf8\xd6\
\xad@\xa6\xaf~\xfc\xf5\x5cj<\xb0Z\x9cg\x02\x96\
\xcf\x18\x0e\x80\x8d\xcc\xd8XL%\xbe\xe53F]\xba\
\x1d\xff\xf5\xdf\xcf\xdcw\xe4\x946r\xca\xc28\xdf\xe8\
 \xd9\xb9\xa9\x90\x9a\xb34h\xcc\xba\x13Hl\xd5\xd6\
\x0f\x93e\x1dX-\xa6\x05\x05d\xd8\xff\x8f\xaeX\x00\
\xf4\x14\x92\x89\xff1\x1c;2\xe1\xe2\xe9\xfcEn]\
\x01\xa6\xab\x00>:\xac\x8e;%\x9c\xb7{Q\xe2\xa1\
 \xf1\xebB M\xab\xb7\x9e\x82Ajw,j\xa3\
\x89\x8a\xb9 \xb4\x8c\xfa\xd2\xcf\x01\xde\xb8\xcf9j\xdd\
K\x0bg\xf5\x1b\x0d]\x83\xc1\xa6\xaf\xda\xd6\xca\x96\xd3\
\xce\xe0y\x00\xbd\xa5\x12]d\xe0\xfeb2\xf1\xb1 \
mEW +rG\xc6ln\xa3\xa1g\x16n1\
\x17\xc9\xb10\xb0\x97\x88\xee#\xe2\x9e\xfe\x8e\xc4w\x83\
$\xb3\xe6|W?\xd2\x18\x1f\x9c\xd6\x06\xe2\xcb}\x15\
\xdc\xc1\x07\xf4ja\x10\xd3\xd0\x95\xd8\xeb7T\xe4&\
U\xd3\xea\xa7\xdf\xcd\xa5}\xedD\xe4\xde\xfak\xf6;\
\xf0Z\xf4c O\xe0\x8d\xb0\xe8\xaeBG\xe2\xf1Z\
\xec\xa3\x97>5e\xb7\xbe\x0bl\xb51\xd15`\x9e\
\xe9\xc5',\x9b\xa0\xdb\xacH\x08df6\x7f\xfc\x00\
;mT\xbe\xedG\x1f\x08\x0bf-\xc5e`\x13\x98\
{\x8a\x0d/\xae\xc5\x82w\xec\xab\xa5\xbe\x8d\xd6\x97c\
Wo\x9d\xde0H\xee\x85\xebj\x00\xe7\xd4J\x7f\x89\
y~\x7f\xaa\xf5.\xbf\xfd\xa9i\x81\xc4W\xe6.\x84\
\xcdm\xe5[\x7f\x8c\xe9~\x07\x19q\xbf\x97\xdcg+\
6\xd3]\xbbR-\x9bjm,\xf1\xee\xbe\x0b\xc0\xd6\
\x95`\xbe\xa6\xd6\xfaV\xeeO\xc0\xbbY5'\x90\x19\
\xdd\xdb\x12\x83\x0e\xda\x08%w\xb5xgMB\xafV\
\xa7\x08\x8f\x83\xd1\x83F\xac-|:\xf1\x5c\xb5\xba1\
#\x9doq\xe0\xcc\x05\xd1|F\x8dos\xebB \
\xbdl\xc7_\xc8\xb7\xc3r_\xfb(\xdf\x13o\xa8x\
\xf2\x09\xcf\x811\xcbk\xbb\x0c<D\xc0{\x01T\xbe\
\xafC\x9d\xfc/&\xba\xb3\xd8\xd9\xb2\xdek\x9f\x03\xd9\
-e+>3\x7f\x19\x18\xeeS\xea\x8b\x02\xc5\x0a\xe6\
\xec\xbeJ\xe2\x16\xfd\xde~Q\x16\xc8\xf4\xeem\xef(\
\x95\x9cvr\xdf\x87\x02Z\xbd\x8d\xd8\xb8\xd5\xbd \xf4\
\x16:\x13\xbd\xf1L\x8e\xbdFw\x05r\x04\xd1\xdc}\
\x8e\xf3\x09\x10\xcd\x03p\x96W_\xb3v\x5c`\xa6\xf5\
6\xd1\xda0^\xd8\x9b\x9e\xc9\xbf\xbd\xc4|\x0d\x81\xe7\
\x83\xe8uf\xfb\xee1\x1a\xf3\x16\x10\xf5\x82iC!\
\xd5\xb2]\x92\xa7\xc8m\xb1\x8e[\xb3=\xde\xb0wo\
;\x88]QT\xe7JD\xf4\x083z\xd9\xb1zw\
/\x9c\xed>\xbc+\xff$\xe0]\x81\x14\x93\x89\x83O\
\xe8c\xd9\xfc9`\xfe\x04\x01\xaeX\x9a<\xa6\xde\xb4\
\xd9\xa3\xb0\xac;1\xe0\xdc\x19\xe4\xbb\x95\xe3\xd6<\x16\
o\xdc\xd7\xf8IfrW\x8b\xb7\x9a\xee\xa4\x97x\xcc\
\xd8I\xe0{\x00\xab\xb7\x90j\xd9<\xdcG\x92\xa7\xc8\
\x08\xa4\xa9{\xdb\xf9p\x9cv\x1ez{\xb6\xf2\xb7\xfe\
\x98\xff\xc2Dw\xb1\xc5\xbd\xbb;Z\x7f6Z\x92$\
\xe0\x0f\x17\xc8\xf0xM\xe9\xbekxhU\xb9\xd0\xcb\
d\x08\xc7\x86\xefe\xcb^[\xech~\xc0k\xfcX\
&\xff\xa1\xf2J!\xd9\xc2x\x0d\xee\xd9\x8e\xeec*\
m(\xeeh\xed\xc5Rr_\xd3\x19\xf1\x93\xe4\xa9\xa6\
\x0525\xd37\xdbf\xcb}P\xe4>\xc8\xab\xca\x16\
\x84\x08\xdf\x07\xd0\xdb\xbf\x0f\xbd\x13=0\x92\x80\x1fO\
 \x07W\xa4\xee\xdci\xec\xe0\xaa\xfd\xabJ\xa0\x17\xf0\
<\xcf\xaf\xc3\x0d\x19;\x18\xb8\xb3\xc1\xb6\xd6\xee\xech\
\xce\x1d\xfe\xe7\x19\xdd\x8f'\x06\x9d\xc6\xf9\x84rmq\
\x82\xefv\x828\x12\x1ee\xe6o\xb9\xc2\xd8\xddy\xaa\
\xfb\x8d\xc7\xb8?I\x9ejR M\xdd\xdb\xda\x86\xad\
\x16S&\x1a\xb0\xf1\xbf3?Md\xad%\x87zw\
-l\xee\xf3\x1a_\x02\xde\x8b@\x0eYU\xb2[?\
\xce\xb0\xe7\x81\xf9\x0a\xaf\xfd1o\xc7?\x07\xec\xb5\x85\
d\xf3\x9d\xf1L\xdf|\xc0\x9a\x0f\xf0_\x9bo\xc7C\
D\xe6A&+\x0b\x946\x14\x93s\x1e\xf6\xe0q\xd0\
D\x92\xa7\x9a\x12H,\x9b\xbb\x8a\x18\x8b\x00\xbc[2\
`\x83\xb6k`qo\xa1\xa3\xf5G~bJ\xc0K\
\x05r\xa0?\xb1\xd5\xdb\xa6b\xb0\xb4\xc0\x22\x9a\xc7\xc0\
\xdb\xfc\xf43\xd2>\x8c\x1f0Yw\x17\xed\xe2\x06\xbf\
\x0f@%y\xaa\x09\x81\xb8\xf7\xc5K\xc4+\x00|\xa8\
\xe2\xc9\x1b\xba\xc3\xb1\x06\x83\xe8\x0dR\x98\xba\xfd\x96\x80\
\xf7+\x90\xe1|\xe2\xabrg\xc3\xa6\xf9nq\x0f\xe0\
\x98\x8a\xb3\xab\x5c\x83\xcf2#\xeb\x10\xf7\xeeI\xb6>\
\x15\xb4YI\x9e\xaa.\x90\xa1\xbbR\xaf<\x00\xa2\xca\
\xad\x1aC\x05\xf7\xed\xb0\xad\xf5\xc5\x05\xcd\xbf\x0f\x0a\xfc\
\x80\xbf\x04\xbc\x09\x81\x1c\x22\x96l\xeeZf\x5cM\xc0\
\xb9\xa6\xc6S\xf58\x8c\xb5\x8e\x83\xbb\x83\xber~\xf8\
8$y\xaa\xba@\x9a2\xb9\xef2`\xe4\xeb\xad\x89\
\x12\xea~\xfb\xed\x90uG\xb1\xb3\xd9-\xbc\x8d\xff$\
\xe0M\x0b\xe4\xa0H\xd3\xf9\x93A\xe8\x02\xca\xab\xcaI\
\xc6\x07\x19v@\xc6\x16\xb2\x90>vJ\xc3\x86g\xe6\
\xbf\xe9\xd50\x9a\x93\xe4\xa9\xaa\x02i\xca\xe4\x171\xca\
[\xab\xf0~\xcc\xee\xe7\xaa\xb7\x0f\x94\xe8\x9e?w%\
v\x86\xd7P\xe5\xb7X\x13\x8d%\x9e\xcd]\xc8@'\
1\x02}\xd30Q;\x06\xfe\xfe\x123\xafh\xb0\xed\
u\xa3\xdd)3\x10\xff\x90\x10\x91\x10\x88\xbb\xb5\xb2\x07\
^\xddB@\x8bi\x00\xfb\xe3\xad\xb1,k\xf5\xae\x8e\
\xe6GB\x8a?\x22\xac\x04|X+\xc8\xa8cu_\
\xf3\x98\x91\xff,\x08\xd7\x018\xadR<&l\x87i\
#q)\xdd\xbfpNE\x0f\xa8\x90\xe4\xa9j+H\
<\xbdu)\xc8\xbaqB\x88\x12\x03\xe6-\x0c\xdc^\
L\xb5~[\xe2f\xcaV\x02\xbe\xa2\x02\x196\xc0X\
6\xfff\x02w\x81\xe1\xbe=\xdbhj\xec\x828}\
\xcc\xb8\xfd\x88\x97_^\xb7\xe3\x1f\xcf\xf8\x8b\xc0\xcf\x98\
\xa9$OU\x13HS:\xf7M&\x5c\x15x\xd4\xfb\
\x0bnjD\xb6\x9ao\xa8\xba\xe3\x90\x80\xaf\x96@\x86\
\xf3\x8egr\xeeK{\x9f\xad\xc4\xf7\x17\xcc\xc8X\x8e\
\xb3\xb2\x7f\xd1\x9c'\x03\xe7<`\x00I\x9e\xaa&\x90\
x\xa6\xef\xd1 \xdf\x16\x97\x0f[s\x9c\x15\x95^\x9e\
\xc7\xcb\x8d\x04|-\x08\xe4\xc0X\xa6f~\x17\xb3\xe9\
(wUY\x08\x98\xfbn\xc6\x1d\xa35\x94#\xf7\xa0\
\x89\x9a\xf9I\xf2TE\x81x\x7f\xf3\xf5 \xd9\xfd\x05\
wag\x22\x8d\xa54X3\xc4\xf7wD\x02\xbe\x96\
\x04r\xc8\xaa\x92\xce\xbf\x07`\xb7^\xf1\xf5\xc4\xde}\
I\xd0\x02\xddNS\x06W\xec\xfa\xbbS^\xaa\xb5\x1c\
IW\xfaH\x08\xc4\x9dL ZT\xebg\xd8\xd6\x83\
@\x0e\xdb\x82\xb9E\xfd\x1d\x9e'y\xc0o'<\xb7\
\x13\xd0P\x92\xa7\xc8\x08d\xf8\xab\xe1\x01\xf9\x84\xe6.\
\x01_\xab+\xc8p8\xd3V\xe6\xce\xb5lx\xffL\
W\x052bn\xf9\xfe\xe4\xb6\xde&\x93t\xe9V\x81\
\x84v\x9d\x9a0\xb0d\xee\xe9\x0a2!N\xef\x06\x12\
\xf0*\x10\xef\x5cM[J\xf2\xa4\x021H_\x02^\
\x05b\x10\xbc0\x94$O*\x10!\xdcz\xbc\xcd;\
\xd6\x98\xb4\x06\xa9\xe2\xb1?\x12\x15G\xe1j\xab5H\
\xf0\xc9d\xf0Z5n(\xc9\xdc\xd3\x15\xc4`V$\
\xe0\xa3 z]A\x82\x8b^\xefb\x0d\x13\x98\x0a\xc4\
\xcc\xff\xd40x\xcd\x1a5\x94$O\xba\x82\x18\xcc\x86\
\x04\xbc\xae \x06\xc1\x0bCI\xf2\xa4\x02\x11\xc2\xd5\x22\
}\x1c\x02\xfa\xa0P\x1f\x14\xaa@T \x92kj\xdd\
\xd6 \xee\x91\x99\x0e\xf0vB\xe9\x85\x86c\xa6\xfeh\
\xc7\xdf\x9e0\xe1\xb7\x0b\x92\xa5[\xb7X\x92if\xd6\
V\x92'\xddb\x0dc\xdf\x94\xcd\xbf\x9f\x1d\xbe\x04D\
\x17\x03<\xfc\xac\xdf\xdd\xcc\xb8\xa7\x98J\xa4t\x05\xd1\
\x15D\x22\xd7\xc8\xaf \xee\xd19l\xd3\xc5\x04\xbe\x04\
\x8c3\xc6\x1b\xbc\xfb*w1\x958~,\x1b\xc9\x95\
IW\x10\xc943k+\xc9\xd3\xa4\x5cA\xa6u?\
u\x86]\x1a\xbc\xc4\x01\xb5\x11\xe1L\x11\xfeq\x0aQ\
\x09x\x15\x88\x88\xbaQcI\x9e&\x8d@\xa6\xafz\
\xa2\xd5\xb1\x1b?\xb2\xff\xe8\xcew\x05!N\x96\xf5\x81\
\xfe\x8e\xe6\x11\x07\x0dH\xc0\xab@\x82d \x98\xaf$\
Ou-\x90\xf8\x1d\xb9Y\x18\xb0\xdaQ\xfeoF8\
;\x18\xd6\xd7\xbc\xc7\xfa\xbfu\x12\xf0*\x10S\xd9\x90\
\xc7\x91\xe4\xa9\xee\x04\xe2\xfe\xc3\xceA\x07Wp\xf9\x93\
\xd1p\x0eV&`q\x7f2\xf1\x95\xc3S#\x01\xaf\
\x02\x91OlS\x1e\x92<\xd5\x95@\xe2\xe9\xdc\xbf\x81\
\xf0yS \xc7\x8a\xc3l]YL5\x8f8ZH\
\x02^\x05\x12v\x96\xc6\x8e/\xc9S\xdd\x08D4\xe8\
\x80\xb9\xb1\x1ck\xceh\xff\x16A\xd2\x07\x15H\xc0$\
\x04p\x97\xe4\xa9.\x04\x12\xcf\xe4\xb6\x00\x08Tx{\
\xe6\xcd\xb8\xad\x90J\x5c?\x9a\xbd\x04\xbc\x0a\xc43q\
\xe3\x86\x92<E^ M\xd9\xdc\xd5\xcc\xf8\x0f\xe3\x14\
\xc7\x08XH&\xc6|\xf6#\x01\xaf\x02\xa9T\xc6F\
\xb6#\xc9S\xe4\x05\x12\xcf\xe4\xbe\x06\xe0\xef\xc3\xc7\xcd\
\xdf($[\x17\x8c\xd7\x8e\x04\xbc\x0a$\xfc\x8c\x8d\xd5\
\x82$O\x91\x17H,\x93\xdfH\xe0K\xc3\xc0\xcd\xc0\
w\x88i}!\xd5\xd2\xe3%\xbe\x04\xbc\x0a\xc4\x0b\xd1\
pl$y\x8a\xbc@\xe2\xe9\xfc\xf5 \xbe\xd5 \xca\
\x07\x09NOl\xd0Z\x9f\xefJ\xec\x95\xc4\x95\x80W\
\x81H\xc8\x9a\xb5\x95\xe4\xa9\x0e\x04\x92\xfb \x08?\x0c\
\x86\x90\xfe\x1b@\x0f\xdb\xd4S\x5c\xd0\xbc\xc7o,\x09\
x\x15\x88_\xca\xc1\xfd$y\x8a\xbc@\x5c\x5cM\x99\
\xdc\xfd\x0c|D\x88n3\x81\xd67\x10zvt\xb6\
\xbc \xf4\x1d\xd5\x5c\x02^\x05b\x82\xb8\xbf\x18\x92<\
\xd5\x85@b\xd9m\x97\x10\x97\xd6\x01\x14\x9f\x00\xd9\xaf\
\x19\xdcCl\xb9u\xc5v\x7fx\xc7\xf6\x92\x80W\x81\
\x98\xa6\xef=\x9e$Ou!\x10\x17\xcd\xd4\x15\xb9f\
\xdb\xe6[At>\x80\xe3\x86\xe1\xfa\x03\x81{,\xb6\
\xd6\xefL\xb5\xe4\xbdc\x94[J\xc0\xab@\xe4|M\
yH\xf2T7\x02\x19\x0e\xaf\xfc5\xa0\xc5\xaf`\x00\
\xcf\x05\xfd\xd7\xce\x92\xa4H\xc0\xab@$d\xcd\xdaJ\
\xf2T\x97\x021\x8b\xd3{4\x09x\x15\x88w\xae\xa6\
-%yR\x81\x18\xa4/\x01\xaf\x021\x08^\x18J\
\x92'\x15\x88\x10\xeex\xe6\x12\xf0*\x10\x83\xe0\x85\xa1\
$yR\x81\x08\xe1\xaa@\xc6!\xa0\xe7b\x8d\x80\x13\
\xf9C\x1b\x0c\xea#r\xff\xe5v\xa2\xb1\xeb\xd9\xbcz\
6\xefDsD\xf4w\xc9\xd2\xad[,\x11Z\xa3\xc6\
\x92<\xe9\x16\xcb z\x09x\x15\x88A\xf0\xc2P\x92\
<\xa9@\x84p\xb5\x06\xd1\x1aD2e\xb4\x06\x19F\
Kre\xd2\x15D2\xcd\xcc\xdaJ\xf2\xa4+\xc8a\
\xec\x8f[\xb3=n\xef}u\x1e\x80\xd3A\x98ED\
\x05f\xda\xe28\xce\xaf\xf6,L\xfcFW\x10]A\
$r\xad\x8b\x15d\xe6\xad\x8f\xben\xdf1G\xcf\x85\
\x83y \x5c0\x1a\x00\x06\xf6ZL\xd7\xf7\xa7ZV\
\x8d\x05Hre\xd2\x15D2\xcd\xcc\xdaJ\xf24y\
W\x90\xa5\x9b\x1ab3g\xcd\xb5\x18sE\xaf\xca3\
\x9dSH\xb5l\x1e-e\x12\xf0*\x10\xb3\x93^\x12\
M\x92\xa7I'\x90x:w\x19,\xcc\x05\xe32\x09\
\xd4a\xb6\x8f\xd9<p\xd6\xce\xd4\xe9\x7f>\xdc_\x02\
^\x05\xe2\x93\xbe\x017I\x9e&\x85@\xdc\xefE,\
\xc7\x99\xc7\x84\xb9\x00\x1a\x822&\xcbj\xef\xefh\xbe\
O\x05r\x18\x01}\x92>bj\xd5l\x0d\x12\xef\xee\
\xbb\x00%rk\x0aW\x14\xaf\x0b*\x8a\xe1\xfeD\xb4\
\xa8\xbfsd-\x22\xb92\xe9\x0ab2#\xb2X\x92\
<\xd5\xd5\x0a\xe2~\x07\xc2\xc4\xd72\xf3<\x0f_\x17\
\xca\xa8\x0e\xb7f\xba\xbe\x90j\xb9MW\x10]A&\
\x9aD5\xb3\x82T\xf2\x009\xa7\x84\xf3v/J<\
\xa4\x02Q\x81DB \xf1\xf4\xd6\xa5 \xeb\xc6\x89:\
k\xe8\xef}\xd6K\xa5w\xec\xfa\xe7S^R\x81\xa8\
@&\x9aSU_A\xe2i\x13\xc7\xfeL4\xcc\xd7\
\xfe>\xd6\xea\xe1ZH\xf6\xb6Z\x83xgn\xdaR\
\x92\xa7\xc8\xd7 !\x1c\x1c7f>\x08\xd4\xd5\x9fl\
Y9\x96\x81\x04\xbc\x0a\xc4\xf4\xb4\xf7\x1eO\x92\xa7\xc8\
\x0b$\xcc\xa3G\xcb\xc8\x19O\x02N\x8f\x0d\xfb\x9b\x13\
\x9d\x8a\x22\x01\xaf\x02\xf1>\xa1M[J\xf2\x14y\x81\
\x84tx\xf5\xd3\xc4\xe8)\xd9\xf6\xfa\xdd\x1d\xb3\x1f\xf5\
\x9a \x09x\x15\x88W\xaa\xe6\xed$y\x8a\xbc@\x0c\
\xde\xbdz\x1e\x84\x1e*qO\xff\xc2V\xf7\xff\x8d\x88\
\x7f\x12\xf0*\x101^c\x0e\x92<E^ \xd3W\
?\xf3z\xa7\xb4\xef\x11\x00'\xca\x09r\x81\x88\xd6\x97\
J\xdc\xb3{a\xeb\xcf\xe4\xfe\x87zH\xc0\xab@\x82\
\xd2\xf6\xef/\xc9S\xe4\x05R\xbe{$\xbb\xcd\xfb\x17\
0z`\xf3\xfaBG\xeb\x8f\xfcc\x1e\xe9)\x01\xaf\
\x021I^\x16K\x92\xa7\xba\x10\x88\x07\x91\x0c\xba5\
\x85cY\xeb\x8b\x9d\xcd\xdf\x97\xe1\xf4n-\x01\xaf\x02\
\xf1\xce\xd5\xb4\xa5$Ou#\x90\xb2H\xb2\xb9\x0b\xe1\
8g\x13Yg2\xf0*\x18\xcf\x01\xd8\x5cH%\xfe\
\xd34\xe4\xd1\xe2I\xc0\xab@*\x91\x91\xd1\xdb\x90\xe4\
\xa9\xae\x04R=\xe4C-K\xc0\xab@\xaa\x97-I\
\x9eT \x06\xf3$\x01\xaf\x021\x08^\x18J\x92'\
\x15\x88\x10\xeex\xe6\x12\xf0*\x10\x83\xe0\x85\xa1$y\
R\x81\x08\xe1\xaa@\xc6!\xa0\x1fL\x8d\x80S\xf5\x97\
\x15\x0d\xce\xef\xc0\xa1$W&]A\x02\xe3\xf6\x1d@\
\x92']A|c\x1e\xe9(\x01\xaf\x021\x08^\x18\
J\x92'\x15\x88\x10\xaen\xb1t\x8b%\x992\xba\xc5\
\x1aFKre\xd2\x15D2\xcd\xcc\xdaJ\xf2\xa4+\
\x88A\xf6\x12\xf0*\x10\x83\xe0\x85\xa1$yR\x81\x08\
\xe1\xea\x16K\xb7X\x92)\xa3[,\xddb\xbdF@\
o\xf3\xeam^]At\x05\xd1\x15DB@W\x10\
]A\xc6\x99/\xba\xc5R\x81\xa8@T \xde\x96\x14\
\xc9\xdd\x11\xbd\x8b\xe5\x8di\x18V\x92<\xe9],\x83\
\x19\x90\x80W\x81\x18\x04/\x0c%\xc9\x93\x0aD\x08W\
\x8bt-\xd2%SFk\x10\xadA\xb4\x06\xd1\x1a\xc4\
\xdb5C\xb2t\xeb\x16\xcb\x1b\xd30\xac$y\xd2-\
\x96\xc1\x0cH\xc0\xab@\x0c\x82\x17\x86\x92\xe4I\x05\x22\
\x84\xab5\x88\xd6 \x92)\xa35\x88\xd6 Z\x83h\
\x0d\xe2\xed\x9a!Y\xbau\x8b\xe5\x8di\x18V\x92<\
\xe9\x16\xcb`\x06$\xe0U \x06\xc1\x0bCI\xf2\xa4\
\x02\x11\xc2\xd5\x1aDk\x10\xc9\x94\xd1\x1aDk\x10\xad\
A\xb4\x06\xf1v\xcd\x90,\xdd\xba\xc5\xf2\xc64\x0c+\
I\x9et\x8be0\x03\x12\xf0*\x10\x83\xe0\x85\xa1$\
yR\x81\x08\xe1j\x0d\xa25\x88d\xcah\x0d\xa25\
\x88\xd6 Z\x83x\xbbfH\x96n\xddbyc\x1a\
\x86\x95$O\xba\xc52\x98\x01\x09x\x15\x88A\xf0\xc2\
P\x92<\xa9@\x84p\xb5\x06\xd1\x1aD2e\xb4\x06\
\xd1\x1aDk\x10\xadA\xbc]3$K\xb7n\xb1\xbc\
1\x0d\xc3J\x92'\xddb\x19\xcc\x80\x04\xbc\x0a\xc4 \
xa(I\x9eT B\xb8Z\x83h\x0d\x22\x992\
Z\x83h\x0d\xa25\x88\xd6 \xde\xae\x19\x92\xa5[\xb7\
X\xde\x98\x86a%\xc9\x93n\xb1\x0cf@\x02^\x05\
b\x10\xbc0\x94$O*\x10!\xdc\xd1\xccc\xd9\xfc\
9\x04\xdc\x04\xe6\xf3e\xe1h\x8dU\x1a\xbcq\xd7\xa2\
S\x9e\x97\xf9U\xc6z\xda\xca\xdc\xb9\x96\x8dM\x9e[\
\xab\xf1\xd3\xdd\x9b2\xb9\x1b\xd8\xcd\x13\xd0X\xa91M\
\xea\x1adz&\xffv\x87\x9de \xfa\xb0g\xe0\xa3\
\x182c\x95C\xaf,\xd9\x93|K1H\x1c\xd3\xbe\
\xf5\x22\x90xz\xdbgA\xce2\x00\xc7I\x191#\
UL%2R\xbf\x03\xf6\x93R \xf1U\xb9\xd3a\
\xf12\x80\xda\xfc\x82\x1b\xdd\x8fo-\x0c\xd2\x97\xd1\x95\
\xd8k6\xae\xbfhQ\x17H<\x93\xff\x0c\x88\x97\x81\
1\xd3\x1f\x81\xb2\xd7\x15\x85db\x83_\xffI%\x90\
\xe3W\xe7\x9aK%,c\xe0J\xbf\xc0\xbc\xf99\xcb\
\x0a\xc997z\xb3\x0d\xcf*\xaa\x02i\xca\xe6\xaef\
._\xc0\xde\x18\x94\x8eeY\xef\xdc\xd5\xd1\xfc\x88\xdf\
8\x93B \xf1\x15\xb9Y\xb0q\x13\x08\xd7\xfa\x05%\
\xf6#\x0c\xb0\x83\x1b\x8b\xa9\xc4W\xc5\xbe\x86\x1c\xa2&\
\x90xv[;\xd8Y\x0e\xe0T\x13\x08\x08\xb8\xa7?\
\x99\xb8*H\xac\xba\x16\xc8\xb1\xab\xb7N?\xc2\xb1n\
bF2\x08\xa4`\xbe\xb4\x07\xec\xdcXH\xb5\xde\x1e\
,\x8e\xdc;*\x02\x89uo\xfb0J\xcer\x22\x9c\
)\x1f\xe58\x1e\x84\x8b\x0a\x9d\x89\x1f\x06\x89Y\x97\x02\
\x99\x91~\xec\x98\x12\x8eX\x06\xc2\xe7\x82\xc01\xea\xcb\
\xd8\x01\xe2%\x85d\xeb7\x8c\xc6\x1d'X\xad\x0bd\
z:\x7f\x9eCX\x06\xf0{\x8d31tG\xae\xbe\
\x04\xb2\x89\x1bbO\xe4\x97\x11p\x83q\xe0\xc6\x02\xf2\
3D\xb4\xa4\xbf3q\xb7\xb1\x90c\x04\xaaU\x81\xc4\
3\xb9\xb3\xe0\x0a\x83qA\x18\x0c\x88\xf1\xad\xfeT\xe2\
\x93&b\xd7\x8d@\xe2\x99\xdc\x12\x0c\xdd#\x8f\xc8\x8f\
\x9f\x00\xe1\xcb\x85\xce\xd6{\xc3\xeap\xad\x09$\x96y\
\xea-\x16J\xcb\x19\xf8hXc\x06po!\x99\xb8\
\xccT\xfc\xc8\x0b$\x96\xee\xfb'\x22\xdc\x0cP\x83)\
(\x95\x8c\xc3\x8c\xdf\x80\xe8K\xc5d\xcb\x83\xa6\xdb\xad\
\x15\x81\xcc\xe8\xde\x96(9\xe5\xe2{\xae\xe91\x1e\x8c\
G\xf4'0\xffk!\x99\xf8\xba\xc96\x22+\x90\xa6\
l\xbe\x8b\x99o\x06p\x8cI \x87\xc5\xea)\x81\x17\
\xdbL\xe7\x01\xb8\x19\x14\xe8~\xfcD\xdd\xfc\x85S\xc2\
\x97v/J<4\x91\xa1\xd7\xbfW[ Cw\x0f\
y9\x88\xae\xf1\xdag\xb9\x1d\x17\x98\x90\xa5}\xd4]\
\xe8J<'\xf7\x1f\xdf#r\x02\x89\xa5\xfb\x16\x90E\
\xff\x02\xc6t\xd30\x0e\xc6c~\xc0\xb1y\xf1\xee\x8e\
9\x8f\x0eo\xa3iU_\x17\xbbm\x03\xc7\x86\xd66\
\xf8\xc7D\xfc\xc5\xfe\xce9\xbf\x0a\xdaF\xb5\x04r\xec\
\xaa'\x9a\x8e\xb0\x1a\xdc\xadTg\xd01\x8c\xed\xcf\x7f\
\x06\xacl\x09N\xf7\x9ed\xebSa\xb5\x13\x19\x814\
e\xb6~\x8aa\xb9+\xc6Ia\xc1\x00\xe8afZ\
\x5cL5\xff|\xbc6b\xe9\xdc\x17\x88\x5c\xa1\xb0\x1d\
V_\x08\xf8\x9eC\xb4\xb8\xd8\xd9\xf2\x07\xbfmTZ\
 \xb3\xfe}\xfbQ/\x1f\xb5w9\x98?\xef\xb7\xcf\
\x1e\xfc\x06@\x94\xa5\xc1Rw\xff\xa29Oz\xb0\x0f\
dR\xf3\x02\x89\xa7\xf3s\x89\xf8f\x06\x9a\x03\x8dt\
|\xe7\xffe\xd0bQ\x1d\xb0tSC|\xc6IK\
@\xf4\xe5\x10\xfb\x050zK%,\xde\xd3\x95\xd8&\
m\xa7\x92\x02\x89g\xf2\xcb\x01\xfe\x92\xb4\x8f\x12{\x02\
w;h\xc8\x16\x93\xb3\x7f'\xf1\x0bb[\xb3\x02i\
\xea\xce}\x8c\x1d\xb7\xf8\xc6\xe9A\x068\xae/\xa3\x0f\
p\x96\x14Rsz\xfc\xb6\x11_\x91;\x0e6\x96\x80\
\x10\xe6U\x13\x00\xaf\xb3\xec\xc1\x1bv-8\xedO^\
\xfbZ\x09\x814er\x8b\xd9\xad\xcf\xc2\xfc1\xd6Z\
\xb6\x95\x0d\xf2\xca\x88\xdf\xee\xd5\x9c@\xe2\xe9'/b\
\xd87\x1b\x7f\xaaz(\xa1g\x01,/$\x13k\xfc\
\x82;\xdcoF\xfa\xe9\x13\x1c\x1a\x5c\x12\xee\xbe\x1b \
 \xeb\xd8\xd6\x0d\xc5\x05\xcd{&\xea{\x98\x02\x89\xa7\
s\x9f\x83\x85[\xc0\x982Q?\xfc\xfe\x9d\x81o\x12\
S\xb6\x90j\xd9\xec7FP\xbf\x9a\x11\xc8\xf4l\xee\
\x5c\x87\xcbW\xa2\xf7\x04\x1d\xd48\xfe/\x80\xf0\xd5B\
g\xe2ka\xb515\xd37\xdb\x06\x96\x00\xf4\xa9\xb0\
\xda(\xc7e\xdcVhh\xb9\x01\x0bh\xdfX\xed\x84\
!\x90X\xa6\xaf\x83`\xdd\x02p,\xb4\xf11z-\
\x94\xbaw\xa5N\xf1\xfe-KH\x9d\xa9\xba@\xdc\xa7\
\xaa\xcc\xb8\x85\x08\xee\xad\xd4\xb0~/\x02\xd6m\x85d\
\xb3\xfbMAE~\xb1l\xfe\xcd\xc4\xec>\xbc\xbc<\
\xd4\x06\x89\x96\x17:[\xdcvF\xfcL\x0ad\xffM\
\x92[\x00\x9c\x18\xd6x\x18\xf8\x0e\x11\xba\x83\xbe?e\
\xb2\x7fU\x13\xc8\xb4l\xeem\xd6\xd0\x8a\xf1!\x93\x03\
:,\xd6\x00\x18+\x0b;\x07\x16c\xe9\xe9\x03!\xb6\
3f\xe8\xa6\xecS\xefbv\x96\x00|q\x88\xed3\
\x01_\xecO&\xbe2\xbc\x0d\x13\x02\x89\xafz\xf2\x0a\
\xb2\xec[B\xbdIB\xf4\x00;\xdc]L%\xbe\x17\
\x22#_\xa1+.\x90\xa6t\xdf\xa9\xe5\xdb\xb5\xc4\x1f\
\xf7\xd5c\xafN\xcc\xab\xf7q\xe9\x8b/-<\xb5\xdf\
\xabK\x98v\xee\x16\xb2\xc4XB\x08u\xa5|\x19\xcc\
\x8b\x0f\xbc9\x1cD \xb1\xec\xb6K\x88\x1dWpo\
\x0e\x8f\x0b\xfd\x18\xe4t\x87\xf9\xbaM\xd0\xbeWL \
Nc\xe3\xb5\xf6\xbe\x81[\x00\x9a\x17\xb4\xd3\xe3\xfb\xf3\
:\x87\x1a\x97\xee\xee|\xd33\xe1\xb6\xe3/\xba\xfbj\
79\xee\x8a\x82w\xfb\x8b\xe0\xc9\xab\x1fL78\x0e\
\xe7\xa4\xdf\xa4\x93\xdd\xf00;\xa5\xaf\x00\xf4NO-\
\xf92\xe2\x87\x99\xedl1\xd5\xfcm_\xee\x15t\xaa\
\x98@\x0887\xe4q\xf5\xb0m\xdd\x5c\x5c\xd0\xfc\xfb\
\x90\xdb1\x12>\x9e\xc9]^~\x86\xc2\xfcWF\x02\
\x8e\x1ed;\x80\x93\xbd\xc6'\xe0\xa7\x0c\xbc\xcf\xab\xbd\
\xd8\x8ey\x0b\x91\x95\xedO\xb6\xac\x13\xfbV\xc9\xa1\x22\
\x02\x09slL\xf8.\x06K\xb7\x16\x17\x9d\xf2\x8b0\
\xdb\x09+\xf6P\xf1K\xee]\xaf\xd9a\xb5Q\xed\xb8\
\x04\xfc\x96\x89\xb2\x85\xce\x96;\xaa\xdd\x17i\xfbQ\x16\
\xc8\x0f\xc1\xf4\xf5B\xaa\xe5\x07\xd2A\xd7\xa2},\x9b\
\xeb$vo\x0f\xe3\x84Z\xec\x9f\xcf>=F\xect\
\xf7\xcfh\xcd\xe2\x0a*\xf9\x8cQU7\xff\x02I\xe7\
\xb6\x830\xab\xd2\xbd\xdf\xbf\x0dH\x079\xa9\xa2\xd2}\
\xf6\xda\xde\xfew\x99\x92\x18\xba=,>\xe2\xc6k;\
\x15\xb0\xcb\x01\xe8>\xfa\xd5)\xd9\xe7\xfe\xe1\xe4W*\
\xd0^hM\xf8\x17H6\xb7\x19\x8c\xb3C\xeb\xd9\xc8\
\xc0[\x08\x14\xa9\xfd\xab_6\xee\xdb\xb0\x8d\xb6\x9dD\
yE\x89\xd2w.\xf4Gf\xeeF\x83\x95\xf5\xf2\xa4\
\xdf/\x9fJ\xfa\xf9\x17Hz\xebR\x90\x15\xfe\xd16\
\x84G\x19\x94-v\xb6\xac\xae$\x98Zh+\x9e\xce\
\x9fL\xe0$\x13\xbeP\x0b\xfd\x19\xb3\x0fC\x1f+u\
7\xd2\xcb\xdd;:\xcfx\xa1\xa6\xfb*\xec\x9c\x7f\x81\
ds\x17\x82\x11\xde\xfe\xbf\xfc\x22\xa1\x95)\xa4\x9a+\
~\x1a\x88\x90a\xe8\xe6\xd33O\xcdq\xd8I\x82\xb8\
+\xf4\xc6D\x0d\x84\xfb\xb1\x92\xa8+!\x19\xfb\x16\x88\
\xdb\x9fX&w7\x01F>\x8e\x1f6\xbeg\x19V\
\xa6\xf8\xc2\xb3\xb7a\xe9y\x83!\x8d;\x92a\xf7\xbf\
}\xe0\x1eat]u\x07P\x99\x8f\x95\xaa;\xc6\xa1\
\xd6\x03\x09d\xea\xaa\xdc\x99\x96\x85\xcd\x04\x1ci`0\
\xee\x8b\x84\x99\x12\x1f\xb1bO\xf2\x0d5u\xc6\xad\x81\
\xb1\x19\x0d\xe1\x1e\xb6m1'\xc3?!rD\xb7+\
\xfa\xb1\x92Qh>\x83\x05\x12\x88\xdbfS:\xbf\x90\
\x89W\xfal\xdfu{\x91\xc0Y\xc7\xb63\xc5\x05\xcd\
\xeek\xe8\xfa\xf3H \xde\xfd\xd4\x05\xec8I\x02_\
\xea\xd1\xc5\xb7Y5>V\xf2\xddY\x83\x8e\x81\x05\xe2\
\xf6\xa5\xfcT\x18\xe8\x15\xf6k\x00\xc4Y\xcb\xb63\xbb\
>\xd3\xdc'\xf4U\xf3a\x04\x9a2[/e\xa6$\
\x88\xcc\x9f3U\xc5\x8f\x95j!\xc9F\x04\xe2\x0e$\
\x96\xe9\xbb\xd8\x02]9\xf1\xb2\xcf\x05068%\xce\
\xee\xee:\xf4P\x84Z\x00\x12\xe5>\xc42}W\x12\
\xc8\xadQ\xce\x09:\x8eZ\xf8X)\xe8\x18L\xf8\x1b\
\x13\xc8\x81\xce\xc4\xbbs\xa7\xa1\xe4\x5c\x01\xcb\xfa \x1c\
\x9c\x5c~\x98H\xf8%;\xf8-,l.5Ny\
\xf0\xc5\xebN.\x98\xe8\xbc\xc6\x18\x9d@<\x93\xbb\x8e\
\x00\xb7Fy\x9b\x98Q\x0d}\xac$\xee{\x08\x0e\xc6\
\x05\x12B\x1f5\xa4\x1f\x02K754\xcd<)9\
tp7\xcd\x99(D-~\xac4Q\x9f+\xf1w\
\x15H%(W\xb1\x0d\xf7P\x09nD\x92\x86N\xb8\
\x1f\xed\xcd\xde\xff#\xe6\xae\xfeT\xeb}U\xecf\xcd\
6\xad\x02\xa9\xd9\xd4\x98\xed\xd8\xd0\xa1\x12\xa5\xcb\x1d\xe0\
\xfd\x00Os\xa3\x13\xe1~\xe6\xd2O\x8a\xc9S*v\
\x8c\x8e\xd9Q\x85\x1fM\x05\x12>cm!\xc2\x04T\
 \x11N\x9ev=|\x02*\x90\xf0\x19k\x0b\x11&\
\xa0\x02\x89p\xf2\xb4\xeb\xe1\x13P\x81\x84\xcfX[\x88\
0\x01\x15H\x84\x93\xa7]\x0f\x9f\x80\x0a$|\xc6\xda\
B\x84\x09\xa8@\x22\x9c<\xedz\xf8\x04T \xe13\
\xd6\x16\x22L@\x05\x12\xe1\xe4i\xd7\xc3'\xa0\x02\x09\
\x9f\xb1\xb6\x10a\x02*\x90\x08'O\xbb\x1e>\x01\x15\
H\xf8\x8c\xb5\x85\x08\x13P\x81D8y\xda\xf5\xf0\x09\
\xa8@\xc2g\xac-D\x98\x80\x0a$\xc2\xc9\xd3\xae\x87\
O@\x05\x12>cm!\xc2\x04\xfe\x1f\x0ex\xc6\xd7\
(l\xbc\xbe\x00\x00\x00\x00IEND\xaeB`\x82\
\
\x00\x00\x1b\x90\
\x89\
PNG\x0d\x0a\x1a\x0a\x00\x00\x00\x0dIHDR\x00\
\x00\x00\xc8\x00\x00\x00\xc8\x08\x06\x00\x00\x00\xadX\xae\x9e\
\x00\x00\x1bWIDATx^\xed]{\x90\x14\xe5\
\xb5\xff\x9d\x9e\x05\x13|\xed\xcc.$\x972Q\xd9\xe9\
!JE\xc1\xdc\xbajD\xcbG\x99\x84\xa8\xc9\x1f\x10\
\xf2\xaa\x00\x9a20=\x0bJ\x1e\xber\x131\x89Q\
\xc9C\x03;3\x10+\x0a\xa4\x12\x0dY\xfe\xc8\xc3\x98\
GE-\xc4$\xde\xba\x114\x05\x84\xe9Y\xc4\x84\xe2\
&\xb0\xd3\xb3\x82B\x84\x99>\xb7zv\xbd\xd7\x17;\
\xfd}\xdd\xd3\xdd3\xfdM\x15\xc5V\xcd9\xe7;\xe7\
w\xbe\xdft\x7f\xdd\xdfw\x0eA}\x14\x02\x0a\x81\xe3\
\x22@\x0a\x1b\x85\x80B\xe0\xf8\x08(\x82\xa8\xd9\xa1\x10\
\x18\x07\x01E\x105=\x14\x02\x8a j\x0e(\x04\xe4\
\x10PW\x109\xdc\x94VL\x10P\x04\x89I\xa2U\
\x98r\x08(\x82\xc8\xe1\xa6\xb4b\x82\x80\x22HL\x12\
\xad\xc2\x94C@\x11D\x0e7\xa5\x15\x13\x04\x14Ab\
\x92h\x15\xa6\x1c\x02\x8a r\xb8)\xad\x98 \xa0\x08\
\x12\x93D\xab0\xe5\x10P\x04\x91\xc3Mi\xc5\x04\x01\
E\x90\x98$Z\x85)\x87\x80\x22\x88\x1cnJ+&\
\x08(\x82\xc4$\xd1*L9\x04\x14A\xe4pSZ\
1A@\x11$&\x89Va\xca!\xa0\x08\x22\x87\x9b\
\xd2\x8a\x09\x02\x8a 1I\xb4\x0aS\x0e\x01E\x109\
\xdc\x94VL\x10P\x04\x89I\xa2U\x98r\x08(\x82\
\xc8\xe1\xa6\xb4b\x82\x80\x22HL\x12\xad\xc2\x94C@\
\x11D\x0e7!\xad\xee\x81\x1d\xa7'\x12\x13\xfb\xd8F\
\x1f\xc3>\x1dD\xdd\x1a8\xc9\x8cn\x90\xd6\x0dp\x12\
\xa0\xb1\xff\x1d\xd3T\x05x\xa4\xf1?\xdb#D\x18\xb1\
\x1b\x7f\xf3\x08A{\x814\x0c\xd5\xebG\x87F\xfa\xcf\
~A\xc8\x11%,\x8c\x80\x22\x880d\xc7W8\xb5\
P\x9a\xd6\xc5\xb8\x84\xa1\xcd\x02\xa1\x0f\xc4}\xb09\x0d\
\xa2.\x1f\x87\xf9\x7fS\xcc5hT\x06\xd3\x10\x18C\
\x04{k\x8d\xb0\xf9E#\xb3\xbb%\xe3\xc5\xd0\xa8\x22\
\x88\x87\xa4w\x17\xcdYd\xf3\x7f\x90\xa6]\x00\xc6\xa5\
\x00\x9f\xe1\xc1\x9c\x8f\xaa\xb4\x07\x84'\xd8\xb6\xff\xc4\x1a\
\xfd\xd7HV\xdf\xea\xa3\xf1X\x99R\x04\x11Lw\xb2\
X\xba\x9a\x18\xf3\x00\xba\x0c\xc0\xbb\x05\xd5\xc3\x12\xff\x1b\
\xc0\x8f3a\xb0\x9a\xcd\xfc2,'\xdaq\x5cE\x10\
\x17Y\xeb\x1d\x18\xca\xb0f\xcf\x030\x8f\x81Y.T\
\x22+B\x80s5\x19$[\x1b\x1c\xee\xef+E\xd6\
\xd1\x888\xa6\x082N\x22Rys\x1e4\x9a\x0bf\
\x87\x1c\xadYG\x847\x11j \x1a\x84\xcd\x9b\xac\x9c\
>\x18\x9e\x1b\xd1\x1eY\x11\xe4\x0d\xf9\xe9\xbe\xf7\xf9n\
\xed\x84\xda\x22\x00\x0b\x01\xcc\x8cv\xfa|\xf3n\x1b\x80\
\xf5\xf6+]\xebF\x96\x9f9\xe2\x9b\xd5\x0e0\xa4\x08\
2\x96\xc4\xee\xe2\xce34[[\x04J,\x8c\xceb\
;\xe8\x19F{\xc0\xf5\xf5\xb6f\xaf\x1b\xc9\x9e\xb5'\
\xe8\xd1\xa38^\xec\x09\xd2\x9d/\xcd\xd4\x88\x9c\xab\x85\
s\xd5\xe8\x8eb\x92B\xf0\xc9\xb9\x8a\xac\xb3\x99\xd7\x8f\
\xe42\xce\xd5%\xb6\x9f\xd8\x12\xe4\xe4\xb5\xbbz'\xda\
\x89/1\xf3M\xb1\xcd\xbe\x8b\xc0\x89h\xe5Q\xad\xfe\
\xadC\x8b\xa7\x0f\xbb\x10\xef8\x91X\x12$U4\xaf\
C\x83\x184\xbd\xe32\xda\x92\x80x\x17\x88VZY\
\xfd\x81\x96\x98\x8f\xb0\xd1X\x11$Y,_\xe4\x10\x83\
\x80\x8fD8'\x91u\x8d\x81\x9f;D\xa9f\xd3O\
E\xd6I\x9f\x1d\x8b\x05A\xa6\xae\xdd7\xe9\x15\xfb\xf0\
\xedQ\xb8\x9db\xc6\x01\x10\xb6\x13\xd1a\xb0}\x84A\
\x87\x89\xe904>\xec\xfc\xed\xe4\x97\xc0\x93`\xd3$\
&\x9e\xd4\xf8\x9b\xb4\xb73\xf3$0f\x10a\xb2\xcf\
s@\xd8\x9cs\xdbu\x826\xe9\x8e}\x8b\xa76\xfc\
\xed\xe4O\xc7\x13\xa4w\xc0<\xcfN\xe0^0.\x09\
6\x91Tg\xf0\x93`\xec\x00\xb0\x9dm\xec\xa81\xb6\
\xbf\xb4L?\xe0\xc5\x8f\x93V\x99\x93\xbb\x083H\xc3\
\xd9\x00f\x80p6\x81.\x068\xe1\xc5\xae\xb0.a\
\xb3V\xc7\xf2\xe1~\xfd\x19a\xdd6R\xe8h\x82$\
\x0b\xa5O\x11\xe8^\x00S\x02\xc8\xc9!0?\xc9\x1a\
=\x09N<U\xdd\x7f\xe6SXAv\x00\xe3\x02+\
XKNy\xfe\x22P\xfd\x22\xb2\xf9b\x90C\x18\x9c\
\x1c\xc0\xd8\xfb\x19\xbc\xbcjd~\x1c\xc0X\xa1\x0c\xd1\
\xb1\x04I\x15\xcc;\x00|\xb5\xc5\xa8\x1e\x04x\x13k\
\x89\xc1\xae\xfa\xc9\x9b\x0f\xe4\xa6\xbc\xd4\xe2\xf1\x5c\x99\x9f\
\x9c\xdf\x7fR-q\xe8\x12\xb2\xeb\xce\x9e\xb1\xb9\x00N\
q\xa5(/\xf45\xcb\xd0o\x97W\x8f\xaef\xc7\x11\
\xa4w\xf5_\xa7\xda]\x09\xe7\x96j~\xeb`\xe7-\
\xe0\xc4 \xea\xf6&k\x99\xbe\xb7u\xe3x\xb7\x9cZ\
e\x9e\x86\x846\x17\xd4 \xcbl\xef\x16\x8fc\x81\xb0\
Q\xab\xd5\x97\x0f/}\xcf\xbe\x96\x8d\x11\x82\xe1\x8e\x22\
Hj\x8dy!lZ\x03\xf09\xbec\xc98BD\
\xeb\x89\xb1q8\x97~\xdcw\xfb\x01\x18\xec\xcd\x97/\
c\xc2|f^\x08\xc2\xdb\xfd\x1f\x92\x9e\x83\xc6K\xac\
%\xfa\x1f\xfd\xb7\x1d\x8e\xc5\x8e!H\xaaX\x9a\x0b\xa6\
\xb5\x00z|\x85\x92\xb1\x975Z\x9f\xa8\x1f\xdb0\xdc\
\x7fVG\xec~\xed\x1d\xd8\x99\xa9'&, \xbbA\
\x94\xd3|\xc5\x0b\xa8\x80x\xb1\x95\xcdl\xf2\xd9n(\
\xe6:\x82 =\xc5\xf2\x22f~\xd0_\x04\xf9Y\x10\
\xad?V\xafm8\xd4\x7fV\xc5_\xdb\xd1\xb0v\xf2\
\xc0\xce\x9e\x09\x89\xae\x05p\xae(\xa0s\xfd\xf4\x8a\x88\
\xae\xadd\xd3\xeb\xfc\xb4\x19\x86\xad\xb6'HO\xa1\xb4\
\x94A\xab|\x04\xef \x01wW\x0c\xfd.\x1fmF\
\xdeTO\xc1\xbc\x95\x81[\xfc\x5c\xd0\x13xY\xc5\xc8\
\xac\x8e|\xf0\xe38\xd8\xd6\x04\x19K\xea7\xfdK\x00\
?\xcc\xe8\xba\xabjL{\xce?\x9b\xedc)Y\xd8\
}\x0e\xa1v+@\x9f\xf0\xcbk\x02nk\xe7\x1f\x9b\
\xb6%HO\xbe\xdc\xcf\xc4~\xfd:\xed \xc2\xdd\x95\
\xac\xfeC\xbf&F;\xdb\xe9)\x9a\x9fan\x5cM\
\x9c\x97\x91\x9e?\xc4\xb4\xb4\x92K\x0fx6\x14\x82\x81\
\xb6$H*_\xfe\x10\x88\x1f\xf5\x03/\x02\x17\x8f\xda\
\xf5\xaft\xea:C\x16#g}2QK|\x9dA\
YY\x1b\xaf\xd3c\x9ac\xe5\xd2\xbf\xf6\xc5V\x80F\
\xda\x8e \xdd\xab\xcdK\xb5\x04\xfcx\xcc\xea\xd4\x9c\xba\
\xd9\xcaM\xbf?@\xbc\xdbn\xa8T~\xd7\xf5 \xed\
\x1e\x00I\xaf\xce\xdbu\x5c6\xb2T\x7f\xc2\xab\x9d \
\xf5\xdb\x8a \xa9\x82y\x01\x00?\x9e\xb1?\xa6\x81n\
\x1a6\xd2\x7f\x0e\x12\xecv\x1d\xab\xb7P~\x9f\x0d^\
\x09\xe0r\x1fb\xb8\xd02\xf4?\xf9`'\x10\x13m\
C\x90\xee5\xbb\xcf\xd5\xec\xfa/\x00\xbc\xcb\x132\x8c\
\xefX\x07\xd27\x05\xb6O\xca\x93\xb3\x11R^\xc1Z\
jry%\x08_\xf0\xe8\xd5\xdfm-q\xcd\xc8\x92\
i\xcfz\xb4\x13\x88z[\x10\xa4\xb1}$\xd1\xf5\xa8\
\xd77\xe4L\xb8\xb5\x9a\xd5\xef\x0e\x04\xd9\x0e\x1d$Y\
4o!\x86\xc7G\xe0\xf4\x9cV\xaf\xcdi\x87m)\
mA\x90T\xd1\xfc\x89\xe7\xbdU\xcc7Z\xb9\xcc\xf7\
:t\xde\x06\x1aV*_\xba\x01D\xf7y\x1a\x94\xb0\
\xd1\xca\xea\x1f\xf7d#\x00\xe5\xc8\x13\xc4\x97]\xb9\x8c\
\x0fZ9\xfd\xb7\x01\xe0\x19\x9b!Ry\xf3\x03 \xfc\
\xc6c\xc0\x91\xdf\x05\x1ci\x82\x8c\x9d\xe7\xf8\x91\x97$\
tMH\xbcs\xff\xf5\xd3\xfe\xe9\xc5\x86\xd2}k\x04\
\xa6\xdc\xbf\xfb\x1d\xb5c\xf5\x7fx\xc1\x87\xc1\x9f\x8e\xf2\
y\x92\xc8\x12\xa4q\x12P\x83\xf3\xaeC\xfa\xb0\x13'\
\xb4\xee\xea\xe2\xbe\x17\xbd$P\xe9\x8e\x8f@r\xed\xd0\
\xa9T\xb7\xbd\x14\x9b\xdb\xaf\xd9\x98\x13\xd5\x93\x89\x91$\
\x88s\x86\xfc_\xf6\xcb\x8fz9&\xcbu\xed\x9c\xea\
\xd2\xbe\xbf\xa8\x09\xdez\x04\x92\xab\x87\xdeK\x09[~\
{\x0ea\xf3\xdb\xb4\x13\xe7D\xf1\x8c{$\x09\xd2S\
,\xdf\xe3\xa5\xc0\x02\x83\xaf\xae\x1a\x99GZ?5\xd4\
\x08\xaf\x22\x90,\x94\xae\x22\x90t\xe5x\xa7\x10D%\
\x9b\xbe9j\x88F\x8e Ni\x1eb\xde\x22\x0b\x14\
\x13\x8cjV/\xca\xea+=y\x04\x92E3K\x8c\
\x82\xac\x05&\x9a\x1d\xb5\x92B\xd1#H\xc1\xfc\x99t\
\xdd*\xe7%`N\xff\xa2l\x82\x94\x9ew\x04Ry\
\xf3\xdb\xb2/\x13\x9d\xba[UC\xff\xa8w/\xfc\xb3\
\x10)\x82\x8cV<\xc4\x0f$\xc3{\xcc\xda\x9f\xbeR\
\xbd!\x97D\xcf/5\xe7\x8d\xfb\x94\xf2\xef\xa4\xb7\xa5\
\x10>\x1b\xa5\x0a\x8e\x91!\x88S+wB\x9d\xb6H\
\x96\x03\xadj\xa0+\xd5\xde*\xbff\xb97;c{\
\xb7\x1c\x92Hlp\xe4]\xc7\x12<;*\xb5\x80#\
C\x10O\x0bs\xb6?\xa7v\xe5z\x9b\xd4~k\x8f\
\xed\x02\xfe\xbe\x8c\xdd(-\xd8#A\x90\xb1\x16\x04R\
\x8d&\x9d\xf3\x1c\x15#c\xc8$B\xe9\xb4\x16\x81\x9e\
B\xa9 {\x9e\xc4f\x9e\x15\x85\xd6\x0b\x91 H\xaa\
`:\xd5\x0fo\x94H\xd7\x8ecv\xed\x12u\xd8I\
\x02\xb9\x00T\x1aE!\xb4\xae\xcd\x92'\x13\xef\xb3\x0c\
}y\x00n\x8e;D\xe8\x04itv\xe2.\xe7\xea\
!\xdc\xbc\x86\x08\x0b\xd41\xd9\xb0\xa7\xd0\xf8\xe3\x8f\x1d\
\xdf\xdd \xe1\xe5\x88M\xb5Yaw\xba\x0a\x9d \xa9\
\xfc\xae\x15 M\xa2l%?l\x19\x99OJ\x00\xaf\
T\x02F U(=$U\x08\x82\xed;\xac\xdc\xf4\
\x15\x01\xbb\xfb\xba\xe1B%\xc8h\xc3\xcc\xfaV\x89\x9e\
\x80\x07\x19\x89\x8b\xe3Z}$\xcc\x09#3\xf6h\xb5\
\x94\xfa\x93\xe2%\x85h\x8f\xfdJbV\x98\x8dEC\
%H\xaa`:\xeb\x0eg\xfd!\xf4i\xf7R2B\
\xc1v\x88\xb0\x87\x12M\xcb-C\xf7v\xf6\xc4\x03\x86\
a\x13\xc4Y{\x08\xb6Z\xe6g-##\xa8\xe3\x01\
!\xa5\xea\x1b\x02\xa9Bi\x9bD\x05\xc7m\x96\xa1\xcf\
\xf2\xcd\x09AC\xa1\x11$\x957\xe7\x81\xf0SA\x7f\
\x9d\xf6K\x9f\xb7\xb2\xba\xf0UGx\x1c\xa5\xe0;\x02\
\xa9\xa2\xb9\x1c\x8c\xef\x0a\x1bf|\xcc\xca\xe9\x83\xc2z\
>(\x84G\x90b\xf9!0\x8bU\xf0c\xec=\xc6\
\xb5\x99\xea\xb1\xae\x0f\x99\x0f\xc1D\xe3\xb1/um\x13\
.\x98M\xf4\xb0\x95M\x87\xf2@&\x14\x82\xf4\x0e\x0c\
el\xcd\xde\x0e\xa0K$OLtg5\x9b\xfeO\
\x11\x1d%\x1b-\x04\x92\xc5\xf27\x88\xf9\xcb\x82^\xd5\
4[\x9b1\xdc\xdf\x17xu\xfdP\x08\xd2S0o\
c\xe0N!\x90\x18G4\xae\xcd\xec\x94\x16\x04B\xb1\
w\x90\xb0\xd3z\xc1\x1e\xbd\x8a\x08\xf5'!\xe0\xcb\x15\
C\xf7\xb1\x0e\xb3;P\xc3\x22\xc83\x0c\x08-\xbc\x08\
\xb4\xa6b\xa4\xfd)\x83\xe9\x0e\x9b7I\xa5\x0a&\x0b\
\xa9\x06\xf0\x1c_\xe6=\x92e\xe8\xa1\xe4\xfdU\xecz\
\x0a\xe5\x22\x83\x97\x88`I\xc0\xd6\x8a\xa1\x9f'\xa2\xe3\
\x87l\xe0@%\x8b\xa5\xab\x89\xc9)\x00'\xf4\xd1\x98\
.\x0f\xbb\xb3\x93\x22\x88P\xca\x8e+\xect\xba\xb2\x89\
\x1f\x13\xb5\xc6\xc4\xd7T\xb3\x19\xe9S\x8b\xa2\xe39\xf2\
\x81\x13$U(\xad\x03h\xa1\x98\xb3\xbc\xc522N\
\xe7\xd6P?\x8a \xfe\xc1\x9f*\x94\x9e\x14\xef\x99\xc8\
\xeb-#\xb3\xc8?/\x9a[\x0a\x9e y\xf3\xef\xc2\
O1X\xbb\xd1\xca\xf5\x85^\xf4M\x11\xa4\xf9\x84r\
+\x91\xca\x0f\xdd\x00\xb2\xc5^\x002\xf6Z9\xdd[\
\xe9Y\xb7\x0e\x8e\xc9\x05J\x90\x9e\x81\xd2\xf9\xac\x91h\
\xe1\xe2\x83\xa8aF\x14\xba\xc9*\x82\x08\xce\xaeq\xc4\
\x1b\xddw\xbb\xe0<\xc9\x14jQM6_P\xe9\xcf\
<\xed\x9f'\xe3[\x0a\x94 r/\x8a\xf8A\xcb\xc8\
\x5c\x17\x14 \xe3\x8d\xa3\x08\xe2o\x16R\x85\xd2\x03\x00\
]+d5\xe0\x17\xc5\xc1\x12\xa4`n\x04\xf01\x11\
@X\xd3\xae\xaa.\xe9\xfb\x95\x88N\xabd\x15A\xfc\
E6\xb9f\xe8\xc3d\xdb\xa2\xe5\x99~j\x19\xfa|\
\x7f=9\xbe\xb5`\x09\x22\xba\xfe`~\x19u\x9aj\
-\xd3\x0f\x06\x05\x88\xba\x82\x04\x87tj\x95y\x0a\x12\
\xbc\x0fD'\xba\x1e5\xe0uH`\x04\x19{{\xbe\
\xcb5\x10\xa3\x82\x8fY\x86~\x85\xa0N\xcb\xc4\xd5\x15\
\xc4\x7fhS\x05\xf3\xf7\xa2\x15P4[\x9b\x1e\xd4[\
\xf5\xc0\x08\x92\x1a0\xaf\x83&V\xd2\x87\x81\xbb\xaa\x86\
~\x9b\xffi\x91\xb3\xa8\x08\x22\x87\xdbxZ\xc9\x82\xf9\
M\x02n\x15\xb2l\xe3\xb3V\xbf\xfe\x80\x90\x8e\xa4p\
p\x04\xc9\x97\xbf\x07\xe2eB~j\x89\x0fXK\xa6\
9\xe5c\x22\xf1Q\x04\xf1?\x0d\xa95\xbb\xaf\x84]\
\x17kM\xc1\xb4\xca\xca\xa5o\xf0\xdf\x9b7[\x0c\x8e\
 \x85\xf2/\x01\xbeJ (\xdb\xea\xdd:\x11\xf3\xe7\
\xd7\x05tZ*\xaa\x08\xd2\x02x7nL\xa4\x86g\
\x1d\x05\xa0\xb9\xb7N\x8fXF\xfaj\xf7\xf2\xf2\x92\xc1\
\x11\xa4h\xee\x04\xe3=n]e\xe0\x89\xaa\xa1_\xe6\
V>\x089E\x90\xd6\xa0\x9c,\x98\x8f\x13p\xa9k\
\xeb\x84\xbfZY\xfd,\xd7\xf2\x1e\x04\x83#H\xbet\
\x0cD\xae\xb7\xb73\xa3P\xcd\xe99\x0f\xb1\xf9\xae\xaa\
\x08\xe2;\xa4\x0d\x83\xc9\xbc\x99'\x82\xfb\xdaf\xcc5\
+\x97\x99\xd0\x1ao^o5\x10\x82t\x0f\xec8]\
\xd3&\xec\x11\x09\x88\x19\xb9jN\x97\xae\x14.2\x96\
[YE\x10\xb7H\x89\xc9%\xf3\xa6A\x84\xbc\x88\x96\
m\x1f;c\xa4\xff\xec\x17Dtdd\x03!HO\
\xb1|93;\x8f\xf3\x5c\x7f\xa2\xd8t^\x11\xc4u\
\xfa\x84\x04\xbbW\x9b\x97j\x09<.\xa2DDWT\
\xb2i\xe1\x1d\xc1\x22c8\xb2\x81\x10$\x95/_\x0f\
b\xa1:\xadGk\x98\xf2\xd22\xfd\x80h@\xad\x94\
W\x04i\x0d\xba'\xad2'O\xec\xc2~!\xebL\
\x9f\xb3r\xe9\xfb\x85t$\x84\x03!H2_\xfa\x06\
\x11\xb9>f\xc9\x8c\x03\xd5\x9c.\xdd\x9bP\x02\x07W\
*\x8a \xae`\x92\x12J\xe6\xcd\xfdD\x98\xecV\x99\
\x99\xef\xac\xe62-?~\x1d\x0cA\x0a\xe6\x00\x01\xae\
\x17\xdcQ|\x82\xe5$N\x11\xc4\xed\xf4\x15\x97\x13}\
\x92\xc5@\xbej\xe8\xfd\xe2#\x89i\x04B\x90\x9eB\
\xe9G\x0c\xfa\x94k\xd7\x88~ee\xd3\x22\xefL\x5c\
\x9b\xf6\x22\xa8\x08\xe2\x05\xbd\xf1uS\xc5\xf2#`\xfe\
\xb0\xdb\x11\x08\xfc\xe3\x8a\x91\xf9\xb4[yY\xb9@\x08\
\x92\xca\x97\x1e\x01\x91\xeb\xe0\x01\xded\x19\x99y\xb2A\
\xb5JO\x11\xa4U\xc8:W\xe7\xd2 @s]\x8f\
\xc0\xfc++\x97i\xf9\x8fh0\x04)\x94\x9f\x02\xf8\
\xfdn\x83g\xe0\x87UC_\xe0V>(9E\x90\
\xd6!\x9d,\x98\x1b\x08\xf8\x8c\xfb\x11\xe8\x0f\x96\x91\xbe\
\xc8\xbd\xbc\x9cd@\x041w\x00p\xff\xe6\x93i\xad\
\x95K\x0bU\xbd\x90\x0b_LK\x11D\x0c/\x11\xe9\
T\xbe\xbc\x06\xc4\x8b\x05tvZ\x86~\xb6\x80\xbc\x94\
h@\x04)\xef\x03\xf8\xdf\x5c{H\xb8\xd7\xca\xea\x9f\
w-\x1f\x90\xa0\x22H\xeb\x80N\x15\xcd\xef\x82!\xd0\
0\x87\xfe\xc72\xd2S[\xe7\xd1\xa8\xe5\x80\x08b\x1e\
\x01\xf06\xb7\xc1D\xb5\x82\xa2\x22\x88\xdb\x0c\x8a\xcbI\
T\x5c\xfc\x97e\xe8B\xc5\xe7\xc4\xbdR\x04\x11\xc2L\
\x11D\x08.!\xe1\x98\x13D\xddb\x09\xcd\x16\x01\xe1\
v\xac\xac\xf8V\xe1\xc5\xfd\x16K-\xd2\x05&\xbd\x88\
h\xc7\x10$\xe6\x8bt\xf5\x98Wd\xd6\x0b\xc8v\x0a\
A\xe2\xfd\x98W\xbd(\x14\x98\xf2b\xa2\x9dB\x90X\
\xbf(T[M\xc4&\xbd\x88t\xc7\x10$\xce[M\
\x92j\xb3\xa2\xc8\x9c\x17\x92\xed\x14\x82\xc4z\xb3\xa2\xda\
\xee.4\xe7\x85\x84;\x86 q\xde\xee\xae\x0eL\x09\
\xcdy!\xe1N H\xec\x0fL\xa9#\xb7Bs^\
H\xb8\x13\x08\x12\xfb#\xb7\xaah\x83\xd0\x9c\x17\x12\xee\
\x04\x82\xc4\xbeh\x83\x93\xf1\x94*\xfb#4\xf1\xdd\x0a\
w\x08A\xe2]\xf6\xa7A\x10U8\xce\xed\x9c\x17\x92\
\xeb\x08\x82\xa8\xc2q\xce\x891\xd1\xd2\xa3T\xb7\xf6\xf7\
M\xc4\x0a\xb2\x85fL\x0b\x85\xd5f\xc5\x16\x80\xbb\x82\
\xb5\xd4\x94\xa1\xa3\x00'\xdc[\xef\xc4\xd2\xa3\x12\xc5\xab\
\x19\x89K\xaa\xc6\xb4'\xdd\x03\xd7ZIE\x10\xff\xf1\
M\x16v_L\xa8o\x16\xb2\xdc\x89\xc5\xab{\xf2\xa5\
EL\xf4\xa0\x08\x10L\xb8\xb5\x9a\xd5\xef\x16\xd1i\xa5\
\xac\x22\x88\xff\xe8&\x8b\xe6-\xc4\xb8K\xc421_\
[\xc9e\xd6\x89\xe8\xc8\xca\x06r`\xcaq\xee\xd4B\
iZ\x024$\xe4h@\x07\xf3\xdd\xfa\xa4\x08\xe2\x16\
)\xf7r\xe2\x05=\x80:\xb8\xefE#\xb3\xdb\xfd(\
\xf2\x92\x81\x11\xa4\xb1P/\x94\x9f\x07\xf8\x0c\x01w\x0f\
%\xf8\xd4\xa9\x07rS^\x12\xd0i\x99\xa8\x22\x88\xbf\
\xd0N\xce\xef?\xa9N/\xee\x03p\xb2{\xcb\xb4\xc7\
2\xd2g\xba\x97\xf7&\x19,A\x8a\xe5\x07\xc1,\xd4\
\x08^5\xf1\x1c?\xc1\xed\xfc\x14K\xaa\x89'\xd1:\
+\x9b\x16\xeb\x8c\xeb\x81#\x81\x12$\x99/-&\xa2\
5b\xfe\xaa6\xd0\xe3\xe1\xd5\xce\x04\x91i\x03\xcd\xcc\
K\xaa\xb9\xccZ\xb19$/\x1d(A\xba\x8b\xe6,\
\x8d\xf1\x8c\xa0\xbb\x07Q\xc3\x0ck\x99\xbeWP\xcfw\
qu\x8b\xe5\x1f\xa4\xa9U\xe6i\xe8\xc2v\x00\xa7\x88\
X\xb5\x09\xe7\x8dd\xf5\xad\x22:^d\x03%\xc8\xe8\
:\xc4tz:\xbc[\xc8i\xd6n\xb4r}\xdf\x13\
\xd2i\x81\xb0\x22\x88\x7f\xa0\xa6\xf2C7\x80\xec\xfb\x04\
-\xfe\xcd2\xf4\xd3\x05u<\x89\x87@\x90\xd2:\x80\
\x16\x8ay\xcd[,#s\xb1\x98\x8e\xff\xd2\x8a \xfe\
a\x9a*\x94\x9e\x04h\xb6\x98E^o\x19\x19\xa15\
\xac\x98\xfd7K\x07N\x90d\xb1t51\xfdB\xd4\
q\x8d\xe9\xf2\xe1\x5cZ\xa8\xc9\x8a\xe8\x18\xcd\xe4\x15A\
\x9a!\xe4\xee\xfb\xde|\xf92\x9bX\xb8\xf9\x0d\x13_\
S\xcdf~\xe9n\x14\x7f\xa4\x02'\x88\xe3vO\xc1\
|\x86\x81Y\x22!\x10hM\xc5HgEt\xfc\x96\
U\x04\xf1\x07\xd1\x9eB\xb9\xc8`\xa1\xd2\xb2\x04l\xad\
\x18\xfay\xfex\xe0\xdeJX\x04\xb9\x8d\x81;\xdd\xbb\
\x09\x80qD\xe3\xda\xcc\xe1\xfe\xb3JBzJ8R\
\x08\xf4\x0e\xec\xcc\xd8\xd4\xb5\x0d\x04\xa1\xaa\x88\x04|\xb9\
b\xe8\xdf\x0c:\x98P\x08\xd2;0\x94\xb15\xdby\
\x82\xe1\xba\xeb\xad\x03LTK\x92\x06\x9d\xb4v\x1eO\
\xa2\x82\xa2\x13nM\xb3\xb5\x19\xc3\xfd}\x81\xff8\x86\
B\x10'\xe2T\xb1\xfc\x10\x98?!\x94l\xc6\xdec\
\x5c\x9by\xa8\xff\xac\x8a\x90\x9e\x12\x8e\x04\x02'\x0f\xec\
\xec\x990z\xf58M\xc8!\xa2\x87\xadl\xfa\x93B\
:>\x09\x87G\x90\xbc9\x0f\x84\x9f\x0a\xc7A\xf8\xbc\
\x95\xd5\xef\x15\xd6S\x0a\xa1#\x90*\x9a\xcb\xc1\xf8\xae\
\xb0#\x8c\x8fY9}PX\xcf\x07\x85\xd0\x08\xd2\xb8\
\x8a\x14L\xe7\x85\xcfL\xb18\xf8Y\xcb\xc8\x08\xea\x88\
\x8d\xa0\xa4[\x83@\xaaP\xda\x06\xd0\xb9\x82\xd6\xb7Y\
\x86.\xf4@G\xd0\xfe\xb8\xe2a\x13\xe4F\x00\xc2W\
\x03\x02n\xab\x18\xba\xd0\x16i?AS\xb6\xc4\x11\xe8\
)\x98\xb72 \xb3\xc8^n\x19\xba\xe8\x0bEq\x07\
\x8f\xa3\x11*A\xba\xef}\xbe[;\xa1\xbeUp\x87\
\xaf\x13\xcaAF\xe2\xe2\xaa1\xed9\xdf\x90P\x86Z\
\x86@\xb2\xb0\xfb\x1cB\xdd9\xf8&\xb4\xad\x04\xa0=\
\xf6+\x89Y#\xcb\xcf\x1ci\x99sM\x0c\x87J\x90\
\xc6mV~\xd7\x0a\x90v\xbb8\x00\xfc\xb0edB\
Y\xb8\x89\xfb\x1ao\x8dT\xa1\xf4\x10@b\x0fd\x1c\
\xc8\xd8\xbe\xc3\xcaM_\x11&z\xa1\x13\xa4\xbb\xb8\xf3\
\x0c\x8d\xbb\x9c\xb5H\xb7(\x10DXP\xc9\xea?\x14\
\xd5S\xf2\xc1!\xd0S4?\xc3\x8c\x0d\x12#\x8e\xd8\
T\x9b5\x92=k\x8f\x84\xaeo*\xa1\x13dl\xb1\
\xee\xacC\x9c\xf5\x88\xe8g\xc71\xbbv\x89z\xec+\
\x0a[0\xf2\x8d\xc7\xbaZ\x97s\xde\x5c\xa6\xd9\xe6}\
\x96\xa1\x0b\xf4,lML\x91 Hw\xbe4S#\
\x92\xda\xc2L\xe0b\xc5\xc8\x18\xad\x81GY\xf5\x82@\
O\xa1T`\x90\xd4\xf6 \x9by\xd6H.\xb3\xcd\xcb\
\xf8~\xe8F\x82 N =\xc5\xf2=\xcc|\x93T\
Pl\x7f\xce\xcaM\xbf_JW)\xb5\x04\x81T~\
\xd7\xf5 \xed\xfb2\xc6\x89he%\x9b\xbeYF\xd7\
o\x9d\xc8\x10\xe4\xe4\xb5\xbbz'\xd4i\x0b@\xd3%\
\x82\xacj\xa0+\x87\x8d\xf4\x9f%t\x95\x8a\xcf\x08\xf4\
\x16\xca\xef\xb3\xc1\xbf\x03\x90\x147\xcd\xbb\x8e%x\xf6\
\xa1\xc5\xd3\x87\xc5u\xfd\xd7\x88\x0cA\x1ak\x91\xa2y\
\x1d\x18?\x90\x0c\xf31k\x7f\xfa\xca(\x15\x9a\x93\x8c\
\xa3\xbd\xd5\x1a\x85\xe0\xca\x0e9.\x97\x0a\x84\xf0Y+\
\xab? \xa5\xdb\x02\xa5H\x11\xc4\x89/Y0\x7fF\
\xc0G\xa4be|\xc7\xca\xe9_\x94\xd2UJ\xbe \
\x90\xca\x9b\xdf\x06\xe1\x0b2\xc6\x18\xf8y\xd5\xd0?*\
\xa3\xdb*\x9d\xe8\x11\xa4X\xbe\x88\x98\xb7\xc8\x06\x1c\xb5\
bs\xb2q\xb4\xa3\x9eL\x11\xb8\xd7\xc6\xc9D\xb3\xab\
\xd9\xf4SQ\x8a=r\x04q\xc0\xf1\xb4`w\x0c0\
\xdfh\xe52\xa1\x9fa\x8fR\xa2[\xedK*_\xba\
\x01D\xd2[B\xa2\xb40\x7f-V\x91$\xc8\xd4\xb5\
\xfb&\xfd\xcb~\xf9Q0.\x91N,\xe3\x83VN\
\xff\xad\xb4\xbeRt\x8d@*o~\x00\x84\xdf\xb8V\
x\xa3 a\xf3\xdb\xb4\x13\xe7\xec[<\xf5\xb0\xb4\x8d\
\x16)F\x92 N\xac\xbd\x03\xe6y\xb6\x86G\x01L\
\x91\x8d\xbdkB\xe2\x9d\xfb\xaf\x9f\xf6OY}\xa5\xd7\
\x1c\x81)\xf7\xef~G\xedX\xfd\x1f\xcd%\x8f+\xb1\
_\xb31g\xb8_\x17-\x07\xe5aH\xf7\xaa\x91%\
\x88\x13B\xb2P\xfa\x14\x81~\xe4>\x9c7KrB\
\xeb\xae.\xee{\xd1\x8b\x0d\xa5\xfb\xd6\x08$\xd7\x0e\x9d\
Ju\xdb\xd3FB\x06\x7f\xbajd~\x1cU\x8c#\
M\x10\x07\xb4T\xc1\xbc\x03\xc0W\xbd\x00\xc8u\xed\x9c\
\xea\xd2\xbe\xbfx\xb1\xa1t_\x8f@r\xf5\xd0{)\
a{\xddM\xfd5\xcb\xd0%6\xaa\x06\x97\x8d\xc8\x13\
\xa4A\x92\xa2\xf9\x130\xe6{\x81\x85\xc1WW\x8d\xcc\
#^l(\xddQ\x04\x92\x85\xd2U\x04\xf2V~\x87\
\xb0\xd1\xca\xea\x1f\x8f:\xa6mA\x90\xde\xd5\x7f\x9dj\
'\xba\x1e\x05\xf8\x1c/\x802\xc1\xa8f\xf5\xa2\x17\x1b\
q\xd7M\x16\xcd,1\x0a\xdep\xa0\xe7\xb4zm\xce\
\xf0\xd2\xf78\x95\xdd#\xfdi\x0b\x824\xae\x22k\xcc\
\x0ba\xc3)8\xd7\xe3\x09Q\xe7e\xe2\x81\xf4M\xea\
\x8d\xbb \x8a\xce\x1b\xf2\xc9\xe5\x95\xb2/\x01_3Z\
\x05\x1a\xae\xb1\x96\xe8\x7f\x14\xf4 \x14\xf1\xb6!\xc8\xe8\
\xadVi.\x98\xfc8\xbc\xff\x98\x06\xbaI\xed\xddr\
7\xe7\xc6\xf6V\xad\x94\xde>\xf2\xdaa\x88\xe7Y\xd9\
\xcc&w#\x87/\xd5V\x04q\xe0\xea)\x96\x171\
\xb3P+\xb7\xe3\xc0\x5c\x05\xdb7\xab]\xc0\xe3O\xc2\
\xb1]\xb9\xf7\xc8m<|\xbdm\x22\xba\xb6\x92M\x07\
\xd2:\xcd/j\xb5\x1dA\x1a$)\x94\x962h\x95\
\x1f 8\xe7I\x8e\xda\xf5\xaf\xa8CW\xafG\xd39\
\xec4QK|]\xf6<\xc7\x1bsC\xe0e\x15#\
\xb3\xda\x8f\x9c\x05i\xa3-\x092J\x12\xe9*\x19o\
\x85\xef\x0e\x22\xdc\xad\x8e\xef\x8eB3vL\xf6\x16\xc9\
\x93\x80o\xc2\xb7\x9d\xab\xd0\xb4-A\x1a\x89\xcc\x97\xfb\
\x99\xd8\xc7_%~\x98\xd1uW\x5c\xab\xa5\x8cV\x1f\
\xa9\xdd*U`\xe18?\xeb\xc4\xb4\xb4\x92K\x0f\x04\
\xf9\xab\xef\xe7XmM\x90\xc6\xc2=_\xfe\x10\x88\x9d\
-)~}\x0e\x12pw\xdc\xean\x8d]\x91\x9d\xab\
\x86`i\x9eq`g\x9ac\xe5\xd2\xbf\xf6+1a\
\xd8i{\x828\xa0u\xaf6/\xd5\x12\xf0\xb9w\x08\
?\x0b\xa2\xf5\xc7\xea\xb5\x0d\x9d\xba>i\x14UHt\
-\x00\xf3B\x89\x8a\x87\xe3\xceW\xbb\x8e\xcbF\x96\xea\
O\x841\xa9\xfd\x1c\xb3#\x08\xd2\xb8\x92\x14\xcc\x0b\x00\
l\x04\xf0.?\x01\x02c/k\xb4>Q?\xb6\xa1\
SZ/8-\x08\xea\x89\x09\x0b\xc8\xe6\x85\xc2\x85\xa4\
\x9b\x83\xfbw\x00\xf3-C\xffSs\xd1\xe8Kt\x0c\
A\x1aW\x925\xbb\xcf\xd5l{\x83\xd77\xeeo\x99\
6\xc6\x11\x22ZO\x8c\x8daw\xba\x92\x9dVNg\
'&\xccg\xe7\x8a!\xd8\x9f\xc3\xdd\x98\xf4\x9c\xadi\
\x0bF\x96L{\xd6\x9d|\xf4\xa5:\x8a \x0e\xdc\x8d\
m)]\x89{\xbd\xee\xdd\x1a?u\xbc\x05\x9c\x18D\
\xdd\xde\x14\x85\xee\xbb\xe3\xf9\xda\xe8&\x9b\xd0\xe6\x82\xea\
\xf3\xc4{\x02\x0aL`\xc2F\xadV_\xde\x0e\xdbG\
\x04\xa2B\xc7\x11\xe4\xd5\xe0\xfd\xd8\x05\xec\x02\xc8\x83\x00\
ob-1HG\xed-\xd62\xfd\xa0\x0b\x9d\x96\x8b\
\xa4V\x99\xa7\xf0Dm6\xd9\x0dR\xcc\xf5u\xe1\xfd\
\xd6\xdeG~W\xae,\xe8\x1dK\x10\x07\x90\xb1\xf3$\
N\xd5F\xe9CW\xae\x81e~\x19DO3\xf04\
i\x89\xc7\xad\xd4\x7f?\x86\xf9\xf3\xeb\xae\xf5\xbd\x08n\
\xdc\x98HY\xff~9\xdb\xf5\xcb\x088\x1f\xcc\xe7\x83\
\xe8D/&]\xea\xeeg\xf0\xf2(\x9f\xe7p\x19\xc7\
q\xc5:\x9a \x8d[.\xe7db\x02\xce-\x97\xfc\
\xf1]9\x94m\x066\x83\xb1\x03\xc0v\xb6\xb1\xa3\xc6\
\xd8\xfe\xd22\xfd\x80\x9c\xb9Q\xad\x93V\x99\x93\xbb\x08\
3Hk\x94\xf3\x9c\x01\xc2\xd9\x84Fl\x9a\x17\xbb\xc2\
\xba\x84\xcdZ\x1d\xcb\xa3z\x12P8\x9e\xe3(t<\
A\x9c\xb8\x9d3\xee\xaf\xd8\x87o\x97\xae\xdc\xe8\x17\xda\
\x8dz\x128\x00\xc2v\x22:\x0c\xb6\x8f0\xe801\
\x1d\x86\xc6\x87\x9d\xbf\x9d\xa1\x08<\x096Mb\xe2I\
\x8d\xbfI{;3O\x02c\x06\x11&\xfb\xe8\x8e\x94\
)\xa7\xc0\xc2\x09\xda\xa4;\xa2x\x86\x5c*\xa0q\x94\
bA\x90W\xe3O\x16\xcb\x17\x81\xf9&\xe9\xba[~\
\xa3\xdff\xf6\x9c\xbaU Z\x19\xb5\xd2<\xad\x841\
V\x04y\x15\xc8\xd1\x0a\x8eN\x1d`\xa92\xa7\xad\xcc\
GDm\xf3.\x87\x18Q\xaax\x18\x14P\xb1$\x88\
\x03\xaeS\x0bx\xa2\x9d\xf8R\x14n\xbb\x82J\xb6\xcc\
8\xce\xed\xd4Q\xad\xfe\xad\xa8\xd4\xca\x95\x89\xc1\x8bN\
l\x09\xf2*hc\xad\x17\x16\x02X$\xd3\xc4\xc7\x0b\
\xf8\x11\xd6u*\x95\xac\xb3\x99\xd7G\xa1\x05A\x988\
\xc5\x9e \xffG\x14\xa7\xd3\x95\xad-\x02%\x16J\xf4\
L\x0c3\x87>\x8eM{\xc0\xf5\xf5\xb6f\xaf\x0b\xbb\
\xb3\x93\x8fAy2\xa5\x08\xf2\x06\xf8F\x1b\x8b\xd6\x9c\
\xab\x89sU\x89K\xbbi\xa7Q\xcdz\xfb\x95\xaeu\
a6\xcc\xf44\x93[\xa4\xac\x082\x0e\xb0\xa9\xbc9\
\x0f\x1a\xcd\x05\xf3<\x00]-\xcaAXfk \x1a\
\x84\xcd\x9b\xac\x9c\xee\xc79\xff\xb0\xe2h\xe9\xb8\x8a \
.\xe0\xed\x1d\x18\xca\xb0f;$\x99\xc7@hM\xed\
]\xb8\xdaT\x84\x00\xa7\xd5\xdd \xd9\xda\xe0p\x7f_\
\xa9\xa9B\xcc\x05\x14A\x04'@\xb2X\xba\x9a\x18\xf3\
\xc0tE\x0b\xb6\x8a\x0bz\xe3R\x9c\xb1\x17\xc4\xbfg\
\xc2`5\x9b\xf1V\xf0\xcd\xe5\x90\x9d\x22\xa6\x08\xe2!\
\x93=\x03\xa5\xf39A\xef\x07\xe3\xc2\xc6?\xc2i\x1e\
\xcc\xf9\xa7\xda \x04\xfe\xe8\xfc\xa3:\xff\xa1\xd2\x9fy\
\xda?\xe3\xf1\xb2\xa4\x08\xe2c\xbe\x9d[1\x1b\xf6l\
\x10\x9d\x0bB\x1f\x88\xfb`s\x1aD\xadY\xbf0\xd7\
\xa0Q\x19LC`\x0c\x81\xf9Y\x0d\xda\x16u\xeb\xe4\
_R\x15A\xfc\xc3\xf2\xb8\x96\xba\x07v\x9c\x9eHL\
\xecc\x1b}\x0c\xfbt\x10uk\xe0$3\xbaAZ\
7\xc0I\x80\xc6\xfew\xccP\x15\xe0\x91\xc6\xffl\x8f\
\x10a\xc4n\xfc\xcd#\x04\xed\x05\xd20T\xaf\x1f\x1d\
\x1a\xe9?\xfb\x85\x00\xdc\x8f\xf5\x10\x8a \xb1N\xbf\x0a\
\xbe\x19\x02\x8a \xcd\x10R\xdf\xc7\x1a\x01E\x90X\xa7\
_\x05\xdf\x0c\x01E\x90f\x08\xa9\xefc\x8d\x80\x22H\
\xac\xd3\xaf\x82o\x86\x80\x22H3\x84\xd4\xf7\xb1F@\
\x11$\xd6\xe9W\xc17C@\x11\xa4\x19B\xea\xfbX\
#\xa0\x08\x12\xeb\xf4\xab\xe0\x9b!\xa0\x08\xd2\x0c!\xf5\
}\xac\x11P\x04\x89u\xfaU\xf0\xcd\x10P\x04i\x86\
\x90\xfa>\xd6\x08(\x82\xc4:\xfd*\xf8f\x08(\x82\
4CH}\x1fk\x04\x14Ab\x9d~\x15|3\x04\
\x14A\x9a!\xa4\xbe\x8f5\x02\x8a \xb1N\xbf\x0a\xbe\
\x19\x02\x8a \xcd\x10R\xdf\xc7\x1a\x01E\x90X\xa7_\
\x05\xdf\x0c\x01E\x90f\x08\xa9\xefc\x8d\x80\x22H\xac\
\xd3\xaf\x82o\x86\x80\x22H3\x84\xd4\xf7\xb1F@\x11\
$\xd6\xe9W\xc17C@\x11\xa4\x19B\xea\xfbX#\
\xa0\x08\x12\xeb\xf4\xab\xe0\x9b!\xf0\xbfB\xf7\x1dn1\
\xa0\xe5\xae\x00\x00\x00\x00IEND\xaeB`\x82\
\x00\x00\x1a\x88\
\x89\
PNG\x0d\x0a\x1a\x0a\x00\x00\x00\x0dIHDR\x00\
\x00\x00\xc8\x00\x00\x00\xc8\x08\x06\x00\x00\x00\xadX\xae\x9e\
\x00\x00\x1aOIDATx^\xed\x9d\x09x\x14E\
\xda\xc7\xff\xd5\x13\x88\x04T\x8e$\xc3-\xe0\x11`e\
\x05\x141*\xf7\xe1\xa2+\x06\x14\x14\x05\xc2\xcdz\xb0\
\xab\xe2\xbar,\xe0z\x01+\xe2\x81\xa0~FQ\xd4\
U9E\x90UA@\x11\x16A\xc4\x03\x04Q\xe4\x10\
\x92\x99\x9epC8\xc2\xd4\xf7\xd4\xe8`\x98\xee\xc9\xf4\
t\xf7\xcc\xf4\xf1\xf6\xf3\xf8\xa8L\xd5[o\xfd\xdf\xf7\
GUwUW3\xd0E\x0a\x90\x02Q\x15`\xa4\x0d\
)@\x0aDW\x80\x00\xa1\xec \x05\xcaQ\x80\x00\xa1\
\xf4 \x05\x08\x10\xca\x01R@\x9f\x024\x82\xe8\xd3\x8d\
j\xb9D\x01\x02\xc4%\x81\xa6n\xeaS\x80\x00\xd1\xa7\
\x1b\xd5r\x89\x02\x04\x88K\x02M\xdd\xd4\xa7\x00\x01\xa2\
O7\xaa\xe5\x12\x05\x08\x10\x97\x04\x9a\xba\xa9O\x01\x02\
D\x9fnT\xcb%\x0a\x10 .\x094uS\x9f\x02\
\x04\x88>\xdd\xa8\x96K\x14 @\x5c\x12h\xea\xa6>\
\x05\x08\x10}\xbaQ-\x97(@\x80\xb8$\xd0\xd4M\
}\x0a\x10 \xfat\xa3Z.Q\x80\x00qI\xa0\xa9\
\x9b\xfa\x14 @\xf4\xe9F\xb5\x5c\xa2\x00\x01\xe2\x92@\
k\xed\xe6\xd2\x15\xabxdY\xcey\x87.\x1d\xda\xac\
\xd0j\xc3I\xe5\x08\x10'E\xd3\x84\xbe\x10 g\x8b\
H\x80\x98\x90TN2A\x80\x10 N\xcag\xd3\xfb\
B\x80\x10 \xa6'\x95\x93\x0c\x12 \x04\x88\x93\xf2Y\
w_>Z\xf1Y/\x0f\xa4^\x8a\x1brp\xe5\x9f\
q\xbeRb\x92?\xb2l\xa7\xf6\xd7\xf4\xd6\xed\x80M\
*\xd2=\x88M\x02e\xb6\x9b\x02\x10\x09\xec]\xbdv\
\x19\xd8l\x02D\xafzT\xcf\xf2\x0a\x10 \xdaBD\
#\x886\x9d\x1cW\x8a\x00\xd1\x16R\x02D\x9bN\x8e\
+E\x80h\x0b)\x01\xa2M'\xc7\x95\xa2\x9btm\
!%@\xb4\xe9\xe4\x9aR\xf4\x98\x97\x1e\xf3\xba&\xd9\
\xf5t\x94\x00!@\xf4\xe4\x8dk\xea\x10 \x04\x88k\
\x92]OG\x09\x10\x02DO\xde\xb8\xa6\x0e\x01B\x80\
\xb8&\xd9\xa9\xa3\xc6\x15\xa0\xa7X\xc65$\x0b\x0eV\
\x80\x00qppS\xd95\xb1\xce\xa2\xd6~\xd7\xf6m\
f\xa7\xd2\xafx\xdb&@\xe2U\x8c\xcakR \xda\
J}\xe7\xf6\xd7\xda*\xe7l\xe5\xac\xa6\xc8P!K\
(@\x80X\x22\x0c\xe4\x84U\x15 @\xac\x1a\x19\xf2\
\xcb\x12\x0a\x10 \x96\x08\x039aU\x05\x08\x10\xabF\
\x86\xfcJ\xba\x02KW\xacZ\x0e\xa0\xbd\xde\x86\xad|\
\xee\x16\xdd\xa4\xeb\x8d*\xd5;\xa3\x00\x01B\xc9\xa0[\
\x01\xce\xb9$\xcbrF0\x18\xcc\xe0\x9cg\x00\xc8H\
KK\xab$\xfe\xdb\xe3\xf1\x9c*---a\x8c\x1d\
\x93$\xe9XZZ\xda\xb1\xf3\xcf?\xff\x18c\xec\x84\
\xee\x06SP\x91\x00I\x81\xe8vk\xb2\xb8\xb8\xb8^\
iiic\xc6XN\x10R\x0e\x03r8xc\x06\
\xd4\xd3\xd1\x97c\x00\xb6r\xf1\x0f\x0fnM\x93\xa4-\
\x9c\xf3\xad\xa5\xa5\xa5[k\xd7\xae-~\xb3\xd4E\x80\
X*\x1c\xa9w\xa6\xb8\xb8\xf8\xbc\xd2\xd2\xd2\xdc \x90\
+1\xcfU\x00\xcf\x05p^\x92<\xdb\xc8\x18V\x9c\
\xe6\xfcs^Z\xba\xaev\xed\xda;\x93\xd4n\xd4f\
\x08\x90TG\xc0\x02\xed\x17\x05\x02\x9d\x18\xe7\xd7\x83\xf3\
\xd6\x8cIWr\xce+\xa4\xd2\xad\xa3G\x8f\xc1\x17(\
F\xf04?\x12\x0c\x9e>\x1c\x0c\x06\xf7\x9f*--\
\xee\xdc\xfe\xda\xb6\xc9\xf6\xeb\xe3\xe5\x9f)n\xd0\x83@\
{\x0fc\xe3#}\x117\xe4j\xfeY\xf5pl\xba\
I/'\x9b\x02\x81@\xe3\xd2`\xb0\x07cR\x1e8\
\xbf2\xd9\x89W^{\x02\x90\xed;w+\x8a4k\
z\xc9tp\xcfB\xaf\xb7\xc6\x87\xa9\xf4\x97\x1e\xf3\xa6\
R\xfd\x04\xb6\xcd9O\xf3\xfb\x8bo\x07C\x1e\xc0{\
$\xb0)C\xa6\xa3\x03\x92\xf3\xab]\xce\xbf\xe5\x0c\x0b\
=\x8c\xcd\xcf\xca\xca\xfa\xd2Pc:*\x13 :D\
\xb3r\x95\xa2\xa2\xa2l\xc6<\xf9\x00\xf2\xc1\xf0\x07+\
\xfb*|\x8b\x09\xc8Y\x1d\xe03\x19\xd2\x0a\xb2\xb3\xab\
\xafJV\xbf\x08\x90d)\x9d\xe0vdY\xce9\xcd\
y>\x03\x13p\xd4Nps\xa6\x99\x8f\x0f\x90\xdf\x06\
\x15\xe0\x1d\xe6\x91\x0a\xbc5j|l\x9a#Q\x0c\x11\
 \x89V8\xc1\xf6}>\xdf\x85\x90\xa4\x07\xc0!\xc0\
\xa8\x94\xe0\xe6\x0c\x99\x170D^\xc7\x8f\x9f\xc0^\x9f\
\xe2<i4\xba@\xfd\xa9r\xe5\xcab\x09&<\xfb\
\xc2B\x06\xf6\x9c\xd7\x9b\xb9\xd4\x90c\xe5T\x8ev\xee\
\x96\xdd\xce\xf3u\xe5Mz\xa1\xcfw\x97\xc4\xa41v\
\x191\xc4\xcd\xb8\x1a$Z\x93[@S\x16\x90p=\
&\xb1g\x18\xe7\x93\xb2\xb2\xb2\x0a\xb5\xdar[9W\
\x01RX\x18h%I|\x0c\x18n\xb2S\xa0\x13\x05\
\xc8o\x1al\x07\xc3$oV\xd6Kv\xd2$Y\xbe\
\xba\x06\x90\x22\xbf\x7f\x0c\x03\x13\xa3\x86\xa5\xa7Sj\x81\
O0 \xa1&\x19\xc3\xfb\xdc\xe3\x99\xe4\xad^\xfd\xf3\
d%\x9f\x1d\xdaq< {\xfd\xfe6i\x8c=\xcc\
9T\x17\xa8\xec\x10\xa4d\x00r\xe6\xfe\x04|t\xcd\
\xec\xec'\xec\xa0K2|t4 ~\x7f`\x14\x07\
\xff\x17\x80\xb4d\x88\x99\xa86\x92\x09\xc8\xaf}`\xf3\
=\x12FgffnIT\x9f\xecb\xd7t@\x9a\
\xe6\xfdK\xf1\x9dm518\xb0\xe2\xfb\x05\xe3\x14\x7f\
\xab\xab\xd6g\xbc\xf7\xe6\xf9\xe35\x9f\x86\xb1W\x96\xaf\
\xf0p\x01\x06\xebf\x97@\xc4\xeb\xa7\x9e\xc7\xbcq\xb6\
\xb1\x07\x9c\x8d\xf6z3_\x8f\xb3\x9e\xa3\x8a;\x0e\x10\
Y.\xbe7\xc8\x83b\xd48\xd7Q\x91\x8a\xe8L\x12\
\x00\xf9\xb5E\xce\x9f\xf7z\xb3\xefq\xb2\x96\xe5\xf5\xcd\
Q\x80\x14\xfa|\x13$&)6\xc891\xb8I\x03\
D0\x02|P3;\xeb\x06'\xea\x18\xabO\x8e\x01\
\xc4Mp\x88\xa0&\x13\x90\xdf\xeeK\xfe\xe7\xcd\xce\x14\
\xdb\xfa]u9\x02\x10\x9f,O\x06\xc7\xdf\xdd\x14\xb9\
\xe4\x03\x12Rw\x9b7;\xeb\x127\xe9l: \x8d\
\xf3&h~y\x7f\xcb\x82\x09+\x22\xc5\x8e\xf7&\xdd\
'\xcbo\x81\xa3\x8f\x9b\x82\x16\x1eA\xd4\xfa\xac\xb6b\
n\xae6\xac\xd8\x9b\x9d\x99i\xc4f\x93\xbc\x7f\x89C\
\x1e\x0c_j\x0fy\x0c\x1b\x8d0`: F\x1d\x8c\
\x07\x90\x22\xbf\xfc\x09\x83}\xd77\x8cj\x95\xca\xfa\xde\
\xec,]\xb9\xd34\xef\xe1g\x016\xc2\xa8\xef\xd1\x9e\
\x82\x1a\xb5\x1bY_W'\xcdv\xa2\xac=\xad\x80\xf8\
|\xf2\x02\xbbm\x19I\xa4n)\xb0\xfd\x8b7;+\
\xae\xf7\xed\x9b\xe6=\xdc\x0d`\x1f\x98\xe1+\x01RV\
\xc5\x88u\x10\x9f,\xbf\x08\x8eaf\x08M6\x8c(\
\xc0\xd6x\xb33\xaf\xd6j\xa1i\xde\xc3\xdb\x00v\x91\
\xd6\xf2\xe5\x95kza\xad\x03s\xa6\x0c\xadf\x86\xad\
\xf2l\xd8n\x04\xf1\xc9\xf2?\xc1!\xd69\xe8\xb2\x84\
\x02l\xb67;\xb3w,W\xcc\x9aZ\x85\xdb!@\
TF\x90B\xbf\x7f\xa0\x04\xf6J\xac`\xd0\xef\xc9V\
\xa0|H\xca\x9bZ\xb5\xba\xf4\x02]\xce\x1e-9I\
#\xc8\x19\xe5\x18\xef\xbd\xfc\x85\x11{\xc1N\x8b\x83\x08\
*\xebR\x94*%V\x81rV\xdc\xa3M\xad\xee\xba\
\xb5-\xee\xbe\xad\x9d^\xbfV0\xc6\x12\xbe\x01\xd5\x16\
S\xac\xccjU\x06\xcc\x9e\xdc\xefNp\xb4\xd6\xab&\
\xd5K\x82\x02\x9c\xe5G\xee\xdd\x8a6\xb5\xfa\xe3%u\
\xf0\x9fI\x83\x8c8E\x80\x84\xd5\xbb\xb3\xd7\xd5\x9f\xf4\
\xeerYG#jR\xdd\xa4(\xb0\xc7#\xb1\xce\xe1\
]\xc0\xe5M\xad\x04\x1c\x02\x12\x03\x17\x01\x12\x16o\xc2\
\xf0\xaehw\xf9\x85\x06\xb4\xa4\xaa\xc9S\x80\xcd\xf7f\
g\xf6\x14\xed%hj\x15\xee\x0a\x01B\x80$/\xad\
\xcdl\x89\x83\x8f\xee8lF-\xb5\x05A\x13\xa6V\
\xf6\x06$\x11\xef\x83Xi\x04\xd9+\x1f\xc2\x1dc\xde\
\xd4\x95OO\x8c\xb8\x1eW5\xd3\xf7\xd4FW\x83)\
\xaa\xb4\xf6\xbb]x\xe8\xd9\xc5\xaa\xad\x9b0\xb5\x22@\
\x22\x95\xb5\x12 \xa3\xa7}\x805\xdf\xe8;/\xbaQ\
\xdd\x1a(\x18\x17s\xc9 Eim^\xb3}\xc7\xbe\
\x85=\xfe\x83\x0a\x83\x06\x9fZE\xda\xb3\xe7\x14\xcb\xc9\
#\xc8\xfb\x9fn\xc2So|j(\x93\xee\xef\xdb\x16\
7\xb6\xb5\xfc\xc1\x8d\xba\xfb\xf8\xdc\xdb\xab0\xef\x93o\
\x15\xf5M\x9cZ\xd1\x08b\xc5\x11D\xde\x7f44\xb5\
:UzZw\xf2\x88\x8a\xe7f\xa4c\xe1\xd3\x86\x1e\
o\x1aj?\x91\x95\x934\xb5\x22@\xac\x08\xc8\xf8\x17\
>\xc4\xa7\x1b\xb6\x9b\x92_}\xaf\xbf\x1c\x83\xf3,u\
X\xbc9\xfdJ\xce\xd4\xca\xde\x80\x18y\x1f\xe4\x97C\
\x87jt\xed\xfft\xc0j\x80\xfcw\xf5\x16L\x9a\xa9\
|\x85\xa1\xd9\xc5\xb51\xb2\x7f\xe7r\x93k\xc0?\xd5\
\xcf<\x98=\xb9?2\xab&vS\xc0\x97\xdf\xff\x82\
7>(\xff`\xf7\xbf\xf5i\x83\x06\xb5\xab\x1b\x06$\
\x89S+{\x03bDi\xb1\x11\xb1\xc3\xd0\x19\x8a\x8d\
\x88\xa9\xbcI?x\xa4\x04\xb7\x8f~\x0b\xc7\x8e\x9fT\
t\xed\xcd\x89\x03\xd1<\xa7n\xb9]\x9e:\xeb\x13\xbc\
<Oy\x16[\xd7\xdc\x1c\x8c\x1a\x98\xb8\xb5Oy\xff\
\x11\x8c\x984\x1f\xbe}G\xca\xf5O\xc01~X\x17\
C\x90$yj\xe5N@v\xef\xde]\xbdB\xc5s\
6t\x1c>C\xf1\x1c4\x95\x80<\xfa\xf2R,\xfb\
b\x9b\x22\xc9\x86\xddr-\xfev\x87\xb6\xad@W\xf7\
\x7f\x12\x07\x0f\x97(lL\x1f\xd5\x13M\x1az\x8d\xfc\
\x9d\x12\xb5\xee\x83O/\xc2\xba\xcd\xca\x0f\xec\xa8U0\
\x0aI\x92\x9eZ9\xe3)\x96\xdeh\xfbdY\x9c\xb4\
\xfe\xef\x0e\xc3f(L\x98\x09\xc8\xa6\x9f\x8ap\xcf\xa4\
\xf9z\xdd\x0c\xd5\xcbi\xe0\xc5\xbc\xa9\xda_G\x99\xf3\
\xf1W\x18?}\x91\xa2\xcd\x169u\xf0\xd4\xc8\xee\x86\
|Q\xab<\xed\x9dU\x98\xbbL\xf9$\xa9\xbc\x86\xf4\
B\x92\x82\xa9\x95\xfbF\x90\xdd\xbbwW\xaa\x90~\xce\
\x06\x064N$ \x87\x8f\x9d\x08M;v\x16\xee7\
\x94\x943\x1f\xe9\x8fx\xb7i\xdf\xfa\xf7\x02|\xf7\xe3\
\xde\x84\xc2/\x8c/\x5c\xb9\x09S\xdf\xd4\xf7(:^\
HR4\xb5r\x1f \xfe@\xe0n\x1e\xe4\xd3D\xcf\
\x13\x09\xc8\xb8\x19\x1f\xe2\xb3\xaf\x8c=\x89\x1apS.\
\xfe>\xa0\xfc\x1bs5\xfa\xd6~\xbb\x03\x83\xc6\xcdR\
\xfcT'\xfb|\xbc\xf1\xe8\xed\x86\x80\x0dW\xde\xb8u\
\x0f\xee\x9b\xb2P\xd5V\xc3:5\x90Y\xad\xca\x99\xdf\
\xd6}\xa7\xbe\xd8\x19\x0f$)\x9aZ\xb9\x0f\x10\x9f_\
\xde\x00\xa0E\x22\x01)X\xf0E\xcc':\xb1\xb2T\
$\xd9\xa2iw\xc5*\x16\xf5\xf7\x07\xa6\xcc\xc3\x92U\
\x9b\x14\xbf\xdf\xd5\xfbj\xf4\xea|\x99n\xbb\xa2\xe2\xbe\
\x83\xc7BS\xc7\xc2\xc0!\x85\x1dIb\x98\xf5\xd8\x00\
4o\xfc\xfb\x03\x85\xfb\xff=\x17\x1f\xae\xde\xac\xda\xa6\
\x16HR8\xb5r\x17 EErw&\xe1\xbdp\
\xaf\x131\x82,]\xfb\x03\x1e+Xf(\x01E\xe5\
\x97\xc6\xdf\x8ek\x9a\xeb\xdfU\xbcW>\x88.\xc3\x9e\
U\xf8Q!\xcd\x83\xc5\xcf\x0e\x86\xf8\xb7\xde\xeb\xa1\xe7\
\x16c\xed\xb7\xbbT\xab?\xfe\xd7\x9bpS\x87?*\
~\xd3\x0bI\x8a\xa7V.\x03\xc4\xef\x7f\x99\x81\x0dN\
\x14 ?\xec\x921b\xe2|\x9cTY\x01\xcf\xbd\xac\
!\x86\xdf\xd2FsN\xc6{\xdf\xa1f\xf8\xd97\x97\
\xe3\xc59\xcaoi\x8a\x11D\x8c$z\xae\xe9\xb3W\
c\xf6\xc7_\xabV\x1d\xde\xab\x0d\xfez{\xf4\xa3\xca\
bAR\xf5\xdcs\x14v\xc5\xae\x82$\xec\xb5\x8a%\
\x85=\xf7b\xc5\xeaU\xd9\xdf\x0f\x1c8P\xed\xc4\xc9\
S\xe2\x88\xfd\xecD\x00r\xe2dih\xda\xf1\xe3n\
\xc5\xda#j\xd68\x0fo<1\x00\xb5\xb2\xce\x8f\xc7\
eS\xca\xb6\x190%4%\x8a\xbc\xc4\xbd\x88\xb8'\
\x89\xe7Z\xf4\xd9fL\x99\xb5R\xb5J\xb7k\xff\x80\
'G\x86^\xcd(\xf7*\x0f\x92Xu\xc3\xbf'`\
\xafU\xac\xa6\x9d\x0f\x88\xdf\x1f\xc8\xe7\xe03\xcb*a\
\xe6\x14+\xda\x1a\x86h\xef\xa5\xf1w\xe0\x9a\xe6\x8db\
\x05!!\xbf\xcf_\xb6\x11c\xa7\xbd\xaf\xb0-^\x0a\
\x13\x8f\xb4\xb5^\xdfl+\xc4\xdf\xfe\xbd@\xb5x\xd3\
\x0bka\xd6c\xf98'\xbd\x82&sF!1q\
\x1b\xbb&\x7f\x01\xd8\x13\x90xv\xf3\xaex\xe9/\xfb\
\x00v\xd6_qf\x012k\xf1\x97x\xe5\xbd/T\
\xc5\x1e5\xf8:\xf4\xfdsj\xf7B\xdd\xfe\xd0\xab\xf8\
z\xeb/\x0a\xff\xc4\xba\x88X\x1f\x89u\x1d8\x5c\x82\
\x11\x93\xe7\xe3\x17\x9fr[y\xe5J\xe9\x98\xf5x~\
h\xbd&\x9eK/$&oc\xd7\xea\xb2\xb3\x019\
'=m\xed\x92\xe7\x86^\x1e\xf9\xf5'3\x00Y\xf9\
\xe5vLxQ\x1c\x80\xa2\xbcn\xfd\xd3\xe5\x187\xfc\
z\xadAHX\xb9\xf5\x9bv\x22\x7f\xacr\x9f\x96X\
Y\x17+\xec\xb1\xae1\xcf/\xc1\xea\xafw\xa8\x16\x9b\
\xfa\xe0-\xe8\x9a\xdb$\x96\x09\xd5\xdf\xe3\x85$\x05S\
\xab\xb0\xdf\xce\x06$\xbbZ\x95-\xefL\xea\xd782\
JF\x01\xd9\xb1w_\xe8\xbe\xe3h\x89r\xef\xd4\x95\
\x976\xc0\xab\x8f\xf4\xd3\x958\x89\xa8\xf4\x8f\xa7\x17`\
\xd1J\xe5\x8a\xb7\xd8\xa3\x95]=\xfa\xf7\x7f\xd6~\xb7\
\x13o\x7f\xb8Q\xd5\xa5\xfb\xfau\xc4\x90\x9e\xd7\x18r\
W@\xb2\xef\xd0QM6\xee\xef\xd7\xc9\xe8\xe1\x0b\x9a\
\xdaQ)\xe4l@.\xa8Um\xef\xcc\x87o\xabm\
& \x9c\xf3\x10\x1c\x9b\xb7\xfb\x14zfU\xab\x12\xba\
)\xaf\xebM\xf8i\x95\x9a\x03\xee+>\x84\x8eC\x9e\
\xd1\x5c>V\xc1\x9e\x9d\x9a\xe3\x91{n\x8cU\xcc)\
\xbf;\x1b\x90&\x0d\xb3\x8fL\x1fu\xf3\xefK\xbb\xbf\
\x85\xcd\xc8\x082y\xe6r,Y\xad\xfe\xdd\xc9\x19c\
\xfb\xa0\xed\xe5\xa6\x1c\x0bkj\x82M\xfb\xcfJ\xccx\
W\xdf\xd6\x90\xb2\x8e\x5c\xde\xb4>^\x7f,\xdfT\xdf\
,n\xcc\x9e\x80hy\x1f\xa4\xc5\xc5\xf5j\x0c\xe8~\
\xc5\x9c\xe69\x8a\x01D\xf3V\x93\x8d[\xf7\xe2\xb5E\
\xeb\xce\x8a\xa1\xf83\xb5\xeb\xc1\x81]\x90\xdf\xfd*\xcb\
\xc6\xbb\xfd\xa0\xa9\x10\xdb\xd3\xf5^bt\x14p\xd4\xaf\
e\xfc\xbd\x0e\xbd>\xc4\xaa7\xea\x99\xf7P\x18P>\
P\x88U/\xda\xef\x8e>z\xd4\xe7\xf3\xe5\x81I\xaa\
[j\xb5\x8e \x02\x86\xfb\xa6\x9cY\x80\x8f\xaa\xf3-\
]Z\xe2\xe1\xbb\xac\xfdy\xbd\xf7\x96\x7f\x83\xd1\xcf\xc6\
\xeeK\xb4N\xbe\xf0\xcf>h\xd3\xd2z\xa3c\xd8\xdf\
\xff}\xf33\x06\x8f\x7fC/\x0b\xaa\xf5\x1c}x\xb5\
_\x96\xa7r\x8e{\xd5zn& v\x9av\xf4\x1b\
=\x13\x1b\xbe\xd7\xf6\xfeFY\xddF\x0f\xb9\x0ew\xdc\
\x90\xdaG\xd6\xb12\xbf\xd7\xc8\xff\xc3\xe6\xedE\xb1\x8a\
\xc5\xf5\xbb\xa3\x01\xf1\xf9\xe4\xb5`P\x8d\xaaV@6\
\xfd\xe4\xc7=\x93\xe6F\x15\xb5\xday\x19x\xf3\x89\x81\
\xb8\xc0\x84\xd7I\xe3\x8a\x1c\x15>K\x817\x16}\x81\
'\x0a\xd4\x1f\xb9\x1b\x91\xaaa\xa3\xfa\xa5\x8b\x9f\x1a\xa0\
m\x15\xd4@C)9\xbc\xda\xef\x97\x0fp@uO\
\x85Y\x80L\x1b}+:\xb4r\xd5\xf7&\x0d\xa4A\
b\xaa\x8a\xf7o\xda\xe4O1|\x12\x8c\x9aw\x8e\x05\
d\xc7\x0e\xb9V\xa5\x0c\xa8\xdfM\xc7\xf1>\x88\x18A\
^[\xbc^5\xb2m[^\x84A=\xf4m\xfcK\
L\xaa\xb8\xd3\xea\x84\x19\x8b1\xfb#\xf1&\xc3\xd9W\
\xfd\x86\xc6O\x97\xf40\xee\xcc\x11\xa4\xb0Pn/y\
\x10\xf5+\xa7ZG\x90\x8a\x15*\xa0j\xd5\xf86\xf6\
\xb93MS\xd3\xeb\xaf\xb6\xecF\xdfQgm\xb3\x0b\
9\xc2\x18\xc3\x88\x7f\xdc\x87\xcaU\x8c\x9d\xe8R\xbd\x12\
\x0e\xdcp!K\xf8\xa2V\xd2\xa7X>\x9f<\x1c\x0c\
/D\x0b\x1b\x01\x92\x9a\x846\xbbU\x01\x87\x80$\xf2\
\xea\xd4\xad\x0b\xae\xbc\xc6\xf8#w'\x03\xf2\x14\x18\xee\
#@\xccNI\xeb\xd8\x13\xd3*1\xbd\x8a\xbc\xbc\xb5\
jb\xd0\xddCMq\xd4\xb1\x80\xf8\xfd\xf2b\x0eD\
\xdd-H#\x88)\xf9\x932#\xe2hVqc.\
n\xd0#\xaf>\x83\xfa\xa2A\xa3\x86\xa6\xf8\xe6X@\
\x8a|\xfe5\x8c\xb1\xa8c,\x01bJ\xfe\xa4\xcc\x88\
x\xa4+\x1e\xedF^\x7fl\xd9\x1c7\xf44o\x9f\
\x98m\x01\xd1\xfa>\x88\xd8f2u\xe4M\x0a!\x09\
\x90\x94\xe5\xb6\xe1\x86\xc5b\xa0X\x14\x8c\xbc<\x1eO\
\xe8\xc6\xbcRF%\xc3m\x84\x0d\x10 e\xa4T;\
8\x8e\x9eb\x99\x96k\xa6\x19\x12\xdbI\xc4\xb6\x92\xc8\
\xab\xcb\x0d\xd7\xe1\x8a\x5csW\xfb\x09\x10\x02\xc4\xb4\xc4\
\xd5j(\xdaYYZ\xea\x8b\x8d\x88bCb\xe4U\
\xabnm\x0c\xf8\xcb\x9939\xb4\x98\xd2T\x86\x00!\
@4%\x8a\x19\x85\x82A\x8e\x91S\xe6\xe2\xa3\xd5\xdf\
\x9ba\xee,\x1b}\x87\xe4\xa3^\x83\xfa\xa6\xdb%@\
\x08\x10\xd3\x93J\xcd`\xe9\xe9 F>9\x17K\xff\
\xa7\xfe\x1e\x8d\x11'\x9a_\xd1\x12\xdd\xf2\x12\xb3\x93\xda\
\xb6\x80\xc4z\x1f\xe4\x99\x91y\x9f\x88\xf5T!\xbc\x91\
\xf7A\xe8\x1e\xc4H\xea\xfeZW<\x92\x15p,[\
\xbb\xd5\xb8\xb1\x08\x0b\x15*T\xc0\x88\x87\xeeCzz\
\xba\xe9\xb6\x85A\xdb\x02\x12K\x0d\x9f_>\x0c@\xf1\
&a\xb8\x1e=\xc5\x8a\xa5\xa09\xbf\x8b3\xc3\x04\x1c\
\xcb\xd7\xfd`\x8e\xc1\x08+\xd7\xdd\xd8\x0d-[_\x91\
\x10\xdbN\x07D\xbc0~\xe6\xa0\xb8H\x05\x09\x90\x84\
\xe5\xd4\x19\xc3%'N\x85\xe0X\xb9^\xf9\xdd\x133\
Z\xafS\xbf.\xfa\x0f\x1bh\x86\xa9\xa86\x1c<\x82\
\x04~\x06x\x83h='@\x12\x9aW8Vr2\
tC\xfe\xe9\x97?\xaa6tm\xc7\xb6h\xd3\xb1]\
b\x9d0\xc1\xbas\x01\x91\x03\x9b\xc0yS\x02\xc4\x84\
,\x89\xd3\xc4\x91c'B#\xc7\xaa\xaf~\xb25\x1c\
N\x9fb\x89\x978\xc4\x81q\xaa\x17\x8d qf\xbd\
\xc6\xe2\x87\x8e\x1e\x0f\xc1\xb1z\xa3\xfa\xf7Q\xec2r\
\x84\xbb\xeb\xdc\x11\xc4/\x8b3n\xa2\x1e\xa9N\x80h\
\xcc\xf88\x8a\x89\xef#\x8ai\xd5\x9a\xaf\x95\xab\xdc\xc2\
\x8c\xdd\xe0p\xf6\x08\xe2\x93_\x07C\xd4\xe3\x0d\x09\x90\
82_C\xd1\xfd\x87\x8e\x85F\x0e\xf1\x85+\xb5\xcb\
\x8ep8\x1a\x90\xa2\x22\xff\x18&\xb1G\xad:\xc5\x12\
S\x91\xbfN|WC\xeai+r\xf7m\xed\xd0\xea\
\x0f\xc6_1\xd5\xd6\xda\xd9\xa5\x8a\x0f\x1e\x0d\xc1\x11m\
\x0b\x89]\xe1p4 >_\xf1\xcd`\xc19V\x05\
\xe4\xde\xc9s\xf0\xf1\x1a\xf3\xb6\x5c\x88\xcf\xb6\xcd\x9e2\
\x14\x954~\x86@\x0f\x08ju\x02\xfb\x8f\x84\xa6U\
\xeb7\xa9\x7fu\xca\xcep8\x1a\x90\xa2\xa2}\x972\
\xe9t\xd4o\x14\xa7r\x8a\xf5\xfc\xdb+1\xfd\x1d\xe3\
\xc7\x80F&\xec\x8d\xed\x9aa\xe2\xbdyf\xe5~L\
;\xfe}\x87C#G\xb4s\xb6\xec\x0e\x87\xad\x01\xb1\
\xeb\xfb b\xd4\x10\xa3G\xa2\xae\x87\x06_\x87~I\
\xf8&IQ\xf1\xa1\x10\x1c\x1b\xb7(\xbf=b\xd7\x1b\
r\xb5\x98\xd8\xf6)\x96\x1d\x01\xd9\xb1\xa7\x18}\xfe\xf1\
\x0a\xc4\xfdG\x22/q\xba|\x8b\xc6\xf5\x12\xd6D\xa1\
|0\x04\xc7\xd7?\xecq\xd4\x0d9\x01RF\x81T\
L\xb1\xfa\x8fy\x0d_nV\x9f\xab\xeb9\xc3\xe9\xc8\
\xe1#\xd8\x17(V\xc4\xf5\xe2\xfa\xd9\x98=e\x88\xa1\
\xaf\xd9F\xa3k\x8f\xff\x00F>9\x0f\xdfns>\
\x1c4\xc5\x8a\xc8\x82D\xbeQ\xf8\xc8\x8bK\xf0\xf6\x7f\
\xd5\x0f\xa0\xd3\xbb\xe1n\xd7\x8e\x9dx\xf3e\xe5\xd7\xa3\
D\xb7zt\xbc\x0c\x8f\x8e\xe8n\xea(\xb2\xdb\xb7\x1f\
\x0f<9\x0f\xdf\xfd\xa8~\x1e\x9f\x13\xee9\x22\x05\xa3\
)V\x19E\x12\x05\x88\x00C\x00\xa2v\xb5\xba\xba5\
:_\xaf\xfd\x83\x9a\x916\xd6\xad\xf9\x02K\x17\xab\x9f\
I;vX7\xf4\xe9f\xceN\xd7]\x85\xfbB#\
\xc7\xe6\xed\x85\x8e\x9fV\x95\xed\xa0m\x01\x89\xf5>\x88\
\xe8d\xd5\x8c\xcai\x13\xee\xec\xba\xb8EN\xed\x8a\x91\
QM\xd6\x14KL\xa9\xc4\xd4J\xed\xba(\xe7b\xf4\
\xeaw\x9b\xe1\xbf\xe5\x17\xcf[\x88o6\xa8\x7f\xbf\xfc\
\xed\xc9\x83\xd1\xecb\xe5\xf7Q\xe2it\xc7\xde\xe2\x10\
\x1c[~V?9\xdd\x89#GX\x1f\xdb\x02\xa25\
\xc0>\x7f\xe0#\x80wI\x05 \xe2f\x5c\xdc\x94\x8b\
\x9bs\xc5\xd0\x9dY\x03\xfd\x86\xe6#\xa3\xb2\xb1\xa31\
\x85\xdd`0\x88\x993\x0a\xe0+T&p\x93F5\
1\xfb\xc9!\xa1\xa38\xf5\x5c\xdb\x7f\x09\xe0\x81)\xf3\
\xb0u\x87\xf2ss\xc2\x9e\x93\xe1\xb0\xf5=\x88\xd6`\
\x17\xf9\xfd\x8f3\xb0Q\xa9\x00$\xdab\xa0H\xd6\xbe\
C\xf3Q\xb7\xbeyO\x9a\x0a\xf7\xec\x0dA\xa2v\xf5\
\xea\xda\x12\x13\xee\x8c\xff\x95\xd4\x9fv\xcb\xa1\x91c\xdb\
.\xbf\xab\xa6U\x8e\x98bi\x05\xc4\xe7\xf3\xdd\x0c&\
)\x16\x1e\x12=\xc5*o1\xf0\xcf7wG\xb3\x16\
\x97i\xed\x82\xe6r\x1b\xd7o\xc0\x92\x05\xca\xa385\
\x1b\x88\xa3\xa0\xd3G\x0e\xd7L\xb1dY>7\xc8!\
\xf6t\xd4)\x1b\xffD\x02R\xdeb\xe0\xd5\xed\xafE\
\xbb\xce\x1d\xe2H\xc5\xf8\x8a~\xf8\xfe\x12lX\xab\xfe\
\xb4,>K\xd1K\xbb\x05\x0eWL\xb1D'}>\
\xff40v\xb7\x1e@\xc4\xf7A\xaa\xc4y\x84\xbe\xd8\
\x84\xa8\xb6\x18\xd8\xa4YS\xe4\xddz\xb3Yy\x1a\xd5\
\xce\xeb/\xbd\x8a=\xbb\xd4W\xb8\x8d6\xee&8\x5c\
\x03HQ \xd0\x89\x05\xf9R\xbd\x80\x94\xf7\x096\xad\
\x09W\xb3vM\xf4\x1d2\x00\x15*&\xfck^\x90\
\xfd2^\x9bQ\x80S\xa7NiuOS9\xb7\xc1\
\xe1\x1a@B\xa3\x88\x1cX\x0b\xce\xcf\x9cK\xa9u\x8a\
\x15\xeb\x1b\x85Z2\xabbz\xc5\x10\x1c\xdeZ^-\
\xc5M)\xb3\xe9\xebo\xb1p\xf6\x02Sl\x09#n\
\x84\xc3U\x80\x14\xf9\xfd\xa3\x18\xd8\xe3\xe1\x8c\xd1\x0a\xc8\
\x9a-\xc5\x18\xfd\x94\xb1\xf76z\xdcv\x0b\x1a_\xda\
\xc4\xb4d\xd5jh\xd7\xcf;\xb5\x16\x8dYN\xcfV\
\x98\x98FmP\xc0\xf1\xeb \xe1\x18\x04\x02\x81\xc6\xa7\
\x83\xfc\xcc\x0b\x18\xc9\x02\xa4}\x97\x8e\xc8mw\x8d\x0d\
R\x81\x5cTS\xc05\x80\x84\xa6Y~\xffL\x80\xe5\
\x8b\xffN\x06 f\x7f\xab\x82R8\xf9\x0a\xd8\x16\x10\
\xad\xdb\xdd9\xb0\xe2\xfb\x05\xe3B\xcfU\x0b\x0b\xe5\x0e\
\x92\x07\x9f\xc4\x03\xc8\xe1`%\xac\x09\x18_\xedN~\
h\xa9E3\x14p\x15 \xbf\xde\xac\xcb\xef\x81\xa3\xbb\
\xd6\x11\x84\x001#\xcd\xeck\xc3}\x80\xf8\x02=\xc1\
\xf8\x5c\x02\xc4\xbeI\x9bL\xcf]\x07\x88\x10\xd7\xef\x97\
?m?l\x86\xe2\xcc,\xb5\xed\xee4\x82$3\x1d\
\xad\xd7\x96K\x01)\x1e\xdc~\xd8\xf3/G\x86\x83\x00\
\xb1^\x82\xa6\xda#\xdb\x02\xa2\xe5}\x90\xb0\xb8[\x16\
LX\x11)\xb4\xdaM>\x01\x92\xeat\xb4^\xfb\xb6\
\x05\xc4\xa8\x94\x04\x88Q\x05\xddQ\x9f\x00)\x13g\x1a\
A\xdc\x91\xf4\xf1\xf4\x92\x00!@\xe2\xc9\x17\xd7\x95%\
@\x08\x10\xd7%}<\x1d&@\x08\x90x\xf2\xc5u\
e\x09\x10\x02\xc4uI\x1fO\x87\x09\x902j\x8d\x1b\
\xda\xa5\xa4C\xab\x8b*\x95\x15\x90\x16\x0a\xe3I'\xe7\
\x95%@\xca\xc4\xf4\xb6\xae-^\x1e~\xcbUC\x08\
\x10\xe7%\xba\xde\x1e\x11 e\x95c\xbc\xf7\x8a\x17\xef\
\xfe\x13\x07\x1f\x14\xfec\x1aA\xf4\xa6\x963\xea\x11 \
\x11\x80,\x9b~\xff\x0a\xc9s\xfcc\x00\xa1sy\x08\
\x10g$\xba\xde^\xd8\x16\x10\xad\xef\x83\xe8\x15\x86\xea\
\x91\x02\xe5)\xb0y\xc18}GUF1j\xaa1\
\xd1\x06\x01B\x09\x9cJ\x05\x08\x90T\xaaOm[^\
\x01\x02\xc4\xf2!\x22\x07S\xa9\x00\x01\x92J\xf5\xa9m\
\xcb+`y@\xe2y\x1f\xc4\x0c\xb5\x07\xde\xd8\xaa]\
\xf3K\xeaN0\xc3\x16\xd9\x88\xad\xc0\xc1#%\x9f\x8f\
{\xf1\xbfcc\x97LM\x09\xb5w\x8c\x8cxb\xfa\
M\xba\x11g\xf4\xd6-\x0a\x04:\xb2 _\xa6\xb7>\
\xd5\xd3\xa8\x00\xc3K\xde\xac\xac\xe1\x1aK;\xa2\x98#\
\x00\x11\x91\xf0\xf9|\xb9L\x92\xe6p\x0ec\x9fmr\
DX\x13\xd0\x09\x86q\xde\xac\xacG\x12`\xd9\xd2&\
\x1d\x03\x88P\xd9\xef\xf77\xe7`3\xc3\x8b\x89\x96V\
\xde>\xce\x1d\x0d\x82\x8f\xa8\x95\x9d\xfd\xaa}\x5c6\xcf\
SG\x01\x22d),<\x9c\xe5\xf1\x9c\x98Xv[\
\x8ayr\xb9\xcc\x12\xc3Z\x04=#\xbd\xde\xea\x9f\xbb\
\xac\xe7g\xba\xeb8@\xc2=\xf3\xf9\x02w\x81\xf1\x89\
\x00\xceukp\x8d\xf4\x9b\x01\x05ii\x9e\x91\xd5\xab\
W?h\xc4\x8e\xdd\xeb:\x16\x10\x11\x98\xa2@\xa0\xb5\
\x14\xe4\x139\xd0\xde\xee\x81J\xa2\xffA\xce0\xb2f\
V\xd6\xd3Il\xd3\xb2M9\x1a\x10\xa1:\xe7<\xcd\
\x1f\x08L\x04\xc7H\xcbF\xc1:\x8e}\x05\x89=\xe8\
\xcd\xcc<\xeb\xa3F\xd6q/\xf9\x9e8\x1e\x90\xb0\xa4\
\x85\xb2|\x83\xc4\xf9\x18\x80\xe5&_fk\xb7\xc89\
Nr\x04'1\xce'\xd5\xacY\xf3\xa8\xb5\xbdM\xae\
w\xae\x01$<\x9a\x14\xf9\xfdc%&\x8d\x01\x90\x96\
\x5c\xa9\xad\xda\x1a\x9b\xeb\x910)33s\x9dU=\
L\xa5_\xae\x02\xe4\xf7\x1b\xf8\xe2\x5c\xc6\x82c8\x10\
\xffG\xcaS\x19-\x13\xdb\xe6\xc0\x16\x0e>\xa9Vv\
\xb6x,NW\x14\x05\x5c\x09HX\x0b\xbf\xbfx0\
\x10\xcc\xe7\x80\xe2\xc0l\xa7f\x0c\xe7\xd8\xc9$\x14\x9c\
JO\x9f^\xf7\xbc\xf3\x8a\x9d\xdaO\xb3\xfa\xe5j@\
~\x1fQ\x02=!\xf1|\xf1}\x12\xb3\x84\xb5\x9a\x1d\
1b0\x86\x82\x93\xc7\x8f\xbfR\xaf^\xbd}V\xf3\
\xcf\xaa\xfe\x10 e\x22\xf3\xeb\x97\xaex~\xf8sp\
V\x0dZ\x9c~}\xc5$Vp\xa2\xa4D\x80Q\x12\
g]\xd7\x17'@TR@|X\xb44\x18\xec\xc1\
\x98\x94W\xf6\x13\xd56\xca\x16?\x07\x7f\x1fA\xb6\xb0\
f\xcd\xac\x856\xf2\xdbr\xae\x12 1BR\x14\x08\
tb\xa7\x83=\xc0X\x1e\x80:\x96\x8b\xe0\xef\x0e\x95\
\x02|!\x83\xb4\xb0b\xc5\xb4\x85U\xabV\xddoa\
_m\xe3\x1a\x01\xa21T\xb2,\x9f\xcb\xb9t\x1d\xe7\
\xc1\xd6`\xbc5\xc0\xae\x04\x90\xae\xb1z\xa2\x8amd\
`\xabO#\xb8^\xe2\xfcS\xaf\xd7\xfbS\xa2\x1ar\
\xab]\x02Dg\xe4\xb7m\xe3\xe9U\xaa\x04r=\x1e\
v\x15\xe7<\x17\xe0\x97\x82\xb1F:\xcd\xc5\xac\xc6\x80\
\x83\x9cc+\x93\xb0\x9a\x07\x83+%I\xfa\x22++\
ko\xcc\x8aT\xc0\x90\x02\x04\x88!\xf9\xce\xae\xbc~\
=\xafP\xb7\xee\xfe\x1c\xc6x\x0e\xe7\xa7\x1b3\xc6r\
\xc0\xd0\x00@\x06\x18\xab\x04\x8e\x0c\x80g\x84\xfe\x1f\xc8\
\xe0\x9c\x9fb\x8c\x1d\x03p\xe6\x1f\xcey\x89\xc4\xd8>\
\x01\x03\x80\xad\xc1 \xb6\x9e8\x81\xad\x0d\x1ad\x15\x9a\
\xe8*\x99\xd2\xa8\x00\x01\xa2Q(*\xe6N\x05\x08\x10\
w\xc6\x9dz\xadQ\x01\x02D\xa3PT\xcc\x9d\x0a\x10\
 \xee\x8c;\xf5Z\xa3\x02\x04\x88F\xa1\xa8\x98;\x15\
 @\xdc\x19w\xea\xb5F\x05\x08\x10\x8dBQ1w\
*@\x80\xb83\xee\xd4k\x8d\x0a\x10 \x1a\x85\xa2b\
\xeeT\x80\x00qg\xdc\xa9\xd7\x1a\x15 @4\x0aE\
\xc5\xdc\xa9\x00\x01\xe2\xce\xb8S\xaf5*@\x80h\x14\
\x8a\x8a\xb9S\x01\x02\xc4\x9dq\xa7^kT\x80\x00\xd1\
(\x14\x15s\xa7\x02\x04\x88;\xe3N\xbd\xd6\xa8\x00\x01\
\xa2Q(*\xe6N\x05\x08\x10w\xc6\x9dz\xadQ\x01\
\x02D\xa3PT\xcc\x9d\x0a\x10 \xee\x8c;\xf5Z\xa3\
\x02\xff\x0fj\x05\xfb_\xcc\xb6Rw\x00\x00\x00\x00I\
END\xaeB`\x82\
\x00\x00,\x15\
\x89\
PNG\x0d\x0a\x1a\x0a\x00\x00\x00\x0dIHDR\x00\
\x00\x00\xc8\x00\x00\x00\x89\x08\x06\x00\x00\x00i\x5cwW\
\x00\x00\x00\x01sRGB\x01\xd9\xc9,\x7f\x00\x00\x00\
\x09pHYs\x00\x00\x16\xea\x00\x00\x16\xea\x01\xe5\x8e\
C\x10\x00\x00+\xbaIDATx\x9c\xed\x9d\x07X\
\x14W\xd7\xc7\x17P4\x02\x8b==oT\x10a\x17\
\x135\xc9\x97\xa8\x086\xc4\x1e\x8d\xa8l_:(\x1a\
c\xd7D\x82\xbd7\xd8\x02\xd8\xbbhlXb\xaf\xd1\
\xd8`\x0bU\xc1\x82\xd8\x05\x11\x15A\x90\xf3\x9d;\xb8\
dYP\x90\xb6\x0b\xcc\xffy\xce3[fg\xee\xcc\
\xde\xdf\x9cs\xee=\xb3\xcb`\xd4r\x99\xb5r3\xb2\
\xb0\x154i\xd6\xc1\xab\xd7\xa0\xb9'l\xb8\xa1q\x8d\
~:\x9fb\xa4\xefv\xd1\xa2\xa5w\x99\xdbz5\xb6\
`\x89F3\xd9\xa2\x8b-\xbe\x1f\xf5j\xc4\xf2\x8b\xa9\
<y\xcc97\xa9b\x0e/8\xba\xad\xe7\xf2\x0b\xf5\
\xf4\xddFZ\xb4\xaaQ\x81F\x8d[\xf9\x98\x9a\xb3E\
\xfd\x11\x8cu\x16l\xe1#\x84#\x1f\x0dZ\xfe0\x0a\
F.\xbf\x0c<\x99\xb2\xc0\xe4\xaa7<\x99\xe2:O\
\xa6\xda\xc8\x95*F\xf3e\x8a\x0e#\xb6\xa4\xd6s\x8d\
\x00\xda\xbb\xd0\xaa]j\xd8\x91_\xcf\x9c%l\x8d \
x1\xedD[\x99lq*>\xce#`h\xac\x18\
 E-\x93/W'pe\xca\xbf\x10\x9c\x19\x5cI\
TO\xb4\xd6\xbc\xe5\x97M]\xbd#h`h\xd5P\
\xb5\x9ellf/jaa/\x0a\xb0`\x8bN\xeb\
BQ\x0a yhota\xe1\xcbU\xc0\x93*_\
\xa2g9\xc3\x97\xa9\x82x\x12\xc5P\xbeL\xdd\x94\x1f\
\x12g\x1c\x18\x18H\xc3B\xcb\xc0\xd5\xd1\xdb\xe8#{\
\x1e\xd3\x9c-\xfc\x0e=\xc5L\xa6\xbd\xf8$\x02\x90\xa9\
\x05C\xfe\xdb\xe7\xff0Y\xa2\xbd\xb8N\xa6. \xa2\
\xd5\x89\xc0\x95)\xfc\xb8R\xe5\x1fh\x07\xf0\xb5x\xb4\
\xe7h\xf9E\x81Q\xbdF\xbb\x8f^\xe5,.C\x10\
\x18\x1e\x86e\x9d8\xf2\xe8\x16\x9c\xc0\x93\xc6\xfa>\x15\
\xb4hi)\xd0\xe8\xa3v\x9e\x8d\xccY\xa2\xce\x98c\
,E\x8f\x91\x84\x9d_\xd7S\xbcB(\xae\xa2\x8d\xb1\
d\x0bZc\x1e\xd2\x97i\xef\x91\xaa\x0b\x88xm\x12\
\x02\xa2\xb4'[\xe5\x84\x5cm\xc8\x95Ew\xc2\xd7\xfd\
\xd1v 8\xc9o\xbdKQX\xd0\xb3\x10\xef\xc2\x97\
)o\xf0\xc3b\xb7rB\x14><\xa9\x8a\xed/Q\
\xd7\x9f\xb0\xe8\x01\xedYh\xe9G\xa6vb\x13s{\
\xc1\xa7\xe6v\xee\xee\x16,\xf1\xc5\x12\xa0@\x8f!\xbc\
\x8bPlg~\xcbg7\xe9\xe4j\xa2\xf9lY\x00\
)I\x18bu\xe0I\xa3\xe6\xe3:\xff\x220w\xde\
\x05\x8c ,\x160\xc1\x7f\x80\xcf%<\xb9\xb2\x17G\
\xa2h5|it\x03_\x99\x92\x06\x86V\x15\xab\xd9\
DcK\xb6\xe8s\x0c\xa5fc\x18\x15\x83\x9d<W\
\x07\x8c7L\x96\xf06&\xe5\x8b,X\xc2v\x9f\xda\
\x89\xeb\xebn\xa2\xbc\x80h\xc4\x91*\x1bc\xb2\xde\x16\
C+\x0eO\xaa\xd8\x81\xe1U:\xc2\x93[<\xc9W\
\x91e6?4\xe6\x06\xdaa\x0c\xdb~\xe5\x84\xc6\xb5\
r\x8d\xb8F\x8f\x8a\xd1\xaaDu\xf26j\xfc\x8d\xb0\
\x919[\xc0B(\xe6\xa3g\xc8\xc0\xa5\x8e\xb7\xc00\
\x8a-\x8a\xc2\x10kf\xb3\x0e\xee\x96\xef\xdb\x5cE\x01\
\xd1\x95 $\xb61'D\xc9\xe1J\x94\xdb\x10\x14\x92\
\xb7\xbc,1\xd1\x0fU\x13\x0f\x93\x8b^e?\xc23\
\x16_\xeb\xc4\x0dS6\xf3\x08?o\xec/yD\x03\
C\xeb\xc3\xd5\xa8\x9d\xd7G\x16\xf6\xa2n\x18Bme\
\xda\xbb\xdf-6\x12\xc5\x12f\xe3\xf2(v\xfa\x9f1\
\x9c\xfa\xe4S\x84\xa9\xb4mV6 \x1a\xb9\x85&\x98\
\xf0\xe4\x8a/\xb8\x12\xf5\x8f<\x89b\x06\x86aj\xf4\
\x1a9\xe8a\xde\xe8\x86a\xc4\xbb\xf0\xe5\xea4ax\
\x9c\x02\xc3\xb1e\xfcP\xa5\xcb\x88\xe0\xf8F\x83\x97E\
\x9b\x94\xbe'ZuZ\xe6\xed\xf9\xa6\x96\xed\x84\xad\xb0\
\xc3\x07b'\xbe\x8ap\xbc\xd1\x01#\xd7\x82-L\xb2\
`\x8b\x17\x9a\xb3\xdc\xbf\xb1\xb0\xf7-\x16F\xbdOU\
\x05HI\xc2P\xac\x1d\x86a\x02\x04E\x82\x16\x8d\xfb\
yU\xcc\xbb\x90$\x9fx\x17\x99\xea\x11\x86b\xfb\x05\
r\xf5\x1f\x08M/\xb7`E\x13\xc1\xba\xf340\xb4\
\x18\x8c\x16,\x7fc\xcc+\x9a\x22\x14N\x96lq\x08\
\x93\xed~\xe9m\xd8\xf4_n\xc1\x16=\xc3\x10\xea8\
\xae3\x11\xc3\xac\x0e\xe6,O\xb3\xf2\xec\xab:\x01!\
\xe2\x07_4\xc2\x0e\xcf\xc4m\xdb\xa2\xf5\xe7JU\x8b\
1\x14;\x84\x8f\x93\x8b\x01S0*\x96\x83\xc0\xdc\xe2\
\x85\xaaO\xf3\xe4\xea\xb9\x18\x92\x0d\xe1\xc8\x14\xf6\x02\xb9\
\x92)\x08\x8e3\x9e\xb0\xf00\x1d\x8e\xd5\x199\x06\x1a\
1m<\x99\xd8Y\xbb1\xedE\xebq\xf9\xb8\x84\xfc\
\xe2%\x82q\x02\x01\x0a\xb0h/nQ\xd1]V7\
 %\x89\x1f\xaen\x84\xa08!(\x13q\xdfG\xd0\
\xbb<\xc4en\xc1\xa8\x98Jk\x82\x92\xe4-\xca|\
\x04F\x81\xe1X\x18\xae\xc7\xe1I\xa2\xda\xb8\xae\x8d1\
\xed'Q\xd1s.\xb5R,W#\xf3\xf6\xee\xa46\
\xca\x0a\xc3$7\x0c\xa1\xf6\x22\x14\xc9:P\x90\xd9\xef\
$\xb4\x0d\xe81FbH\xd5\xa6\x81\xbd\xb8R\x8a\x08\
\x0d\x01\x10\x8d\x06\xad:g\x8c\xfb\xfe\x1fG\xa2\xf8\x1e\
s\x951\x18\x8em\xc2\xe7\x97\xd1\xb4\x80\xd1x\x165\
1\x0c\xc3\xd4Q\x08\xcd\x16\x5c\x06`{\x9d\xb8\x12\xe5\
g\xdc\xb0\xb8\x06\xe2\xd5\xb7i`j\xba,\xbf\x16\xd5\
#\x9d\x1d=\xc2X\x0b{\xf1q\x04#['\xbf\xc8\
\xc3\xf7n\xa2\xadAs\xc2u>\xaa\xec6\x18\x12 \
\xba\x12\xc9b\xeb\x0b\xa4*+\xbe4\xda\x8d'Q.\
G`\xd4\x08C\xd6\xdb9\x97\x22\xa5/o\xf3\x964\
AX\xec.\xcc]f\xf2e*G\xae,\xc6\xd2+\
4\xb9^\xe0Iz\x18\xb9\xe6\xe8\xc7a\xc6L[\x81\
\x05z\x8a\xceh\xeb\xd0\x9e\xe9L\xec\xbd\xa1\xc2(\x96\
\xe8\x1cz\x8b\xb1fl\x8fJ\x87B[\x86\x0cHI\
\x12\xc8b\xbeB\x0f3\x96+S\xecE`n`[\
\x11\x18U\xb1D\x9fLP\x92!fAh\xcc\x1a\x9e\
L-\xc4\xbc\xa7\xbd\x9bDi)\x90)LDkO\
\xd2\xc0\x18\x9e\x02\x8d\x1a\xb3<\x98\x16\xf6BW\xec\x8c\
\xa7\xd0[\xa4\xe9\x80AB\xa9\x17\x16,\xe1Ns\x96\
\xe8g\x0b\x96\xb8iu\xb4\xaa\xa6\x01\xa2\xd1\x900e\
}\xf4*m\xb8\x12E_\xec\xfc\xc1\xd8\xd6k\x05\xb0\
`\x18&W\x15\xf1.$\x8f\x11\x84\xc6\xde\xe3\x87\xc5\
\x9eG\xb0\x16p\xa5\xd1?\xf1\x83/\x9a{\x87^\xa1\
G\xc5\xf4\xaa\xff\x09\x8d\x1a\xda\xba\xd7\xb3\xb0w\xff\x12\
a `\x5ca\xda\xbb\x83\x0e\x18\xaf\xd1S\xdcA\xdb\
\x82\xaf\xf7\xae\xee&\xd6T@t\xc5\x95\x5c\xc2D_\
\xd1\x13\x81Y\x8d\xed?\x8bm\x7f\xc2'\x13\x91:\xe5\
/\x18~!,1$DK\xe0\xcb\xd4\xd3\xf9\x12U\
O^h\xf4Wn2E\x03\xee\xa6kt\xdeR]\
ja\xe7Z\xdf\xcc^dMf\xb3\x99\xed=\x94\xe8\
1^\x15\xc9/XT\xe2}\x13=\xc6\x0c|\xdc\xce\
\x92]\xf9\xf9EY\xc4d\x89\xfbZ\xda{\xa6\x12h\
[\xfe0\x1aF\xae\xbcB%\xc0\xee\xebo\x00oU\
\x1c[\x1fm\xaa\x88\xdc\x83\xe3\x8d9!\xca\xc6\xe8)\
\xbeAO\xe2\x8d\xd0\x9cG\x18\xd2\xb8$\xc9\xd7\xf2,\
\x85\x85\x95r\xf5sAx|\x22>\x8f\xe4\xc9\x14\xc3\
\xb8r\xf5\xa7n\xa1\x09\x0d]#b\xe80\xac\xd2e\
\xe7jl\xd1N\xf8\x09v\xf8!\x16d4\x8a-N\
/!\xbf\xc8\xc0\xf7w#8\x02s;\xfe{\xcb@\
*Y-\xd1\x02\xd1\x96h\x9bI\xc3\xa6\xbbL\x9b\xd9\
>o\xd0\x9c\x05\x8d>\xf9\x16l\x9c\xb8`\xdbK\x00\
\xec>\xee`\xd6\xec\xb3\xf5\xba\xeb\xa3MEkU\x8d\
\xed\xae\xb0\x84\xe1\xaaf\x98\xdc\x0f\xc2P+\x08\x819\
\x81\x80<F\xcb\xf9o&\xff\xbf\xbc\x05\xa1\xc9\x14\x84\
\xc5\x9dEO\xb3\x8c+S\x8d\x18\x11\x12\xfd\x09/\xe4\
\xfcGt\xbdX9\xc5d\xb9\x1aY\xb4\x177`\xda\
\x8b\xdac\xf8\xe4\x8b\x9e\xe0\x04BqW\x0b\x0c\xaa6\
\x0aC\x99k\xe8-\xe4h.\x96v\xa2\xcf-\xed\xc5\
\xd5\xed\xce?GS\xa2A\x05\xed<\x9aU5\xb7\xbd\
R\xc4\x09\x8d\xfe\x08\x01i\xc5\x93E;re\xd1\xbf\
!\x18\xbb\xd0\x94h\x19\x85\xe1X\xe1\x10\xb2*\x17!\
\xb9\x8fv\x01_\xdb\x80\xf0\x88xRe\xe7\x91\xd2\xe8\
\xe6n\xb2\x18S\xfe\x86\xfb40\xef\x95\xa3\xa3Q#\
;WS&K\xc8f\xb2\x85\x13\x10\x8e\xabh\xbaw\
\xeb\x91a\xdb$\x0b\xb6p\xa99K\xe8\xa4\xe7\x163\
\xd161*\x0eH0Z\xb5\x0c T\xb5\x04\x12\x95\
)O\xa2\xe8\x80\xa1\x95\x17v~\x92\xbb\xdc@/S\
P\x5c\xa9\x9d\xe8\x87\xaaI\xde\x92\x8f\xe0\xdcB\xef\xb2\
\x91#SN\xe6\xcaU\x1d\xdddW\x1bs$*\xfa\
G-\xb4en\xe7]\xafQ{Q\x0b\x0c\xa1z\xa1\
\x97\x98\x8bP\xc4\xe0\xf2\xb9\x96\xc7\xc8\xa3\xee\xd6cQ\
e S\xf1\xf1\xf7\x08Hu\x86R\xef\x12\x19\xb1\x99\
\xc0\xa88 \x1c4\xd3jn{\x95\xca;\xf4\x8a\x11\
_\xa2\xc00L\xf1-\x02\xc1C/#\xc1\xe5q\x84\
\xe66B\x81\xa1\x98*O+g\xc1pL\xfdR\x10\
\x1e\x1b\xcf\x0fSG\x0a\xc3\xe3G\xf3\xa5\xeaf\xfa>\
\x06\x03P\xa0\x91\xa5\xad{\x13s\x96h\xb0\x85\xbd\xfb\
:L\xba\xef\x14\x8cH\x15\x19\xa6}\x8e\xa1\xd4~\x04\
b\xac\x05\x8b\xf7\x89\xbe[\x5c\x82\xfa\xa1\xbdb\x94\x1f\
\x8e,\xb4o\xaa\xbd\xd5z\xd0Hi\xd4'\x5c\xa9\xb2\
?B2\x07\x13\xfeC\x08H:\x82\x92\xa3\x01\x85x\
\x16\x92\xb3\x08W%$\xa0\x07\xaaq\x83\x19\x95*\x0c\
\x8f\xda2\xed<|\xb0\xf3\xdf,~\xb7\x9e8\x1b_\
O\xc1\xa4[n\xce\x16}\xab\xef\xb6\x96\xa2\xaf\xd0\x92\
\x18\xe5\x07D\x85V\xe1\xfa\xaf\x9a(\xb7\x951\xe6\x08\
\xcbH\x04c3\x02\xa1\xa0\xf2\x14\x12z\x85\xc7\xc5q\
eJ\x96\xbe\xdb\xa7WY\xda{&#\x08Zw\xeb\
\x89\x0b\xf2\x0b\x96(\x89i/\xf4%w\xeb\xb5\xb0\xf3\
\xaf\x09c\xe8$\xcc:\xc7(? \xbb\xd1j\xc2q\
V\x99\x04+.\xd7CPz\xa2\xe7\xa0\x01\xd1H'\
\xf1\xce@\x8fq\x16\xe1\xf8\xad\xa9m\xc5\xabi\xf5\xa0\
\xd5h9\x8c\x0f\x87\x83\x84f\x8b\xf4\xd0^\x83\x13_\
\xa6\xfa\x91\xfc\xea\x0b\x0d\xc8[\xe9\xdc\xe3\xed\x81p4\
oj\xedSS\xaf\xa4~hO\x18\x1f\x0e\xc8=4\
\xae\x1e\xdakp\xa2\x01\xd1\x91\x0e \x8e\xfanO\x05\
\xe5\x80v\x8dQ\xbe\xfc\xc3N\x0f\xed58\xd1\x80\xe8\
\xa8\x96\x01\xd2\x06m\x1f\xe3\xc3\x01\xd9\x8b\xf6\xb1\x1e\xda\
kp\xa2\x01\xd1Q-\x03\xa4\x11\xda,\xc6\x87\x032\
\x0f\xad\xa1\x1e\xdakp\xa2\x01\xd1Q-\x03\x84\x94H\
\x8cD{\xcd(;\x1cd]\xaf\xb7\x9f\xad\xf3\xa2\x01\
\xd1Q-\x03\x84\x88L\xf6\xddg\x94\x1d\x90\x144g\
\xbd\xb4\xd4\x00E\x03\xa2\xa3Z\x08H\x03\xb4+\x8c\xb2\
\x03r\x94Q\x90\xbb\xd0b\xd0\x80\x14S-\x04\x84\x88\
$\xeay\x8c\xd2\xe1 \xeb\x90\xb9\x93ZQ\xa0X\x19\
\xa2\x01\xd1Q-\x05d\x1aZ\x06\xa3t@\x1e\xa3\xf9\
2\xe8\x04\xbdP4 :\xaa\x8d\x80\x98\x9a\x9a\x0e2\
11\xb9\xcb(\x05\x10##\xa3\xebh\x9d\x19t\x82\
^(\x1a\x10\x1d\xd5F@\xc4b\xb1\xb3\x8d\x8d\x0dI\
\xbe\xdf\x0bH\xdb\xb6mc\x06\x0e\x1ch\xab\xbf\x96\x1a\
\x9eh@tT\x1b\x01\xd9\xbf\x7f\xbfs\xdf\xbe}K\
\x05d\xc8\x90!1[\xb6l\xa1g\xd0\xb5D\x03\xa2\
\xa3\xda\x08\x08\x008O\x980!\x05\xc3\xa7w\xc2a\
ll\x0cs\xe7\xce\x8d\xc9\xcb\xcb\xa3\x01\xd1\x12\x0d\x88\
\x8ej+ \xabV\xadJi\xd2\xa4\xc9;\x01i\xd1\
\xa2\x05DDD\xc4\xe0\xba4 Z\xa2\x01\xd1Qm\
\x05\xe4\xfc\xf9\xf3)\xed\xda\xb5{' \xdf\x7f\xff=\
DEE\xd1\x80\xe8\x88\x06DG\xb5\x11\x90\xfc\xfc|\
\xe7\xe4\xe4\xe4\x14\x17\x17\x17*\x94b\x94\x00\x08\x8f\xc7\
\x83\xfb\xf7\xefW\x09 \xb8\xffzhM\xd0\x9a\xd64\
\xfbc\xe7\xb5\x1e\xde\xeb\xaf\x81\xe7\xeaX\xf0^\x97\x10\
\xbf`\x7f\xf2O\xfanSUY\x99\xbe\xcc\xda\x0a\xc8\
\xa3G\x8fR\xc6\x8c\x19\x03\x8d\x1a5*\x11\x90?\xff\
\xfc\x13222bp\xdd\xaa\x00\xc4\x06m\x1d\xc2\xb7\
\xa9\xa6Y\xfa\x8b\xd7\x87\xce'=\x83\x7f\xae?\x85+\
733\x9ee\xe5F\xea\xbbMUh\x0dJ\xfd2\
k+ \xb9\xb9\xb9)\x9b7o\x86\x8f?\xfe\xb8D\
@\x0e\x1f>\x0c\x98\xa0W\x15 \x9d\xf1\xe4?\x07Z\
\x86\xae\xd2\x7f\xf1\xb3\xb6\x02\x82\x07\x9fr\xe1\xc2\x05\xb0\
\xb3\xb3+\x06G\x83\x06\x0d 11\x91\x9c \x1a\x90\
\xba\xad\xba\x0d\xc8\x83\x07\x0f`\xe8\xd0\xa1\xc5\x00\xe9\xd2\
\xa5\x0b\xa4\xa5\xa5\x91\x13D\x03R\xb7U\xb7\x01\xc1\x10\
\x0aH\x1e\xc2\xd0\x01\xc4\xd3\xd3\x130\x04#'\x88\x06\
\xa4n\xabn\x03B\xce@pp0\x98\x99\x99\x15\x09\
\xaf$\x12\x89\xe6\x04\xd1\x80\xd4m\xd1\x80\x1c=z\x14\
\xbe\xfe\xfa\xebB@Z\xb6l\x09'N\x9c\xd0\x9c \
\x1a\x90\xba-\x1a\x10\x92\x8c\xff\xf8\xe3\x8f\xda\x05\x8ap\
\xfb\xf6m\xcd\x09\xa2\x01\xa9\xdb\xa2\x01y\xfc\xf81\xf8\
\xf9\xf9i\x17(\xc2\xb3g\xcf4'\x88\x06\xa4n\x8b\
\x06\xe4\xd5\xabW\xb0b\xc5\x8aB@f\xce\x9c\x099\
99\x9a\x13D\x03R\xb7E\x03Bt\xfc\xf8q\xa8\
_\xbf>\x98\x98\x98\xc0\x91#G\xb4O\x10\x0dH\xdd\
\x16\x0d\x08\xd1\xf5\xeb\xd7\xe1\xab\xaf\xbe\xa2\xf2\x8f\x84\x84\
\x04\xed\x13D\x03R\xb7E\x03BDB\xaa\x1e=z\
P\x05\x8aYYY\xda'\x88\x06\xa4n\xabf\x02b\
e\x15`b\xd5E\xf8U\x1b\x07\xd1\xff\xb5\xee\x22\xea\
m\xed \xea\xd8\xda\xd1\xbd\xb9Mg\xf72\xfd\xa8\xb6\
. Ddr0((\x08\xf0=\xed\x97i@\x0c\
@/s\xde\x80\xf2\xces\xb8z;\x13\xa2t\xecN\
zvU\xee\xba\xe6\x00\xd2\xda\xc1\xe7\xa3\xb6\xdd|:\
Y;x\xcf\xb6q\xf4=\xda\xce\xc9\xf7\xba\xad\xa3\xcf\
s['\xdf\xfcvN>\xe9\xf8\x5c\xd1\xd6\xd1g\x7f\
\x9b\xae\x9e\xd3\xac\x1c\xbc\xd8\xad{y\xbf\xf3\xff\xf3J\
\x02$\x22\x22B7\xff \xaa\xd3\x80$=\xcc\x82\x95\
\xc7\xee\xc0\x9c\x03\xb7`\xae\x8e\x91\xd7\x16\xfe}\x1b\xae\
\xdc\xca\xac\xf2v\xa4\xbd\xcc\xa5\xf6)X\x1d\x07\xae\xb2\
\x18p\x95\x17\xd8\xf0P5\xac>{\xaf*w]3\
\x00\xb1r\xf0lm\xdd\xcd+\xb0\x9d\x93_t\xfb\x9e\
\xa33\xbfw\x1e\x07]\xfaN\x04\xc7\xfe\x93\xc1i\xc0\
\x14j\xd9\xb9\xefx\xf8\xae\xf7\xd8|\xfb\x1e\xa32\xda\
9\xfa\x9c\xb1\xee\xe63\xc6\xaa\x8b\x87\xa5\x9d\x9dk\xb1\
_$)\x09\x90\xbbw\xef\xc2\xc3\x87\x0fuOP\x9d\
\x06\xe4\xc1\xb3\x1c\xd8\x15\xf5\x08\xbc\xd6'\xc0\xc8\xd0\x98\
\x22\xe6\xb3!\x01Va\xe7L~\x94U\xfa\x86*\xa8\
7\xe8\xd5I[\xc2N\xdf%\xff_\x0f\xdc\xf0X\xca\
x\xabba\xfd\xf9\xfbU\xb9k\xc3\x07\x04;y\x8b\
\xb6\x8e\xbe\x9bY=\xfc_\xfc\xe0\xfc+tG \xfa\
\x0e\x09\x84A\xbf\xcc\x82\x9f\x87\xcfF\x9bC-\x07\xfc\
\x12\x04.?\xcf\x00'\x84\x05A\x01\xbb\xee\xfe\x99V\
]=gXwv\xff\x5cw\x9b\xba\x80\xe4\xe6\xbd\x81\
\x07\x8f\x9fBR\xca\x03\xb8s\xff\x09d\xbd\xa2\x87y\
5z\x83\x11\xe7\xa6\x0b\x0f\xc0-,\xb6\xb0cr\xf0\
\xb1\xe4D*\x15\xfaT\xa7\xfeV\xa7\x81xm<\x0d\
\x88FV]\xbdlm\x9c|w\xa3\xd7\x80n\xfd&\
A?\x04c\xc8\x889\xe0\xc6_\x0c\xee\xde+\xc1\xdb\
_\x02>\xa3$\xe0\xe5\x17\x02B\xf7\xe50\x92\xb7\x10\
~v\x9d\x8d\xa0\xfc\x01]\xd1\xc3\xb0\xba\xfb\xe7`H\
\xb6\xcb\xfa'ws\xed\xedj\x00\xc9\xcey\x0d\xa7\xaf\
\xc4\xc1\x9c\xd0\xbf\x80?y%\xf4\xf1\x9a\x0d\xc3\xc6.\
\x86I\x8b7\xc0\xde\xe3\x97\xe0qz&\xb9\xa3\xb0\xd2\
\x7f\xf6\xa7&\x01Bt2\xe1i\x91+7\x1f\x1fG\
\x5c.\xe6m\xab\x5c\x87ch@\x0a\xd5\xc2\xd1\xbf>\
\xe6\x1c+\xd0\x13\xbct\xe8;\x81\xf2\x1a\xbf\x8c\x9c\x07\
\x02\x04\xc1w\xb4\x0c~\x9b\xb4\x1a&O_\x0fS~\
\xdf\x80\xcbu0v\xfc*\xf0A`x\xa2\xa5\x14D\
}\x10\x92\xffC\x8fc\xe7\xe4\xf7\xdc\xaa\xb3;\xdf\xea\
\x07naN\x82\x07\xee\xfc\xf8if\xca\xeec\x17A\
<]\x02}\xbc\xe7\xc1\xcfc\x96\x83\xebo!0t\
\xecJ\xe8\xeb\xbb\x00\x86\x04,\x82e\x1b\x0e^\x0f\xd9\
|\xa8[\x0f\x8f9&\x95yl5\x0d\x90S\x89O\
\x11\x8aX\x1a\x90\x92\xa4\x0f@l:\xbb\x1b\xb5v\xf0\
\xfc\x01\x13\xefL\xec\xe4\xf9}\x7f\x0e\x84an\xf3\xc1\
\xc3'\x98\x02#p\xe6\x16X\xb8d\x17,_\x19\x09\
+C\xf6\xc3\xb2\x15\xfb`\xde\xc2\x9d\xf0\xfb\x9f\x9b\x10\
\x94p\x10y\xae\x80\xa1#\xe6B\xefA\xd3\xe1\x07\xe7\
\xb1\xf9\xe8Eb1T\xb3\xd6l\xff\xf6\xddG\xce\x8b\
\xd7\xedO\xe9\xed9\x1b\xa1\x90\x80\xf7\x9f\x1b\xe0\xb7\xf9\
\xdb`\xe2\xc2\x08\x18\xbf`;\x8c\x9a\xb5\x198\x93B\
\xa1\x9f\xefBp\xf6\x9a}\xd6\xd9{V\x89\x7fu\xdc\
g\xe2!\xd3\xbeS\xf76s\x9e\xb6\xbfE\xdf)\x91\
e\xfey\xd2\xf2\x00\x92\x9d\xfb\x062\xb2r\xe1\xc9\x8b\
\xd7\xe5\xb2\xccWy\xe5\xee%U\x01H\xf6\xeb\x82\xe3\
I\x7fQpLih\xe4yN\xee\xbb\xc3\xb6\xf7\x01\
B\x06\x1f\x9fg\xe7\x15n\xef)&\xf6\xe4\x9c\xe5\xbf\
ske\x92a\x02\xf2ug\xcfFm\x1c<\xd7t\
\xe89:\xbf\x07\xe6\x1c$\xcf \x9d~\xdc\xc4\xd5\x10\
4{\x1b\x82\xb1\x0f\xd6\xac;\x06\x9b\xb6\x9e\x86\xad\xdb\
\xcf\xc0\xa6-\xa7 l\xd5aX\xb2l\x0f\xcc\x08\xda\
\x0c\x01\xe3\xc2(O\xd2\x7f\xe8\x9f\xd0\x1ds\x12\x96\x93\
_6&\xfa\xd34\xdb\x1f\xe87\x7f\xf4\xa0\xd1\x8b\x9f\
\x8c\x98 \x85\x809\x9ba\xc6\x8a]\xb00\xfc\x10,\
[s\x18\x16\xaf\xfe\x1bfI\xf6\xc2\xb8y[\x81?\
%\x1c\x06\x8e^\xf2\xda\xc5g\xceB\x17\xcf\xf9f\xda\
m\xec=i\x9f\xad\xcb\xd4\xfdA\xceS\xf6\x1eu\x9e\
\xb2\xef,>\x9e\xeb29\xf2\xc7\x1e\xe3\x22\xeb\x97v\
|\x1f\x0a\xc8\xc3\xcc\x1cX{\xee\x1eL\xdb\x95\x0c~\
\x1b\x13?\xd8|\xd1\xa4'S\xcb\xddK*\x0b\x10\x92\
\xcf<~\xfe\x1a.\xdex\x06\xe1\x98\xe0O\xfd+\x09\
\x02\xb6\x5c\xa3\xda8z\xf35\x98\xbe;\x196\xfd\xfb\
\xe0\x9dC\xb7\xef\x02\xe4u^>\xfc\x9b\xfc\x0c\xe6\x1d\
\xbc\x0dc\xb7^\xa3\x8ew\xd2\xce$j\x84+\xf1\xc1\
\xcbr\x1f7\x18* V]=\xbe\xb2q\xf4K\xfc\
\xa9\xcfo\xf9$T\x1a\x899\xc7\xa8\xb1\xa10\x03=\
\xc7\x8a\xe0H\xd8\xb0\xe9$D\xee\xbf\x04\xc7\x8f+\xe1\
\xd4\xa9\x188vL\x01\xbbv_\x80\xb5\xeb\x8e\xc3\x92\
\xe5{a\xfa\x8c\x8d\x98\x9bH\xd1\x8b\xcc\xc3Pk\x06\
\x10\xd0\xd0\x8b\x1c\xb6\xfe\xd1\xa3\x91\x8bxNC\x17\x9f\
\xb9W\x87\x8d\x0bFO\xb1\x09f\x86\xec\x05\xc9\xa6\x13\
\xb0%\xf2\x22\xfc\xf5\xf7\x15\xd8v\xe0\x12\xac\x8a8\x0d\
s\xe5\x91\xf0+B2|\xbc\x14\xfa\xfb-Lr\xf1\
\x98\xd9M\xd3>\x97)\x91\xbd\x07\x06\x1e\xb9\xee\xb1\xe4\
\x02L\x90E\xc1\xa4\xd0(\xf0Zz\x01\x86\xce:\xf5\
\xb0\xff\x8c#~=\xa7\xecz/$e\x05\x84\x5c\xfd\
H\xfc\xff+~\xe9d\xe4\x88\xa3\x95(\x7f\x88q\xd0\
\x16\x1fN)mw\xefTE\x01!\x1d8\xf6\xde\x0b\
Xq\xec\x0eu,\xa4=dIF\xa5H\xb2\xef\xbd\
!\xa10\xf9'\x83\x01\x13w$\xc1\xfd\x8c\x9cb\xdb\
\xd1\x05\x84\xb4\x89|^~\xea.\xf5\xdcU\xa6\xc6\xcf\
\xc7\x14\x1e39g\x04\xc0\xb3\xd73\xca{\xe8\x86\x09\
H\x1b\x07\xf7.\xed\x1c}\xefw\xeb71\xbf\xdf\xd0\
@\xe0\xbb/\x83q\x18Z\xcd\x9d\xbf\x03\xc2\xc2\x0f\xc3\
\xce]\xe7\xe1\xf4\xe9X\xb8z\xf5\x06(\x95\xb7\xe0\xf2\
\xe5$8zT\x01\xdb#\xce\x81T~\x08f\xce\xd9\
\x06c~\x0b\x83\xe1\xdc\x05\xd0\x0f\xbd\x08\xc9E\xda:\
x%\xb6\xed\xea\xfe\x95\x8bw\x90]_\xdf\xf9\xa9\x9c\
\xc9\xa1THE<\xc6\xc6=\x17\xe0\xef3\xb1p\xfa\
\xd2u8\xfaO<\xec8x\x19V\xac?\x0aS\x97\
\xee\x04\xe1\xb4\xd50p\xd4\xe2\xa7\xbd=\x82~#m\
s\x0c\x8c\xa8\xdfw\xea\x81C\xc2\x85\xe7\xf2\x17n\x8e\
\x87\xf0\xbdx\xa5\xda\x97\x04\x8b\xb6\xc4\x81\xef\xb2\x7fa\
H\xd0\xf1s.S\xf7\xb5~\xdf\xf1\x95\x15\x10r%\
\xfd}\xf7\x0d\xaa\xe3\x90/\x9b\x8c\xfdkCB^\x1b\
\x86\x9dBc\x9a\xce\xa1\xb1\x11o\xdf\xffE\xaa\x86y\
\x07n\x95\xb7\x93T\x18\x90t\x0cw\x16\x1f\xbe\x0d\xbc\
\xf0\x02\x00\xc8\x10\xf1\xbf\xe8E\x9e\xbd\xca\xa5\xc2\xaa\x0d\
\xe8\x05Dk\xfe\x1b\x04 \xeb\xfc\x8d0\xe4\xbd)\x1a\
 \x95\x04\xc8\xe8\xcd\x89\xe0\x8e\xaf\xfd\xb1\xe7\x065/\
\xe3\x8f\xcfu/\x0e\xb3\x22o\xbd7t{\x8f\x0c\x13\
\x10\xab.\xee|['\xdfl\x12^\x0d\x1c6\x13\xc4\
\xde+a\xd2\xb4u\xb0\x18C\xa8\xf5\x1bO\xc2\xc1C\
W)8n\xdfz\x0c\x0f\x1f<\x83\xe4\xa4\x07p\xe1\
B\x22\xec\x8b\xbc\x04\xab\xd7\x1e\xa3\xf2\x11\x92\xabp\x04\
\x8ba\xc0/3\xa1\xb3\xcbxh\xdb\xcd\xeb\xa5\x95\x83\
\xb8\x83\xb3\xd7\xcc\xe1\xfd\xfc\xe6\xe7\x89\xb0\xe3O_\xfa\
\x17\x84l<\x0e\xbb\x0e_\x85\x8b\xca\xdb\x90x\xf3\x09\
\x5c\x8dM\x85\x83\xa7\xd5\x10\xb6\xf5\x14\x04\x06\xef\x01\xaf\
\xc0\x0d\x98\xc0/\xcb\xef\xe7\xb7`=i[\x9f)\x07\
;\x0c\x9eq8\xfd\x8f\xd5*\xd8v\xe4\x16\x5c\x8a}\
\x02Q\x89\xe9\xb0\xfd\xe8m\x98\xb3\x01\xbf\x94y\xa7\xd3\
\xfbL\x8d\xf4\x7f\xdf\xf1\x95\x05\x10\xd2q\x96\x1f\xbdC\
u*\xef\xf5\x09TH\xf2OR\x06\x8c\xde\xf2_\x07\
 W\xe4\xd8{/\x0b\xec\xee\x0b\x0cY\x92\xa9\x0e\xa1\
y\x7f5\x86e\x05\xef\xbd\x84\x94\xb4\xf2\xcf8W\x14\
\x10\x92_\xcc\x8a\xbcY\x085\x01\x22'\xf7\xbf\xce\x7f\
\xeb\xc9+*|\xd4\xc0O\x00Yp\xe86\xbc\xc8)\
\x9a7\xe9\x02B\xd6'\xcf\xcf\xa1\x87 \xf9G.\x02\
\x95\x8a\x17\x95\xb1[\xaf\x17\x85\x04\xd7\x8b\xc1\xf3S\x8e\
|\xc4@\x01q\xf0\xf4\xb4s\xf2\xcd\xd5\x06\x84\x8cT\
i\x03\x12\x1d}\x13\xee\xa4<\x81\xb4\xc7\xcf\xe1\xe6\x8d\
G\xf0\xef\xbf\x04\x90\xcb\x14 \xf3\x17\xfd\x05\xbfM&\
\x80,\xa1\x00\xe9\xd2w\x02\xd88zc\x1e\x22\xfe\xde\
\xd9+h \x02\x92-\x9c\xb6\x0a\xa6.\xd9\x09\xc1\xeb\
\x8f\xc1\x8eCW\xe0\x9f\xa8\x1b\xa0\xbev\x1f.\xaan\
\xc3\xfe\x93*\x90o9\x093V\xee\x06\xcf\x19\xeba\
p\xc0\xd2\x5c\x17\xdfy\xa1\xa4m}\xa6\x1c\xe828\
\xf0\xf0\xf3\xc0\xb5j\xd8q\xec6(\xae\xa5C\xec\x8d\
\x0c\xd8y\x22\x05\xe6o\x8a\x07\xde\xbc\xd3\x99}\xa6D\
N|\xdf\xf1\x95\x05\x90W\x98\xc4\x1e\x8bK\x87\xa5G\
R\xa8\x0eJ\x92lrE\x1d\xb7\xfdZa\xfc\xbd\xf1\
\xc2\x83\xc2\xf5I\x92:s\xdf\xcdB@H\xa7\xd8\xaf\
|\xf2\xe1]\xa2\x04U\x86\x07!\xc71\x0a\xaf\xee\xfe\
\x9b\x12\xe1\xd2\xcd\xcc\x22\x9d\x95\xe4%\x04\x08\xcd\x5c\x0b\
9\x86\x19{o\x14\x1bX(\x09\x10\xf2\xb9l\x1d\xef\
@\x00\x14\xeax$\x92\xdb\xe4\xbe\xf9`D\x0c\x13\x10\
\xeb\xae\xe2\x01\xb6\x8e\xbe\x19d\xd2o\xc0/\x7f\x82\xd0\
s9L\x98\xb2\x06\x16,\xde\x05k\x10\x80\xbd\xe8)\
.\x5c\xb8\x06qq\xa9\x90\x84\xde#&&\x85\x0a\xb9\
\xfe\xc2<\x84$\xebs\xe6G\xc0\xaf\x13Va\xee\xb2\
\x08\xfa\xff\x12\x04?\x11\x0f\xe2\xe0y\xdf\xaa\xab\xd8\xa6\
\xb7\xd7Lk\x0c\xb1n\xbbM\x92S#V\x8b09\
_\xbf\xeb\x1f8\x80P\x1c\xbf\x90\x00\x87\xce\xc4\xc06\
\xcco\x96\xad=\x02S\x96\xec\x00\xfe\xd4U0`\xd4\
\xe2'\x18b\x8d\x22ms\x9ev\xa0\xe9\x80\xdf\x0f]\
\xff5\xe4\x0a\x84\xedI\x82=\xa7R`\xdf\x99;T\
\xa8594\x1a\x5c\xe7\x9cN\xea3u\x9f\xd3\xfb\x8e\
\xaf\xac!\x16\x89\xdd\xc9\x88\x8cvy\xd8\xbb\x00yS\
F@Hg\xba\xf1\xf8\xd5\x7f\x9eG\xcb\xe2\xd0n\xa3\
\xa7!\xfb\xd5Ve\xe4 \xc4K\x90\xed\xc7\xdf\x7fI\
]\xed\xb5EF\x9c\x96 @\xda\x80\x90\x90\xa94@\
\xde5\xcc{\x1e=\xad\xcf\xc6\x84b9\x98\xeeq\x95\
A\x86\x09H\x9b\xce\xee66\xdd\xfd\x9214\xca'\
\xb3\xe3n\x18*\x91\x91\xa9?gm\x85`\xc9\x01\xd8\
\xb4\xe54\x1c<x\x85J\xd0\xcf\x9e\x8d\x83\x93'\xd5\
\xb0w\xdfE\xf4.'\xa8\x11.2\xdc\xeb\x17 \xa3\
\xe6M\xc8\xe7;\xf6\x0c\xc8\xb7\xee\xe6u\xba\xb5\x83\xb7\
%\xd9~\x1f\xaf9\xfb\x07\x05,\xcd\xf3\x9c\xb1\x16\xa6\
a\x9e\xb1x\xd5!\x08\xdb~\x1a\xd6\xfdu\x0eV\xed\
8\x83\xf9\xc7\x11\x98\xb1b7\xf8\x06m\x84!cW\
\x00z\x9c\x8b}\xdcg\xd9h\xda\xd7w\xea~\xf1\x90\
\xa0ci\xa3\x83/C\xe0\x1a\x15\x04\xadS\xc3\x18|\
<|\xee\x99\x97\x03f\x1c\x9d\xd3{\xfc_\xef\x1d\xf2\
\xad\xc8<HE\x01\xb9\xfb4\x1b\xa6b8\xa3\x9d\xbb\
h\x8c$\xb9\xb3\xf7\xdf\x82G\x99\xaf\x8b|\xa6*\x86\
yIg%\x00\x108\x08<\xba\x1e\xa4\x22\x80\xa81\
\x9c\xfam{\xd10\x8b\x84p\xe5\xc8C\x0c\x13\x90\xd6\
]\x05M\xdb:\xf9\x9d\xff\xbe\xf7Xj.\x83\xcc\x81\
\x90\xd9r21H\xc2\xa7\xd0\xf0\xbfa\xdb\xf63\xb0\
{\xef\xbf\xb0o\xdf%j\x04k\xe3\xe6S \x91\x1d\
D\xef\xb1\x03\xc6O^\x03b\xaf\x950\xc8u\x16\xf4\
\x1a8\x1d\xdaw\xf7\x7f\x83\x80\x84\xdb\xd9\xb9R\xd5\xbe\
n\xe3\x97\xba\x0f\x1b\xb7\xec\x11\x99\x18\xf4\x9f\xb9\x91\x82\
d\x9e\xfc\x00,\x0c?\x08\xf3C\x0f@ \x86Vc\
\xe6l\xa1\xe6B\xfa\x8fZ\x94\xe5\xe23\xe7\xf7~\xee\
\xb3\x0a;}\xbf\xe9\x87,\x5c\xa6\x1e\x0c\x1c\xfc\xe7\xb1\
\xf8a\xb3\x8ee\x0e\x9by,\xeb\xe7\xa0c\x89\xfdg\
\x1c\x91\xf4\xff\xe3P\xa9\x7f\xf8\xa9O@\xee=\xcd\x81\
\xc0\xbd7K\x1c\xed\x22\x1d\x7f!vT\x12\xf2h\xab\
2\x01\xc9\xc2\xd01\xf1A\x16\x15>\x92Z\xaee\xe8\
9\xa6c\xe7\xf5\x5c_\xf4\x8a_\x11@\x12\xd0K\x91\
\x910\xedc#\xcfuC\xb12\xc80\x01\xb1r\x09\
0\xb1\xea\xea1\x92\xdd\xdd\xffuW\x97\x09\xf9\xfd\x87\
\x06Q\xe1\x92\xefh)\x05\xc9\x9cy\x11\xd4p\xaf,\
\xf4o\x84\xe505r\xb5d\xf9\x1ej\xf4j\xc2\x94\
\xb5\x14L\xae\x9c\x05\xd0g\xf0\x1f\xd0\x05\xc3\xabv\x8e\
>\xf7\xdbt\xf5t\xd0l?+;\xc7yC\xe4\xd9\
\x94\xc1\xa3\x17`~\xb1\x8c\x0a\xa3\xfc\xd0[\x8c\x9e\xbd\
\x19\x81\xd9\x04\xee\xbf\xafC\xcf\xb1\x12\x06\xf8/\xcc\xe9\
\xeb3wCo\xefY_\x94\xd4\xce>S\xf6\x7f\xe6\
2%\xd2\xc1eZd\x8f\xfeS\x0f|Y\xd6\xe3\xab\
\x08 d\x9c\xbf\x22\x80\x90\xa2?2\xdaS\xd2|\xc9\
(\xcc\x0fB\x8e\xa7bR\x9d[\xe43\x15\x05\x84\x04\
6/0\xac\x8aT>\x86\x99\x98\xac\x93\xb2\x15\x92\xac\
O\xdb\x9d\x0c\xc1\xc7\xef\xc0Au\x1a\x05Dey\x90\
\x92\x00!\xf3\x22\xb5\x06\x10\x22\x1b\x07\x9f&m\x1d}\
/\xe3\xd5?\xbf\xe7\xc0i0h\xd8,*\xd4\x22\xf3\
\x1b\xbf\xa1\x87 a\xd4\xcc9\xdba\xd6\xdc\x08\x08B\
0\xa6\xcd\xd8@\xe5\x1d\x9e\xbe!0\x82\xb7\x90*^\
\xec\xd6o\x22|\xd3c\x14 l\xeb[;\xba[h\
\xb6Mj\xb12_d\xa5\x9c\xba\x14\x03~3\xc3\xa0\
\x87\xfb,\x188j\x09\x0c\xc5p\x8a\x00\xd3\xdbs.\
\xb8\x8e[\x02\xeb\xf6\x9e\x8e\xdfs\xe2R'Ga`\
\x99\xee3)\xab*\x02\x88\xa6&\xaa\xbc\x80\x90D\xff\
}3\xf2\xa4S\xbe\xc9/\x7f\x0eBF\xa7\xce\x5c{\
J\xcd\xdf\xa4\xbe\x9d\xf0#\x13\x9dag\xee\x02\x7fu\
\x1c\x05\x01\x19\x99#\x93x$y'\x1e\xe5i\x16I\
\xe2\xefT\x19 d{3\xa9\xa1\xdeZ\x92\x83hd\
\xed\xe0\xd9\xc3\xc6\xd1\xef\xdf\x8e\xbd\xc6@\xf7\x01S\x81\
x\x12\x12n\xf1E\xcb(/\xe17F\x0e\xfeh$\
\xdfp\xf7\x0e\x06\xaep\x09UbB\x8a\x1a\x1d\xfbO\
\x02v\x0f\xff\xdc\xb6\xdd\xbc\xcfcN\xf3\x99\xf6v\xb5\
\xaby\x1f\xa5=\x83sW\xe3`\xc9\xba}0~\xe1\
z\xaapq\xef\x89KTUon^^U\xfd\xfd\
A\xb9\x00!\xc9\xadv\xe7(\x0f \xe5\xd1\x87\x00\xa2\
N}A\x8d y\xac\x8b\xa7\x92e2r\xb4'\xfa\
q\x91\x91\xa7?\xf6$\x17\xf1R\x95\x9d\xa4+\xef\xbc\
\x80_\xb7]/\xb2\xcf\xd0\xd3w\xf1\xfb\xace\x80|\
\xe34\xb6\xa1uW\xaf!\xed\xba\xfb=\xe9\x84\xf9\x88\
\xa6\xd4}\xb0\xebl\x18\x8e!\x14\x09\xbbHe\xefH\
\xde\x22*!'^\x86$\xe5\x04\x8eo{\x06\x00\xe6\
\x1d1V\x0e^\xc3u\xb7\xab[\xee\x9e\xf7\xe6\x0dd\
<\x7f\x09\x8f\xd3\x9f\xc1\xd3g/ ;\xa7\xf0\xcb3\
\xa8rw\xd2\xf9\x0c\x1d\x90\xc3\xb1i\xd4\xfbd8\x97\
\xdc\x01H\xbc\xc4\x92\xc3)\x18R\xfd7\xe4\x1a\x8ca\
\x5c\x96V\xa9<\xf1\x5c$\xec+\x0f \x1bJ\x00\xe4\
B\xf23\xaa\xdcD{\xc2\xf4hl:|\xf8(\xaf\
\x81\x03B)0\xd0\xc8\xba\xabgo\x1bG\xdf#v\
\xdd\xfd\xb2\xc9\xbd\x1e\x0e\x18:\x91\xb0\xcby\xf0\xefT\
i;Yv\x1f8\x85\x9a\xef \xde\xc6\xce\xc97\xa3\
m7\x9f\x9dV]\xbd[\x7f\xdc{|\xb1J\xdc\x92\
n\x98\x22?\xd6p\xe3\xc6\x0d\xdd\x13dP\x80\x90X\
]_\x80\xf0\xca\x00\xc8\xa3\xe7d\x00\xa0`\xe6\x9f\x02\
\xe4V&5\x22F\xee>,\xec\xfc\xb8\x0c\xc2v\xa6\
ky\x90\xe3\xf1\xe9\xe0\x87\xeb\x17\xb6\xfd\xed\xa8Si\
\x80\x90m\xce;x\xab\xd8\x8c\xbb\xe4d*\x15\xcei\
\xf6G\xe6_HXY\x0e\xd5\x00@Pm~\xf4\xa8\
\x8f\xe1V{kG\xef\x096\x8e>GX\xddG\xdd\
\xfc\xa6g\xc0\xd3\x0e=\x03^w\xec\x15\x00\x1dz\x05\
d\xb7\xef1\xfa\xb1\x9d\x93\x7fR[G\xef\x03V\x0e\
\x9e\xbem:{\xbe\xb3\xdc\xa3$@\xe4r9\xec\xdc\
\xb9S\xf7\x04\x19\x0c \xa4\x0b\x90\x82\xc5w\x01B\xd2\
\x86\xf03w\x8b$\xa6!'R\xe1\xe6\xe3W\x98\x13\
dP\xf7t\x97Gd\xbb;\x10\x06\xed\x19z\xb2\xef\
\xb5\xff\xdc\xa3\xea\xa54\xa6B\xef&;\x95J\xc1C\
\xd6!\xc3\xac\xd7\x1ffQ9\x06\xc97\xb4o\xb8\x22\
\xa5!\xe45rU\xdfq\xe5\x11L\xc6\x04\x9a\x84D\
\xda\xe5&\xa4\x84\xe4\xe1\xb3\xa2\xf5X%M\x14\x92:\
.R\xfcH<\x15\x81.\xfa\xf6s\x0a\x08\xcd\xfb\xe4\
nH\xb2\x8frx\x0f\xa2\x9a\x01\x88F\x1f\xf7\xe6\x99\
\xb4\xe9\xea\xd9\xca\xba\x8bG\xcf6]=&\xb7\xe9\x22\
^c\xe5\xe0\xb1\xcb\xaa\xab\xbb\x04\x13q_\x0c\xa7\xba\
\xb5q\xf0\xf8\xd2\xca\xd1\xf3\x9d\xf7\xa3\x13\x95\x04\x08\x9f\
\xcf\x87\xe9\xd3\xa7\xeb\x9e \x83\x01\x84\xcc\xac\xff\xa95\
<\xab\x0b\x08\xd5\xd8\xd4\x82\xce\xa1)\xd9\x10\xaf\x8d\xa3\
:*\xb9\x9ao/\xc7\xb0,\x19y\x22%\x1a\xe3\xb6\
]+R\x03F\x92l\xbfM\x09Ti\x0b\xb1)h\
\x01[\x12\xa9\xd75\xeb\x90\xd75\x05\x87\xc4\x93\x8c\xdd\
\xf6\xb6\xe0Rk\x1bB\xbc\xca\x93A\x072\xdc\xbb\xfd\
\xd2C\xf0\xc4\xbcE\xf3>yo\xe7\xd5GT=\x9a\
f\xd0@\x03\x08Y\x87x\x08r\x8f:\x09\x9f\xc81\
\x93\xb2\x9ceGS\xa8Q\xbe\x82\xa2\xc7\x18j{d\
\x06\xfdYV\xb9K\xfdk\x16 \x95%]@22\
2\xa0S\xa7N@\xfe\xb3\xf0\xc9\x93\x22a\x89\xc1\x00\
B\x12\xd9?1|!\x9dAc;\xf1\xca\xa8-2\
\xf9\xa6Hy\x0e\x81\x18\xbf\x93*\xd6\xf1\x11\xd7\xa9\xf8\
?\x0a\xaf\xaa\xe4\xfe\x8b\x0f\x15\x81\x83\x84:\x040\xed\
\xfd\x96\xc5\xc8\x8f,\x90\xd1+\x22\x12\x02\x91\xc9@R\
yK\xbc\x05\xd9\x1ei\x1bI\x9c/\xe1\xd5\x9f\xb4\xfb\
Lb\x06z\x91kE\xf6E\xdd\xf7\x8e^\xf1\xd5\xdb\
\xb6\x9fHxJ\xbd\xee\xb5>\x9e\xaa3#^q\x1b\
\x82E\xc2\xba1\x08\x06\x09\xd3H\xd9<\x09\xe1\xb6\xe2\
\xeb\xe4~\xf9r\xcc\x9ek\x8b\x06\x84(>>\x1e>\
\xfb\xec3h\xd5\xaa\x15\xc4\xc6\xc6\x16\xe9#\x86\x02\x08\
\xe9d\xe4jJB&\x8d\x91\x22\xc0\x92\xd6\xbb\x87W\
\xee\x9b\xd8!I\x81\x22\x99\xf4+gxA\xddsN\
JO\xb4\xf7YV#3\xf6\xba\x9d\x93\x84A\xe4\x18\
H\xa9\xcb\xed\xb4W\x14\xf4\x1a\xef@\xae\xf2\xa4\xcd7\
\xb4\xb6A\x1e\x13\xc84\xed'\x9f\xbf|3\x93\xcaY\
\x1ef\x16\x94\xe0\xbc\xcc\xc9\x83{\xb8/\x02\xa0\xe6s\
\xc4s\xbd\xc8.\xff\x0dbZ\xa2\x01!\xbf\x83\x15\x19\
\x19\x09FFF\x94\xed\xda\xb5K\xfb\xb7\xb1\x0c\x06\x10\
Zz\x11\x0d\xc8\xcb\x97/a\xd1\xa2E\x85?^=\
m\xda4\xea\x07\xad\xdf\x8a\x06\xa4n\x8b\x06$55\
\x15~\xf9\xe5\x97B@\x1c\x1c\x1c4\xffOHD\x03\
R\xb7E\x03B\xf2\x8f\xef\xbe\xfb\xae\x10\x10kkk\
\xb8y\xf3\xa6\xe6\x04\xd1\x80\xd4m\xd1\x80\xec\xd9\xb3\x87\
J\xd0\x19o\x01i\xda\xb4)\xec\xdb\xb7Os\x82h\
@\xea\xb6h@\x16.\x5cH\xfdq'\xe3- \xf5\
\xea\xd5\x83\x05\x0b\x16hN\x10\x0dH\xddV\xdd\x06\x84\
\xfc\xed\x81\xf6\xdf\xafi\x8cL\x1a\xbe\xfd\x97)\x1a\x90\
\xba\xad\xba\x0d\x08\xf9\xe3\x9c\xee\xdd\xbb\x17\x03\x84\xfc\x91\
\xce\xbd{\xd4\xaf\x86\xd3\x80\xd4m\xd5m@\xce\x9e=\
K\xc1\xc0\xd0\x01\xc4\xd4\xd4\x14\xe2\xe2\xe2\xc8\x09\xa2\x01\
\xa9\xdb\xaa\xbb\x80dgg\xa7\x84\x86\x86B\xb3f\xcd\
\x8a\x01Bl\xc7\x8e\x1d$\xcc\xa2\x01\xa9\xdb\xaa\xbb\x80\
<x\xf0 \xc5\xd7\xd7\x17\x1a6lX\x22 S\xa6\
L\x81\xf4\xf4\xf4\xaa\x02\xc4\x01O~\xf1\x9f\x0e\xa4e\
h\xaa\x9b\x80\xe0\x81;c\x08\x95\xf2\xd3O?Q\xe5\
%\x8c\x12\x00\x190`\x00\xdc\xbau\xab\xaa\xee(l\
\x88\xd6\x06\xcd\xba\xa6\xd9\xba3\xa9C'lO\x86q\
\x9b\x13a\xd2\xf6\xa4\xeb;.\xde\xef\xab\xef6U\x95\
\xe1w_\xec\xcf\x97\x8a\xa9\xb6\x02r\xfa\xf4\xe9\x14+\
+\xab\x12\xe1 \xd6\xb1cG\xb8|\xf9r\x95\x00R\
\x9352D\xf9\x83`U\x02\xf0\xe4j\xe0\x85\xc6\xc5\
\xbaI\x14,}\xb7I\xaf\xaa\xad\x80,[\xb6,\xc5\
\xcc\xcc\xec\x9d\x800\x99LX\xb7n\x1d\x0d\x88\x8e\xf8\
2\xd5\x8f\xa2\xd5\x89\xc0\x0fU\x83 <.\x8e+S\
\xd2\x80\xd46@\x9e={\xe6\xec\xef\xef\x9f\xf2\xae\xf0\
\x8a\x18yo\xea\xd4\xa91iii4 Z\xa2\x01\
\xd1Qm\x04d\xeb\xd6\xad\xce\xbdz\xf5Ja\xbc\x03\
\x0e\x8d\xf5\xeb\xd7/F.\x97\xd3\x80h\x89\x06DG\
\xb5\x11\x90\xef\xbe\xfb\xce\xb9E\x8b\x16\xa5\x02\xd2\xacY\
\xb3Xkk\xeb\xba\xdd\x01tD\x03\xa2\xa3\xda\x08\x88\
\x89\x89\xc9/\xc6\xc6\xc6\xf7\x18\xa5\x00\x82aV2\xae\
G\xfe8\xa7R\x7f8\xae&\x8b\x06DG\xb5\x11\x10\
\xd4|\xb4\xe7\x8cR\x00A\xcb@\x9b\x8cfV\xf2f\
\xea\x9eh@tTK\x019\x84\xf6\x86Q: d\
\x9d\x0dh\xcd\xf5\xd3L\xc3\x13\x0d\x88\x8ej! \xa4\
\xb3\xc73J\x87Cc\x17\xd1\xbe\xd1KK\x0dP4\
 :\xaa\x85\x80|\x8f\xf6\x98Qv@\xee\xa2\xf5\xd3\
KK\x0dP4 :\xaae\x80\x90\xd2\x01\x0f\xb4|\
F\xd9\x01!\xeb\x060\xe8D\x9d\x12\x0d\x88\x8ej\x19\
 M\xd0\x961\xca\x0e\x87\xc6\x82\xd1\xcc\xf5\xd0^\x83\
\x13\x0d\x88\x8ej\x19 \xe4\xcb<\xcd\xf8p@N\xa0\
}\xae\x87\xf6\x1a\x9ch@tT\xcb\x00\xe9\x83v\x93\
\xf1\xe1\x80\x90\xa4\xfe;=\xb4\xd7\xe0D\x03\xa2\xa3Z\
\x06\xc88\xb4t\xc6\x87\x03\xf2\x00M\xa8\x87\xf6\x1a\x9c\
\xf82\xe5\xff\xd1\x80h\xa9\x96\x01\x12\x81\x96\xcb\xf8p\
@\xc8gdzh\xaf\xc1\x88\x13\x12\xfd\x11W\xa6\xb0\
\xe5\xca\x95c\x84\xe1q4 \x1a\xd5\x22@\xc8\xbf\xd4\
^f|8\x1c\x1a;\x82\xd6\xa0\xda[\xadg\xf1d\
QM\xb9\xb2\xe8\x00\xae\x5c\xb5\x9b'S\xa6\x22\x18\xaf\
pI\x03\xa2QQ@D=\xf4\xdd\x9e\x0a\xa8\x1d\xda\
\x1dF\xf9\x01Ib\xd4\x81D\x9d/W5\xe0I\xa3\
[c(\xd5\x17\xc1\x88@0n!\x10\xd9|r\x83\
\x14\x82A\xc1\x81\x8f\xf9a\xb1\xaf\x05\xab\x12\xce! \
6\xa5o\xb5\x16K\x0b\x90|\x04\xe4\x90\x85\x9d\x80\xd7\
\x98\xc5g\xea\xbb]\xe5\xd0`\xb4\xd7\x8c\xf2\x03\x92\x83\
\xd6\xb1\xda[]M\xe2\xc9\x15-\xf82\x85\x07_\xae\
\xdc\x81\x10$\x22\x04Y\xf8\xf8\x8d\x06\x0a\x9e\x5c\x05\xc2\
\xf0x\xe29\xde\xf0Bc\x22\x10$\x91\x9bT\xc9\x1e\
!U\x9a\xea\xbb\xedz\x15\xd3\xde\x1d\x8a@\xc2\x16\xe5\
X\xb0E7\x11\x96\xd5h\x03,Y\xa2\x16\xfanc\
\x19T\x1f-\x88Q~84\xe6\xc7(\x08\xd5j\xbc\
\x04\xe1\xd1\x0dx2\xc5Oh\xe3\x10\x80}|\x99*\
\x8d'S\xbd& PF\x85Q1\x1aS!\x10a\
\x5c\xa9r\x10W\xa2\xfc\xc2U\x96\xd8\xc0e\xc5\xb5\xd2\
\xef\xd7\xae\x0b\xb2\xb4w\xff\x9d\xc9\x16\x9fBKC{\
\xa3\x05\xcak\x04\xe46.\x8f2\xd9\xc2\xf1\x16l\xe1\
\x0fL\x96\xd8P\xab^\xc9\x04\xe1^F\xc5\x01\xd9\x84\
\xd6\xb2\x9a\xdb^)\xe2\xaf\xbaj\xc2\x93G\x7f\x8c@\
\xfc\x1f\x86O\xfe<\xa9b\x17B\x10\x8b\xf6\x02\x81\xc8\
C80tzk\xa1\xea4\x84B\x89^D\x8aK\
O\x8e,\xba\x03z\x0bKW\x99\xa2\xd8\x1f\xa2\xd6y\
5\xb0\x17\xd7k\xcc\x164\xc7\x04\xdd\x93\xc9v\x8f@\
H\x1e\xa3i{\x15b\xd9\x08\xc8m\x0b\x96h\x01B\
\xf3s#\x96\xd8\xd0f\x9d\xbfFKfT\x1c\x105\
\x9a}\xf56\xbd\xe2\xe2\xc9\x95\xed\x11\x0c_\x84a\x0b\
\x1a\xe6\x14\xaaW\x9a\xb0\xa90\xa7\x90\xab\xf3\x11\x8cD\
\xcc-6\xe2k\xde\x5c\x99\xca\x9a\x1b\x1c\xd7\x10=\x05\
]bS\x16Y\xd8\xba\xd57g\x8b?\xb3`\x89{\
[\xb0\xc5\xb3\x10\x96\xb3\x08J\x86.(\x08H*\xc2\
\xb4\xdb\x82%\x1c\x8d\xc0|ka+l\xac\xef\xb63\
\x0a\xcaD\x9c\xd1\x06i[\xfd&m\x83\x1a}\xd5\xe3\
I\xa3\xff\xf5\x04\xcb\xb6\xfd\xc1\xc1s\x098\xf9\xad\x80\
^cC\xe13V\xd7\x00\xdd\xf5\xd1z\xa25\xd5\xd3\
1\x94Y\xc2\x10Es\xf4\x10\x1d0$\x1a\xcd\x95)\
Vc\x87\x8fF{\x8a@\xe4\xe22\xbf \x8cR\x13\
\xcb\x10\x84\xc5\xa8\xb9r\xe5V|M\xc4\x91*\x7fp\
\x93\xaa\x9a\x0b\x82\xa3\xea\x07\xd0!T\xf9e\xfa\x8dg\
\xfdF\xf6\x1e\x9f\x9a\xb3\x84\xa30\x1f\xd9B\x81b_\
\xcc\xab\xbc\xc2\xf7\xaea\xf8\xb5\x92i/\xec\xcf\xb0\x0a\
\xa8\xaf\xefv\xeb\x0aa\xef\xcb\xb4\xf7H%\x1e\xb1\xe5\
\x0f\xa3a\xe4\x8a+T\x88\xe1\xbe.\x19xa1l\
}\xb7\xefC\xc5\x93(m\xb8\x12\x85\x1b_\xaa\x5c\xcb\
\x93\xa2\xa7\x90\xab\xb2\x0b\x81\xa0<\x05\x15>!\x18\xca\
\xc7\xe8)\xb6!\x10\xa3\xd1\x9b\xb08\xe1Q\x8d\x5c#\
bhOQ%\xfa\x9f\xd0\xc4\xccZ\xf8)\xf1\x18\xd8\
\xd1\x14\x08JZ\xf1\x10L\xf8\x1a\xed:\x023\xcd\xdc\
Nho\xde\xde\xa3\x91\xbe\x9bM\x84\x1e\xee- \x22\
\x04d\x14\x8c\x5c~\x99\xeaH\xe2\xb5I\xc0\x95)\x0d\
>\x94\xe2J\xa2\x1as%\xd1l\xf4\x16~\x5c\xa9\xe2\
,B\xf1\x1c\xdb\x9f\xc7\x7f\x0b\x04\x8f\xca)(O\x91\
\xc5\x0f\x8bI\xe4\xc8\x14\x08E\xf4`\xd7`U\x13\x04\
\x82\xce'\xaaSM\xad=L\xccX\xa2\x96\x18^u\
\xb6d\x8bWb\xa8\xf5Xg\x04\x0cM\x9c\x8b\x9d\xf2\
!\xe6+\x7f[\xd8\x09\x87[\xb2\x04z\xcdUj*\
 \xdcP\xf5W\x08\xc3,\x04\xe3$\x86Q\x0f\xb0\xcd\
\xaf)O\xa15$+\x08\x8b\xc3\xc7\xaa\x1b\xbc\xd0\x98\
P\x8eT\xd1\x87\x13\xaa\xf8\xdf\xf0UJS\xd7\xf5\x0a\
\xdaS\xe8[M\xad\xb8\xf5-lx\xad\xd0\xabLB\
H.\x14\xe4*:^\x85%\xcc\xc6\xf7\x15\xf8\xf8W\
\xf4.\xf6L\x1b~\xe9\xbf\x83Z\xc9\xaa)\x80\xf0\x83\
U\x0d\xf8\xd2h\x1b\xbeT5\x12s\x8aH\x84#\x9d\
x\x0a2\xf2\xf4\xdf\xe4\x1d5<\x9b\x83`\xdc\xe2I\
\xa3q\x9d\xe8\xe1\x9e\xa1qL\xce\xa2\xd8\xba=Oa\
\xc82c{\x9a0\xed\xf8\xcd\x99,q7\x04d\xb5\
\xa5\xbd\xfbK\x9d\x5c\x85\x0c\x17\xe7\x22,w\xd0\xabD\
2Y\xee\xfd\x9a\xdas\xabm\xa8\xd8\xd0\x01\xe1K\xa2\
>\xe1\xcaT\xfe\xe8%\xf6!\x18)\x04\x80\x22\x9eB\
F<E,\x81\xe3)_\x1e\xb3\x09\x9f\xf7C\x88l\
x\xd2K\xa6\x9e+\xff\xa5=EM\xd2G,A=\
\xcbv\xbc\xe6L{\x11\x07\xbd\xca\x06\x04&\xbd\x84\xe1\
\xe2\x1c\xec\xb4\xf7\x10\x96\x95\x16,A\x7f\x0b[Q\x95\
z\x15C\x03\x84\xbbRi\x89\xde\xc1\x01\xf3\x09\x0c\x9f\
\x94g\xb1-\xcf\x0b<\x85\xb2H\x99\x07\x81\x84\x1f\x1a\
s\x96/W\xceG8\xfa\xf0d\x8a\xe6\x1c\x89\xaa^\
u\xb7\x97V\x15\xa8~G\xae\x89\x85\xbd{s\xec\x94\
\xceh\xf3\x10\x92\x7f\x0a\xe6V\x8a\x80B\x92\xfa\x14\x0c\
\xc1va'\x1e\x8ffo\xc1\x16Wzy\x8b\xbe\x01\
\x11I\xd4\xf5\xf8R\xc5\xa7\xd8\xc1\x9dp\xbf\xd3py\
\x14\x97\xd7\xd0\x88\xa7x\xf3\xdf\x5c\x85*\x1f\xc1H\xc5\
\xe5?\x08\xc4b|}\x18\x02\xd4\x96'Q4\x12\xae\
\x8d\xa6=Em\x95ik\xb7\xfa\xe6\xed\x85\x9f\x99\xb3\
E\x22\x84d;\xda\xf3\x12J[r\xd1\x12\xb03/\
e\xb2\x05\xcef\xb6\x9cJ\x03E_\x80\xf0V\xa8\x1b\
\xf0$\xaa\x0e<Y\xf4TL\xb4\xffB0\x9e\xe1~\
su=\x05\xda\x1b45\x86O2\xae\x5c1\x88\xb3\
B\xd1T,\xbdT\xcf1\xf0$=GQ\x97\xd4\xf0\
[Q=s\xb6\xb0%z\x89\xfe\x08I\x10v\xd8\xab\
:\x89}>5\x09\xc9\x16\xdd\xb4`\x8b\xc8$d\x80\
\x99\x9d\x90e\xd1\xd1\xa3BuQ\xd5\x09\x08O\xae\xfc\
\x14\xaf\xfa\x9d\xb9R\xd5\x18\x5cF\xe0~bH\x95l\
\xa1\xa7\x90\x15x\x0a\xf4\x18Oyr\xf5%\x5c\xcax\
R5\x87+Q|\xc3\x91\xc72\x87m\xbfK{\x0a\
Z(\xbba&L\xb6\xd7\x97\xd8i}\x99l\xf7\xa3\
L\x96\xe8\xb9N\xaeBy\x15\x84D\x8d\xb0\xcc6c\
\x89\x9c\x98l~\xb9\xee\xd3\xa8\x0e@8\xd2h\x16G\
\x12\xe5\x83\xdbEO\xa1\xbc\xf7\xd6S\x14\x19\x92\xe5\x87\
\xaa\x09\x187y2u(\xe6\x1f^\x02Y\xcc\xe7#\
W\xaa\xea\xbbF\x94\xe1\x0f\x5ch\xd5a}\xeaU\x8f\
\xd9^\x88\xf9\x8a\xf0w\xa6\xbd\xf8\x12v\xe4\xcc\xb7\x80\
h\x0d\x17#,l\xe1\x0dL\xfe\xfd\xf0\xb9\xadE{\
\xaf2\xc3R\x15\x80`\xb8\xd4\x04\xaf\xfa\xed\xb92\xc5\
\x0c\xec\xec\x9a|\x22_;|B\x18\x08\x10\x99\xfc\xb0\
\xd8\xab\xb8~\x18W~\xb5\xd3p\xe9?\x0di h\
\x95K\x96]8\xc6\x16,A\x0b\x04\xc1\x11\xbdI\xc8\
;F\xc0r\x11\x96\x14\x5c\xee\xb5d\x8b\x87}\xf2\xad\
\xb8\xd4\xf0\xab2\x01A/\xd1\x89#U,\xe4J\x95\
\xe7q\x1bO\xfe\x0b\x9d\x8ax\x0a|M\x91\xc0\x97+\
\x031\xff\xe8\x22\x5c\x17\xd7\x84'M2q\x8d\x88\xa0\
\xc1\xa0UIb\xf73\xb1d\x09?1g\x09\xe7c\
B\xafDP^\xea\x80B\xbcJ\x0e.\xe3-\xd9B\
\x01\xf1*MX~%\xd6\x81U\x04\x10\x8e,\xda\x8c\
S\xe0)\x04\xe8).\xe22K\xd7S\xbc-\xf9x\
%\x08\x8bM\xe4\xca\xa2Wqe\xaa\xee\xaek\xae5\
\xf4\x0e\xa5\xf3\x09ZU,S{wc\xb3\xb6\x82\x96\
\xe6,Q\x0fL\xee\xd7\x92\xe2\xc8\x12\xbd\x0a[t\x0f\
\xf3\x95\xbf\xd0\xab8\x072\x02\x8b\x5c\xa9\xcb\x03\x08O\
\xa2n\xe9&SLC(N\xf3\xa4\x8a'\xba\xf3\x14\
\x9a\x1b\x8d\xf0\xbd\x07\x82P\xd5R\x9e<\xaa\x87P\xa6\
\xfa\x82\xb7Ha\xe2\x1dx\x97\xf6\x14\xb4\xf4\xa0\xce\x13\
\x8d\xcdX\x1e_`\xc2\xee\x89\xb0\xec\xa6\xe6U\x8aW\
\x17\x93\x9b\xbdb\xd0\xa4\xe8\x81\xba7\xb3\x15\x99\x97\x06\
\x88c`\xa0\x91\x9b\xf4\x12\x86A\xca\xfeh\x0b\xd0\x94\
\xf8~\x09\x9e\x82\xaa\x90%\xa3OG\xb8r\xe5\xef\x08\
O\xd7\xd1+\x13M',z@\x03A\xcbp\xd4\xd0\
\x8e_\xcf\xcc^\xf0\xa9\x85\xbd\xf8\xed$\xa4(\x0aM\
\xb7\xba8\x0f\xed\x06Z\x04Z8\x82\x94\xae\x0b\x08\xf9\
\xdd'\x84!\x00\xc3\xa6\xf9\xf8\xfc\x14\xda\x9db\xa3O\
\x05U\xb3\xc9\x08\xc6)\xcc/\xa6#P\xbdG\xca\xa2\
\xbf\x1a\x19\xa6h0,\x90\xce)h\x19\xba\xec\x02\x8d\
\xcdY\xe2V\x16l\x91\x10s\x95\xfdL\x96\xf0e\x09\
!X\xe1\x88\x986 \x1a\x00J\x18}\x02\xea\xa6#\
\xb9\xea<\xda<\x8eL\xd1\xd5-\xe4\x8a\xa5\xd3Iz\
\xf4\x89V\x0dU3\x9b\x89\xc6\x98\x83|\x8e\xd6\x0fA\
\x90#$\x17q\xf9Bw\xb8\xb8\x04@4\x05\x81y\
\x08\xc3]\xb4\x7f\x08\x14\xa4\xcc\x83#\x8f\xb6\xe2\x87_\
o\xe0t\x92\x9e\xd1\xa6U\x9b\xf41\xcf\xc4\x9c\xcd\xfb\
\x92\xd4w!\x14\xc7\xd0\xb2\xde\x09\x88\x5c\x95\xc3\x97\xa9\
\xae\xf0\xe51\x8b\xf9R\xe5 AH\x5c\xb3\x80\x15\xb4\
\xa7\xa0UW\xf4\x85\xabq#[\xaf\xcf\x99,\xd1t\
\x0c\xc3.\xb7\xf8aT\xd6\x88\xe5\x97\xd2y\xf2\x98\x8b\
\x5c\xa9r\xae 8\xe6\xcbA\xab\xe3\xe9\xe1XZu\
[\x1fY\x0b\x8c-\xec\xc4M\x9a}\xe7\xd7e\xc8\x82\
\xf3\xdfr$jf\xe7\xbd\x09\xb4\xa7\xa0U&\xfd?\
 \x08\xc0\xa4\xd1\x00]\xf0\x00\x00\x00\x00IEND\
\xaeB`\x82\
\x00\x00$\xdb\
\x89\
PNG\x0d\x0a\x1a\x0a\x00\x00\x00\x0dIHDR\x00\
\x00\x00\xc8\x00\x00\x00\xc8\x08\x06\x00\x00\x00\xadX\xae\x9e\
\x00\x00 \x00IDATx^\xed}\x0b\x94\x1cU\
\xb5\xf6\xb7\xab'\xe4\x01$\xe9\xea\x04\x14\x09\x12\xa6\xab\
'<D\xbd\x22\xcaS\x10\x88\x5c\x907\x17\xc1\x07\x08\
\x81\x9bt\xf5$\x0a\x5c\x12@\xd4\xfcW$\x10\x14\x7f\
I\xba:1D\x08^\xf17\x02\x09\x84\x87\x17$(\
\xe1\xa1\xbc\xbcp\x09I\xbaz\x12\x10\x10%\xd3\xd5y\
 y\xcct\xed\x7fU\xcf\x04CHf\xfa\x9c:\xd5\
]\xddS\xb5V\xd6d\xad\xd9\xcf\xef\xd47\xa7\xea\xd4\
9{\x13\xa2+B B`\x97\x08P\x84M\x84@\
\x84\xc0\xae\x11\x88\x08\x12\xdd\x1d\x11\x02} \x10\x11$\
\xba=\x22\x04\x22\x82D\xf7@\x84\x80\x1c\x02\xd1\x0c\x22\
\x87[\xa45@\x10\x88\x082@\x06:JS\x0e\x81\
\x88 r\xb8EZ\x03\x04\x81\x88 \x03d\xa0\xa34\
\xe5\x10\x88\x08\x22\x87[\xa45@\x10\x88\x082@\x06\
:JS\x0e\x81\x88 r\xb8EZ\x03\x04\x81\x88 \
\x03d\xa0\xa34\xe5\x10\x88\x08\x22\x87[UZ\xa3\xb3\
k>\xd2\xc5])\x8d\xc8\x00\xd1\xfe`\x0c\x87\x86\xe1\
p\xdd\x11\x00\x86\x830\x1c\xd0\x86W\xfe\x0f\xf6~\x0e\
\x06a\x03\x986\x00\xee\x06\xc0\xfb?6@\xd3\xd6o\
\xfb?\x13:5\xd7-\xb8\xe4\x16v\xdf\xbc\xbb\xfd\xe6\
\x15c6U\x15L$$\x85@D\x10)\xd8>\xa8\
\x14\xb7V\x1f\x0a\x94\x0f%\xc0\x008\x05h\xbd?\xb1\
\xa7\x02\xf3\xfd\x99x\x8b\x01\x9b\x80\x02\x13\xd9\x1ey\x18\
\xdasN&\xf9F\x7f\x8a\xd1\xef\xfbG \x22H\xff\
\x18}Hbtvy\xd2E\xcb\x91.i'\x12c\
<\x08{K\x98\x09Ze\x05\x98\x1f\xa5\x18-\xdd\xb2\
\x15O\xbf;\xc5X\x1b\xb4\xc3f\xb4\x1f\x11\xa4\x8aQ\
\xd5\xb3\x851\x00\x8e\xac\xfc#\xf78\x80\x0e\xadB-\
T\x22\x0c\xfc\x9e\xc0O2\xf8i\xc46>]\x9ax\
\x98\xf7\xd8\x16]\xfd \x10\x11d\x17\x00\x8d\x9a\xbfv\
O\xde\xbc\xfe,\xd6p&\x98\xcfj\xb2;\xa9\x13D\
\x8b\xb8\x5c^\x5cjo{\xa8\xc9rS\x9aND\x90\
\x1d\xe0L\xcc\xee8\xc1\xd5\xdc\xb3\x088\x13\xc0\xc7\x94\
\xa2\x1dNc/\x81\xb0\xc8%w\xf1\xbaIm/\x85\
3\xc4\xfaE\x15\x11\x04@b\xee\x9aq(w\x9f\xc5\
=\xa48\xbc~\xc3Qg\xcfD\x0f\xc1-/\xeej\
\xc1\xa2\x8d\x13\xdb:\xeb\x1cM(\xdc\x0fh\x82\xf4\xce\
\x16\x17\x12pa(F#,A0\xfe\x0e\xe2;\x99\
\xba\xef,\xa5\x0fz%,a\xd5#\x8e\x01I\x10=\
[\xf8\x0a4\x5c\x08\xe6S\xea\x01z\x03\xf9,\x03|\
\xa7[\xa6;\xd7M6~\xdf@q+\x0bu\xc0\x10\
\xa4\xf2\xd2\xbde\xdd\x85\xdc3[\x0c\xdc\xc7(\xc9[\
\x87\x80%\xcc\xb8\xd3\xc9\x18wK\x9ahH\xb5\xe6'\
\xc8\xad\xf6`=\xe6^\x03\xd2\xbe\x01\xe0\x80\x86\x1c\xa5\
0\x05\xcdx\x06\xa4\xcds\xcc\xd6\xdb\xc3\x14VP\xb1\
45A\x12\xb3W\x9d\xc5\x9avu4c\x04p\xfb\
\x10\xee\xd64\xcc\xe8\x9ch\xbc\x18\x80\xf5\xd0\x98lJ\
\x82\x8c\xb0\xf2\x07\xc4H\xbb\x1a\xcc\x97\x85\x06\xe9\xe6\x0c\
\xe4=\x02\xcd(\x8ej\x9d\x81\xf3\xa8\xdc\x8c)6\x1d\
A\x12\x96\x9da\xe0\x9a\xd0~\xc3`\xee\x06\x91\xb7\xc1\
p\x13@\x9b@\xbc\x09\xcc\x9b\xc1\xb4\x09\x1a\xba\xc0<\
\x14\xa4\x0da\xe6\xa1D\x18\x02\xc6P\x00C\x80\xcaO\
-\x947!\xe3\x19\x06f\x942\xc6\x92P\xc6\xe7#\
\xa8\xa6!H|n\xc7\xd1\xe4\xf25aY\x99b\xc6\
Z\x10\x96\x83\xf1*\x80\xe5\xec\xe2\xd5n\xc6r?{\
\xa2F\xccZ9V\xd3b\x87h\x84C\x00\x1c\xc2\xe0\
C\x00\xf2\xfe\x1f\x0a\xe2\x10h\x8e\x1b\xa3\x19\xa5\x89\xad\
\x7f\xf1qO\x86J\xb5)\x08\x12\xb7\x0aW\x11xf\
\xbd\x90%`\x0b\x83\x97\x81\xb4'\xdcn^\xe6\x97\x08\
\xa2y\xe8s\xec\x83\x88\xf1\x19f>\x1a\xa0\xa3\x00\x1c\
,jC\x9d<\xaf\x06a\xaa\x93N\xdd\xa3\xcef\xfd\
,54A\xf4[\xed}\xa9\x0571\xf0\xd5\x1aC\
\xe8m\xf4{\x9a\x88\x9e\x22\x17Ow\x8e\xde\xf2\x14\xce\
;xk\x8dc\xd8\xa5;}\x9e\xbd/\xbap\x04\x18\
G@\xc3\xe7+?k~\xf1\xf5\x8e\x99\xfan\xcd\xdd\
*v\xd8\xb0\x04\x89\xe7\xf2_&\xc6L\x80\x0eT\x8c\
\xc9\xae\xccu\x83y\x09\x08K\xba\xdca\xf7ol\xdf\
\xb7X#\xbf\xbe\xdd\x8c\xb2V\xb6\xb9\xdcr\x1a4>\
\x0d\x8cc}\x1b\xac\xd2\x00\x01\x0f\x80\x07M-f\xf6\
_Q\xa5J\xe8\xc4\x1a\x92 \x09\xabp\x1d\x83\x7fP\
\x1b4i)\xc0K\xca\xddX\xb2~\x8a\xd1Q\x1b\x9f\
\xc1yI\xe4V\x1d\xce\x1c;\x0dpO\xaf\xc9\xb6}\
\xc2\x9b\xcc<\xadd\xa6\xee\x0a.\xab\xe0,7\x14A\
FX\xaf\x1f\x10\xc3V\xef]\xe3\x9c\xe0 \xf1,\xd3\
k\xe0\xf2\x02\xadE\xbb\xbf\x99\xd7\xf9\xf5\xac=\x1e\x1a\
\x9d\x0dv'\x00\xd4\x12,\xa6|\xb3c\xa6\xa6\x06\xeb\
C\xbd\xf5\x86!H<\xdbq4\x11\xdf\x06p\x9bz\
\x18\xde\xb7\xf8?\x00\x16\xb8[Z\xeeXw\xf9\xd8u\
\x01\xfa\x09\x95\xe9\xf8\xdc\x8eO\x90\xcb\x13z\x89\xb2G\
P\xc11\xb0\xb8d\x1a\x0du\xb6\xa6!\x08\x92\xc8\x15\
\xceb\xf0m`\xe8A\x0c\x9ew\xdaNc^P\xcc\
\xa4\xee\x08\xc2~\xa3\xd8\x1c=\xa7\xc3p]o6\xc1\
%\x0c\x8c\x0e&nZ\xea\x98\xc9\x13\x82\xb1\xad\xdej\
\xe8\x09\x92\xc8\xae\xba\x90I[\xa0>u\xefI\x8a\x1e\
#.\xcf.\x9am\x8b\x03\xb1\xdf\xa0F{\x8e\x18\x97\
'\x80bW\x01<,\x804^pL\xe3\xb0\x00\xec\
*7\x19j\x82\xc4\xad\xfc$\x02\xe5\x94g\x0dv@\
\xda\x0dN:\xf9c\xf5\xb6\x9b\xc7\xe2\xc8\x9c\xfdi\x8d\
y*@\xe7\xab\xce\x8a\x81B\xc94\x0c\xd5vU\xdb\
\x0b-At\xcb\xbe\x02\x80\xf2\x1b\x98\x18\xbf\xe4\x18n\
p&\x19\xde\x17\xee\xe8\xaa\x02\x81x\xaep\xbeG\x14\
\x06>]\x85\xb8\x88\xc8;\x8ei\x84\xb1\x22\xcc\xfb9\
\x84\x92 z6\xff]\x10\xfd\xa7\x08\xd2U\xc8.g\
\xc2\x8cR\xda\xf8e\x15\xb2\x91\xc8\x0e\x08\xec3\xf7\xf9\
a\x9b\xbb\xf7\x9c\xaa\xfa\xb1\x8b\x81-%\xd3\xf0\xf6\x9a\
\x85\xf2\x0a\x1dA\xe2\xb9\xc2Db\x9e\xa3\x12-\x02r\
]\xbb\x0d\xb9n\xc3\xa5c\x1c\x95v\x07\xa2\xad\x9e\xc7\
.\xcc\x00\xf0%e\xf93\xd69\x19#\xae\xcc\x9eB\
C\xa1\x22\x88>\xa7p2\x5c~XY~\x8cu\xd0\
h\xaa\x93N\xceSf32TA a\xe5od\
\xd04Up\x10\xf0\xe7\xa2i\xfc\x8b*{\xaa\xec\x84\
\x86 \xa3\xe6\x16\x8ew\xcb\xbcTUb\x0c<\xae\xb1\
;\xad\x98i{N\x95\xcd\xc8\xce\x07\x11\xa8\x9c\xed\xa7\
\xca&\xd1\xfd\x94`\xc3\xbc\xc8\xc9\xa4\xceVbK\x91\
\x91P\x10$>k\xe5Q\x14\x8b=\xa9('\x80\xf1\
\x13g\xed\x9bS1\xfd\xf8ne6#C;E`\
\xd4\xcf:R\xe5\xb2;\x93\x18g(\x81\x88\xf9V'\
\x93\xfa\x96\x12[\x0a\x8c\xd4\x9d \xa3f\xad<\xcc\x8d\
\xc5\xbc\x8a\x19\xbb+\xc8\x07D\xb8\xb0\x986~\xa1\xc2\
Vd\xa3z\x04\xf4\xec\xaa\xe9 \xed\xfb\xd5k\xf4%\
\x19\x9em)u%H|\xd6\x8aOP\xac\xc5\xab\x92\
\x91R\x03,\xcesL\xe37\x8alEf\x04\x11P\
L\x92Pl\x97\xaf\x1bA\xf6\x99\xfb\xd7a\x9b\xdd\xf7\
\x1e\x01\xb3w\xc0\xc7\xffE|n\xb3\x1c\xd2\xf1\x0fF\
\xfd,\xa8$\x09\x13M*\xa5\x93s\xeb\x97\x0dP7\
\x82\xc4-{6\x01\x19%\xc9k8\xd2\x99d<\xa3\
\xc4Vd\xc47\x02\xf1l~*\x11\xdd\xe4\xdb\x10\xb0\
\x81\x5c\x1e_lO\xfdI\x81-)\x13u!\x88n\
\xd9\x97\x02P\xb2\xf4\xeaR\xf7\xd8u\xe9\x03_\x93\xca\
>R\x0a\x0c\x81\x84e\x7f\x9d\x01\xff\xef\x82\x84'\x9c\
.\x8c\xc7\x14cK`\xc1\xf6a\xb8\xe6\x04\xe9})\
\x7f\x04\x80\xef\x0fC\xce\xa8\xad\x83\xc3t\xd4\xb5\x1e\x03\
\x18f\x9f\x89\xd9\xabN`M\xfb\x9d\xef\x18\xeb\xb8\xb2\
U[\x82,\xe4X|m\xe1Q\x22\x1c\xef\x174m\
cyx\xe7\xb4q\x1b\xfd\xda\x89\xf4\x83E n\xe5\
O%\xd0\x03~\xbd\x10\xd1\xc5\xc5t\xb2\xe6\xc7\x11j\
J\x10\xdd\xb2\xbd\xcd\x87\xde&D\x7f\x17\xd3~Q\x0f\
>\x7f\x10\xd6R;\x9e\xed\xb8\x80\xc8\xf5u\xe4\x96\x80\
\xb5e\xe6\xf1\xeb2)\xefP[\xcd\xae\x9a\x11$\x91\
\xb3\xbf\xe1\x15?\xf6\x9b\x19\xa3\xfc\xc9\x929\xeee\xbf\
v\x22\xfd\xda\x22\xa0g\x0bW\x82\xf8G\xbe\xbc2\x1e\
u2\xc6x_6\x04\x95kB\x90\x11\xd6\xeb\xf1\x18\
\xb6>\x05\xc0W\x05\x12\x178n\x9di\xfcA0\xc7\
H<$\x08\xe8Y\xfbG \x5c\xe9'\x1c\x02\xae-\
\x9a\x86\xb7Y\xb2&WM\x08\x12\xb7\xec\x1fz\x89\xf9\
\xc9\x884\x9cY\x9cd\xdc\xe7\xc7F\xa4[\x7f\x04\xf4\
l\xfe.\x10] \x1f\x09ot5>\xa6V\xed\xe2\
\x02'\xc8(\xab\xf0\x19\x06?\xc5\xc0`YP\x184\
\xb5d&o\x96\xd5\x8f\xf4\xc2\x83\xc0\xe8\xec\x9a\x8f\x94\
\xb5\xb2\xf7\x81\xf8\x13>\xa2\xfa\xb5c\x1a\xcaO9\xee\
,\x9e\xc0\x09\xa2[\xf9_\xf9:\xb2I\xf4+'\x9d\
\xacu\xe5D\x1fc\x17\xa9\xf6\x87@\xdc*\xfc+\x81\
}u\xd7%\xa6\x8b\x8a\x99\xa4\xefw\xda\xfeb\x0d\x94\
 \xbae\xff\x1b\x80\x85\xfd\x05\xb1\xcb\xdf3\xaf\xc4n\
t\x92s\x99\xf1\xa6\xb4\x8dH1\x94\x08$,\xfb\x1a\
\x06n\x90\x0e\x8eyeW\x0b\x1f\x13t\xb3\xd1\xe0\x08\
\xb2\x90cz\xa7\xfd4@\xd2\xed\xce\x98qz3\x96\
\xd4\x97\xbe)\x9aLQ\xb7l\xef\x8f\xa7\xf7GT\xf6\
\xba\xc51\x0d_/\xfd\xfd9\x0e\x8c q\xcb\x9eF\
\xc0\x8d\xfd\x05\xb0\xcb\xdf\x13}\xcfI'kT^T\
:\xca]*\x8e\x9ce\x1f\xe7\xfdR\x1b\x84w\xa2\x02\
\x11;\x87idn\xcd\xfe\xc4\xdd\x8f\x12\x90\x94\x1d\x01\
r\xb5\x13\x8b\xed\xad\x8f\xc9\xea\xf7\xa7\x17\x08AF\xcd\
}\xed\xa3n\xb9\xeby\x00\xfb\xf4\x17\xc0\xce~\xcf\xc0\
\xfd%\xd3Ps\x00G&\x00\x1f:=\xbbYc\x17\
\x01\xbc\xffvf\xbc\x82\x11\xffU\xea\xc2O\xea\xb5\xa7\
\xc8GJ\x81\xaaV\x8a\x022\xdf+\xeb\xc4k.Z\
4\x8d\xd3e\xf5\xfb\xd3\x0b\x84 ~\xb7<\xbb.\x7f\
a]{\xea\x89\xfe\x82\x0f\xd3\xefG\xe6V\xecO\xdc\
r;\x01\x95\x99c\xa7\xc4'\xbc\xc8\x8c+\xa2o9\
\x1fDG\xcf\xe6\xe7\x80h\xa2\xecx2i\xa7\x95\xd2\
\xad\xbe\xb7\xb3\xec\xcc\xbfr\x82\xf8\x9d=@\xf4S'\
\x9d\xfc\xb6,Xu\xd1[\xb8|7\xbd\xb8\xdb\x03`\
\x9cT\x85\xff\x7f\x00<\xd91S\x03\xa2Kl\x15x\
 >\xb7c?*\xbb\xcbd\xcf\xb6\x079\x8b('\
\x88\xcf\xd9\xe3\x0d0\x1d\xd5h\xfb\xac\xe29\xfbj\xea\
)\x85#p\xd1\xf5\x8e\x99l\xf8\x063\x02\x09\xf7)\
\xea\xb7\xdcSP\xb3\x88R\x82\xf8\x9e=\x98\xbf\xedd\
R?U\x05z\xad\xec\xe89\xfbe0\xc4?|1\
\xff\x0ae\x9a\xe4L16\xd4*\xd60\xfb\x89\xe7\xec\
\xc5\xb2\xc5\x1f\x82\x9aE\x94\x12\xc4\xd7\xec\xe1\x1d\x8cI\
\x1b_\x08\xf3\x00\xee,6o\xb5J\x8b\xe1q\x1fq\
\xff\x89\xd8\x9d\x1c\x95'\x02\x12\xb3\xf3\x9fc\x8d\xbcw\
\xcf\xddd\xf0\x0cb\x16QF\x10\xbf\xb3\x87\x06\x9c\xd1\
i\x1a\xf7\xcb\x00SO\x1d_\x7f\x14z\x03\xf7\xb6r\
3\xd3d'\x93\xfcu=s\x09\x83o?x\x061\
\x8b(#H\xd8\x12\xab\xd5`\xfb\xc9{\xc7\x18\x09\xee\
w\x8af\x9b\xfc\xd7\xe5Z%\x1d\xa0\x1fo5P\xe3\
\x96?\x03\x18)\xe3\x86A\xa7\x94\xcc\xa4\xb2\xea\x9c\xca\
\x08\x92\xb0\xec\x17e\xab\x7f\x0715\xca\x80+\xa3\xa3\
\x92 \xbd\xfe\xe7;\xa6\xe1\x9d\xd9\x1f\xb0\x97n\xd9?\
\x01 \xb5\x92\xc9\xe0Y%35E\x15xJ\x08\xa2\
\xcf\xce\x9f\x04\x8d\xbcs\xe6\xc2W\x10\xd3\xa2p\x10>\
\x14\x02 \x08\xbc\xb2\xa9L\xdd\x97\x0c\xd4b\x14#\xb3\
\xf9OiD\xde,\x22|\xa9\xee;\xa2\x84 \xf1\x9c\
=\x8b\x18\xed\xc2\xd9\x00h\xe4\xd9\xc3\xcb7\x08\x82\xf4\
\xe2\xf8\x17\x17\x98\xbc\xae\x01\xdf\xcbd\xee\x83\x1du\xf4\
\x5c\xe1v0\x7fS\xc6\x96\xca\xc7,\xdf\x04\xa9\xf4\x8d\
(\x8fX\x09`\x8ch2\x8d>{\x04L\x90mp\
^\xee\x98\xc6\xff\x15\xc5\xb6\xd1\xe5\xfd\xac\x0e\xaa|\xcc\
\xf2M\x10\xaf\xfb\x10y\xeb\xf9\x12W\xa3\xcf\x1e5\x22\
\x08\x184\xabd&\x95=WK\x0cU]T\xe2V\
a\x11\x81\xcf\x14u\xae\xf21\xcb7A|\x1c\x88z\
\xda1\x0d5eGE\x11T(\x1f\xe0#\xd6\x07\xa3\
d~\xc8\xc9\xa4NU\x18z\xe8M\xc5\xb3\xf9\x0b\x88\
H\xaa\x1a\x8a\xaa\xc7,_\x04\xa9tC%\xac\x94\xe9\
\x84\xca\x8ckJ\x19C~;|H\x86\xb7f\x04\xf1\
\xf2e\xac\xd4\x18_\xebl7^\x0cI\xfa\x81\x861\
:\xbb|\x8f2\xed\xe6=\xbe\x7fL\xd4\x91\xaa\xc7,\
_\x04Id\x0b\xedL<K4\xf8\x8a\xbc\x86\x83\x9b\
\xe1\x9cDM\x09\xe2\xe1F\xd8\x0aF\xc61\x8d\xdb\xa4\
po0\xa5\x84\x95\xcf1h\x92h\xd8\xaa\x1e\xb3|\
\x11$n\xd9\x8b\x08\x10~F\x04\xf0\xb0c\x1a\xa7\x88\
&\x1dF\xf9\x9a\x13\xa4\x17\x04b\x9eY\xcc\xa4\x94\xb5\
@\x0b#\xb6^L~\xce\xaf\xab(\x13%M\x90\xe4\
\xad\xf6`\xa7\x05o\xcb\xd4\xd8eh\xe9\x92\xd9\xaa\xb4\
Qg\xbd\x06\xb8^\x04\xa9\xe4K\xb8\xdbI\x1b~\x8e\
\xac\xd6\x0b6!\xbf\xbae\xbf\x02\xe0`!\xa5\x1e\xe1\
\xef;\xa6\xe1\xab[\xb24A|\xd4\x5c}\x97\xc8\x1d\
WL\xb7\xbd%\x91p\xe8T\xeaJ\x90\xcaw$\xbc\
\xd8]\xee\x1e\xbf\xb1\xfd\xc0b\xe8\xc0Q\x14P\x22g\
\xcf`\xc6\xd5\x12\xe6\x96:\xa6q\x82\x84\xde\xfb*\xd2\
\x04\x91\xae\x92\xd7de|\xeaM\x90\xde\x91\x5cO\xd0\
\xce-\x9a\xad\xfe+\xa9\xfb\xb9\x9b\x02\xd2\xd5\xb3\x85#\
A\xecU\xe6\x14\xbd\xca\x1c\xd3\x12\xa5\x89\xad\xebE\x15\
\xb7\xc9\xfb!\xc8s \x1c&\xe1\xf8\xb2fz\xc1\x0c\
\x09A*\xc3\xc0\xcc\xd3J\x99\x94\xd7u\xb6\xe9.\xdd\
\xca\xbf\x04\xd0\xa1\xa2\x89\x91\xa6\x9dS\x9c\xd4\xea\xe7\xcc\
\xbb\xa8K`\xef\x5ca\xaf.\xe6\xbf\x8bk\x02\x5c\xd6\
\x0e-Mn\xfd_\x19\xdd0\xea\xc8\x12\xc4-\xe3x\
-F\x8b\x00\x96\xda\xb5\xba+,\x18tg\xc9L^\
\x14F\xac\xfc\xc4\x14\xcf\xda\xb3\x88\xc4\xb73\x11\x90+\
\x9a\x86)\xeb[j\x06\x89[\xf9\xaf\x12\xe8\x97\x12N\
m\xc74T5\xec\x94p\xaf^\xc5\x0fA\x06i-\
+\xcb\xe8Z\x0c\xa2\xcf)\x8e\xec)\xc74\x8eVl\
\xb3\xae\xe6\xa4\x8b\x102\xf2N\xc6h\x93\x0d^\x8a \
z\xce\x9e\x0f\xc6%\xa2N\x19\xf8\xaf\x92i|CT\
/\xcc\xf2~\x08\xb2n\xb2\xe1\xb5\xbf\x86n\xe5\xef\x00\
H\xf1_}z;\xa6\xd1\x17\xd6Nj\xb5\xc3\x8c_\
\xb5\xb1\xed\xbb\xf0\x8d\xa1\xefunv\x00\x0c\xa9Vg\
\x9b\x1c\xc7\xb4\x8f\x97&\xb6\xfeET\xcf\x93\x97#\x88\
Ux\x09`\xe1\xe7A\x80':f\xeag2\x81\x86\
UG\x05A\xbc\xdc\xe4\x0a?T\x81\x0a\xbb\xe7;\x99\
\xb6\xa68\xa9\xa8[\xf6\x7f\x03\x10\xee\x0fB\xcc\xe7\x14\
3)\xa9\xf7\x10I\x82\xd8\xef\x01\x18Z\xc5\xf0|@\
\xa4\x1cCr\xfdD\xa3CT/\xcc\xf2\xaa\x08\xe2\xe5\
\x98\xb0\x0ag2x\x91\xea|\x09\xb8\xa9h\x1a2\xcb\
\xa4\xaaC\xf1eO\xcf\xd9\x97\x83q\x8b\xa8\x11&\x9a\
VJ'\xa5\x16/\x84\x09\x92\xc8\xad\xfa\x18\xb3&Q\
L\x9a^w\xcc\xe4\xf6\xd5\x06E\xf3\x0c\xa5\xbcJ\x82\
TH\x92}\xed@\xa6n\xef\xe5]\xfa\xb9y\xa7@\
\xd5\xa1;\x93\xea\x01\x1b5{E\xca\xd5ZVI\xd8\
\xbd\xcd1\x8d\xcb$\xf4\xc4\x1f\xb1\xa4\xf7\xe9\x13\x16:\
i\xe3+2A\x86YG5A*\xb9z\xcdN;\
\x0b\xf7\x12\xa0\xb4\xa4&\x11:\x8aZ\xf2@L\xa4\xae\
0c\xdaWlz\xce.\x82\xa1\x8b\xc4\xcf\xc0\xefK\
\xa6!\xd58Vx\x06\x91\xeeq\xde\xe0\xc5\xa8w5\
 \x81\x10\xa4\xd7Y\x22W\xb8\x89\x99\xa7\x8a\xdc\x0c\xd5\
\xc8\x92\xcb\x9f/\xb6\xa7\xfeT\x8dl\xd8dt\xab\xf0\
,\xc0\x9f\x15\x8c\xeb-\xc74\xf6\x15\xd4\xa9\x88\x0b\x13\
$\x91\xcd\xdf\xc4D\xc2\x83FDg\x17\xd3I\xe5\xcf\
\xd72I\xab\xd4\x09\x92 ^\x9c\xba\xd5q1\xe0\xfe\
\x5ce\xcc\x9e-&\x98\xa5\xb4\x91Sm7h{\xb2\
\xe7\x8f\x86m\x1e2\xec\xcd+\xc6l\x12\x8dO\x98 \
\xbaU\xb8\x07\xe0\xb3E\x1d\xc54-\xd5,K\x8e\xdb\
\xe7\x1e4A<_\xf1\x5c\xe1(\xea\xa9\x80\xbe\x97(\
\xee}\xca\x13\xcds\xd2\xc9\x7fWj3`c\xf1\x5c\
\xfezb\xfa\x8e\xa8\x1b\xd9\xee\xc82\x04\x11^\xe2%\
`K\xd14\x84\xd7\xafEA\xa8\x87|-\x08\xe2\xe5\
\xb5\xc7\xad\xf6\xe8\xdd\x06\xe1n0\x8eU\x9c\xe7\x0b\x8e\
i\xc8l\x19R\x1cFu\xe6t+\x7f1@\xc23\
\xaa\xecR\xaf\x04Ad\x96x\xe9\x05\xc7L6\xcc \
T7T=R\xb5\x22\xc8\xb6\x98\xf4\xac\xfd3\x10\xa4\
Vd\xfa\xc8\xeb\xbd\x18om]\x9b9\xf8o\x22\xb9\
\xd7Cv\xe4\xec\xfc\xb1\x9aF\xc2\xad\xc0e\x97z\x85\
\x08\xb2\xf7\xcd/\xed\xde\xb5\xfb\xb0w\xc5\x81\xa1\x05\x8e\
\x99\x94*\xe1\x22\xee\xab\xb6\x1a\xb5&H\x85\x94\xb9\xc2\
\x95`\xfe\x91\xeaLU\x9d\xe3V\x1d\xd7\xf6\xf6F\xcd\
\xff\xcb>\xee\x96-\x12G%\xe8f\xc7L\x8a\xbf;\
\x8b$3j\xee\xab\x1fu\xcb\x83\xfe*\xa2S\x91m\
\xd2\x15\xacz\xcc \xdb\xb0\x8fg\xed\xd3\x88p\x0f\x80\
A\xc2\xe3\xd1\x87\x021]W\xcc$\x7f\xa8\xd2\xa6j\
[z6\xdf\x05\xa2\x16!\xbbDs\x9dtR\xf8\xe8\
\xae\xd0\x0c2\xcaZ\xd9\xe6\x22\xe6\x1d\xa2\x17\xba\x18<\
\xb5d\xa6\x9a\xb2\xcfy=f\x90m\xe0\x8f\xb2V\xb7\
\xb9T\xfe\x8dT\xeb\x85>G\x90\xefu\xcc\xd49B\
\x83\x5cC\xe1x\xd6~\x87\x08\xa3\x85\x5cJ\x9eC\x12\
\x22H\x22\xdb\xf1Y&\xf7Y\xa1\xc0*\x13\x08M.\
\xa6\x93\xb3E\xf5\x1aA\xbe\x9e\x04\xa9\xe0\xc3L\xfa\x9c\
\xc2B0\xceU\x8a\x17\xbb\xff\xc7\xc9\xb4MWjS\
\x911\xdd\xb2\xbd\xaf\xe9b\xbb\xc2%\xcb&\x89\x11d\
N\xc7\x09\xec\xba2\xa7\xd6\x9a\xea\x90\xd4\xf6\xe3\x5cw\
\x82\xf4\x06\x13\xb7\xec\x1f\x12p\xad\xa2{\xb0\xf7\xc9\x18\
\x17\x16\xd3\xc6/T\xdaTaK\xcf\xda\x7f\x04A\xf0\
\x88\x00?\xe9\x98\xa9cD\xfd\x8b\x11D\xb2#)\x13\
\xbe^J\x1b2\xe7GD\xf3\xa9\xb9|X\x08\xe2%\
\x9e\xb0\x0a\x171\xf8\x0e\x85 \xacpL\xe3 \x85\xf6\
\x94\x98\xd2\xb3\xf6\xc3 \x9c,f\x8c_v\xcc\xd4'\
\xc5t\x04\xbf\xa4'\xb2\xf9o2\x91x\xf3I\xe2s\
\x9dt\xca{\xa1l\xba+L\x04\xf1\xc0\xd5\xe7\xd8G\
\x80\xe1=rIm\xad\xd8q\x804\xc4\xc6u\x9a\x07\
\xc8l\x10\x0cl\xac\xf5l\xfe.\x10] \xe6\x80^\
s\xcc\xe4X1\x1dQ\x82\xe4\xf2S\x98I\xb8\x87 \
k\xda\xa9\xa5I\xad\x0f\x89\x06\xd7\x08\xf2a#\x88\x87\
\xd9\x9e\xb3W$\x06i-\x0b\x01|\xd17\x86\x84\x09\
N\xda\x10\xfe0\xe7\xdbo\x1f\x06\xe2Y;K\x04\xb1\
c\xb4\x04\xc7I\x1b\x09\xd1\xb8\xc4\x1e\xb1\xac\xfcu\x0c\
\xfa\x81\xb0\x13\xa2\x13\x8a\xe9\xe4RQ\xbdF\x90\x0f'\
A\xdeL\x0c\xd26/\x04\xd87A\x88\xc2\xf7\x1e\x12\
\xcf\xe6\xaf'\x12\xden\xd2\xed\x98\x86\xf0\x92\xb8\x10A\
\xe2V\xfe*\x02\x89\x1f<a|\xc9\xc9\x18R\x0dv\
\xc2N\x92\xb0\x11\xa4\xb7D\x8e7{\x08\xd7\xb3\xdd\x19\
\xd6a<\xe4&Yr\xea\x1f\x8ei\xec!z?\x89\
\x11$\x9b\x9fHD\xc2\x15\x11\xc9\xc5\x99\xc5v\xe3>\
\xd1\xe0\x1aA>L\x04I\xe4\x0a\xdfdf\xf1w\xc4\
]\x03\xfd\x8ac\x1a\xe2\xed\xad\x03\x1e8=k\xcf\x07\
\x89\xd6D\xa0\xb7\x1d3\xb9\x8fhh\xa2\x04\x91+G\
\xcft~\xb3vp\x0d\x0bA\xe2Y{\x06\x91T\xf5\
\xc1\xbe\xee\x99P6\xef\xd1\xb3\x85{A|\x96\xd8\xcd\
N\xab\x1c39NLG\xf0%=>\xa7\xe3\x14r\
\xdd\x07\x85\x9d0_\x5c\xcc\xa4T.?\x8a\x86\x10\x98\
|\xdd\x09\xe2}(\xccu\xdc-s\x04\xa1\x1fP\xee\
qLC\xed\xc7GE\xa3\x10\xb7\xec\xc7\x098N\xcc\
\x1c?\xe7\x98\xa9\xc3\xc5tD\x09\x92\xed8\x9a\xc8]\
&\xea\x84\xc1\xe9\x92\x99\x12~4\x13\xf5S\x0f\xf9z\
\x12$\x91\xcd\x1f\xc8\xa4y/\xe3\x87(\xcd=\xe4E\
\xb1u\xcb\xfe\x1f\x00b\xdf4\x98\x1fs2\xa9\x13E\
q\x12{\xc4\xb2V\x1fJ(\xbf$\xea\x04\x8c+\x9c\
\x8c\xe1\xb5\xf6m\xba\xab^\x04\xe9\xad\x80\xe2\xbd\x8c\x0b\
\xaf\xcc\xf45\x08\x8dP\xbeT\xb7\xec\xd7\x01\xec't\
31/r2)\xe1\x83~B\x04\xe9m\xf2\xbeF\
(\xb0\x9es\xbd\xd7\x16Mc\x86\xa8^#\xc8\xd7\x83\
 \xf1\x5ca*1\xdf\xa4\x1a\x1f\x8d\xcb_\xec\xcc\x8c\
{\x5c\xb5]\xd5\xf6t\xcb\xde\xe0}\xee\x11\xb2Kt\
\x87\x93N^,\xa4#z&}\xf8-\xcb\xf5\x96!\
\xbbI\x94\xd9\x97\xdb\x8b/\x9aL=\xe4kM\x10\xb9\
\x15\x9c~\x91Y\xdf[}P\xba\x0az\xbf\x1e\x14\x09\
\xec{\xcb\x1bC\xdf\x1b\xb2\xd9\xab\xcb&v1\xdd\xea\
d\x92\xdf\x12S\x12|\x07\xc1\xf4\xc7[\xf4\xbd\xf6\x95\
(\x19C\x0f;f\xb2):J\xed\x08p\xad\x08\xd2\
S0\xdc;\xff\xc1jk\xee\x12\x1eu\xd2\x86p\xb5\
B\xd1\x1bM\x95|<W8\x84\x98%\x8a\x9f\xd3\xf5\
\x8e\x99\xfc\xaeh\x1cB\x8fX\x9eq\xdd\xb2\xbd\xa2q\
\xa2\x1f\xa1\xdepLC\xec\x99Q4\x93:\xc9\xd7\x82\
 qk\xf51\xe0\xf2=\xc2g \xfa\xc1\x84\x81\x1b\
J\xa6!\x5c\x00\xa1NPW\xdc&\xe6\xd8g\xb0\x8b\
\xc5\x121H\xed(\x17&\x88\xdc\x12\x1b\xc01m\xa4\
\x9fF&\x12\x80\xd4D%h\x82\xe8\xd9\xc2e V\
^\xcf\x98\xe0\x9eU4\xdbdn\xb4\x9a\xe0\xba+'\
\xbae_\x01\xe0\xc7\xa2Ax\xed&\xb6\x15\x0b\x17\xd1\
\x15&\x88n\xd9\xf3\x00\x5c*\xe2\xc4\x93e\xa2\xa3K\
\xe9\xa4L\x97 QW5\x95\x0f\x92 \x92[*\xfa\
\xcd?\xc6d\xac\xcd$\x0b\xfd\x0a\x86P \x91\xb3\xb3\
\xcc\x82\x1b\x15+\x87\xf6\xdc}e\xda\xfe\x09\x13Dv\
\x05\x85\x89&\x95\xd2\xc9\xb9!\xc4\xdcWH\x81\x10d\
!\xc7\x12\x9d\x85\xc5\x0c|\xd9Wp\x1fV~\xd6\x19\
\x95<\x12\xe7QY\xb1\xdd\x9a\x99\x93\xac\xf0\xbe\xc91\
\x8da2A\x0a\x13$\x91\xcd\x9f\xcdD\xc2g;\x98\
0\xbb\x946&\xcb\x04\x19f\x1d\xd5\x04\xd1g\xdb\x07\
C\x83W\x81\xd2P\x997\x03\xd9\x92i\xb4\xab\xb4Y\
\x0f[\x09\xcb.0\xd0*\xe6\x9b^v\xcc\xa4\xd8\x87\
\xc5^\x07\xc2\x04\x89[+\x0f%\xc4\x84?\x16\xfa)\
 ,\x06Fm\xa5U\x12$\x91\xed8\x9b\xc9\x15\xfe\
\xe3\xd3_\xc6\x04\xf7\x9bE\xb3mA\x7fr\x8d\xf0{\
\xdd\xb2Y<N\xba\xd71\x93RE(\x84\x09\x22\xbf\
\x0e\xcd\xddN&\xa5\xf4\xab\xaf8P\xea5T\x11$\
a\xd9\xd72\x10D\xb9\x9d#\x1c\xd3\xf8\xa3\xfa\xcck\
o1a\xe5Od\xd0\xa3\xa2\x9e\x89yf1\x93\x9a\
&\xaa\xe7\xc9\x0b\x13\xc4S\x92\x5c\xea\x05\x5c\x1c\xe9\xb4\
\x1b\xcf\xc8\x04\x1aV\x1d\x15\x04\x89[\xf6\x02\x02.T\
\x9b#\xad\x8a\xf1\x96\xe3\x1a\xa1Zb\xb5y',\xfb\
F\x06dnt\xa9%^i\x82\xc8.\xf5\x82\xe9?\
\x9cLRx\x89\xaeZ\x00\xeb!\xe7\x87 \x95&\x9e\
\xd4u\x1f@\xc2\xbbL\xfb\xca\xb5\x19{A\xf6\xfea\
~\x1e\xc0gD\xc7Yv\x89W\x9a \xd2\x8f\x03L\
\x8b\x9cLRx\xc3\x98( \xb5\x94\xf7C\x10-V\
\xf9\xe05Be\xbc\xe4\xf2\xb7\x8a\xed\xa9[U\xda\x0c\
\x83-\xd9}\x80^\xecNl\xfdn\x98x\x98\xc4\x0e\
\x10\xc9G,\xd9\x02r\xccX[\xca\x18jK\xf8\xd7\
y\xf4d\x09\x12D\xd8L|Z)\x9dz \x08\xdb\
\xf5\xb6)]Q\x07\xf4\xa4c&\x85\xebam\xcbW\
\xea\x1d\xa4w\xba\xf3Z\xf2\xc6\x85\x81k\xb2\xf7\x90p\
\x10\x84\xfe\xc6\x84\x93J\xe9\xe4+\xc2\xe3\xd1 \x0az\
\xaep;\x98\x85\x0b\xa0\xfb\xddN\xe3\x87 \xff\x0f\x80\
x\xcfA\xc2\x15N\xbay\xce\x86\xd4\x9b \x04,\xd1\
x\xebW\xd7f\x0e\x96\xa8\xba\xdf \xec\xa8,\x0c\x15\
\xd6\x00,\xdc\x04\x96\x19\xa7\x972\xc6\x12\xd9L\xa5\x09\
\x12\xcf\xd9ibX\xe2\x8e\xe9w\x8e\x99<I\x5c/\
\x9c\x1a\xf5%\x88\xfb\x9f\x8e\xd9\xf6\xfdp\x22\xa3.\xaa\
\x84\xb5\xeaL\x86&\xd5\xbeO\xdb\xd2\xb5O\xe7\xe5\x07\
\xbd-\x1b\x8d4AF\xceY\xf5I\xcd\xd5\xbc\xa3\x8f\
\xc2\x97V.\x7f\xb6s\xf28oE\xa2\xe1\xafz\x11\
\x84\x88..\xa6\x93My\xce\x7f\xc7\x9bB\xf6\xf1\x0a\
\x8c\xe7\x9d\x8c!\xda\xf0\xf3\x03\xee\xa5\x09Ry\x0f\xc9\
\xe6W\x80H\xb8R\x04 \xb77?\x8cl\xaa\x03A\
6i\x84S:\xd3\xc6\xef\xc3\x88\x87\xea\x98Fg\xd7\
|\xa4L\xdd+\x00\x8c\x14\xb5\xcd\x0c\xab\x9412\xa2\
z\xdb\xcb\xfb%\xc8|\x10]\x22\x11@(\xeb-I\
\xe4!\xdd\x82M\xc6\x17\x18O\xb8Z\xcbE\xeb\xd2c\
_\x93\xd2o@\xa5\xb8\x95\x9fD \xa9n\xbc*f\
Y\x9f\x04)|\x05\xc4\xde\xcb\xba\xf0\xd5,K\x92\xb5\
\x9aA\x88`\x15\xd3\xfe\xfe\x1a\x0a\x0fR\x08\x14t\xcb\
~\x18\x10\xad\xe4^\xf9~\xb1\xa5\x1b|\xd0z3\xb5\
\xdaO\x1a\xbe\x08\x82[\xed\xc1z\x0b^\x05p\x80D\
\x10\xb79\xa6\xa1\xba\x19\xa5D\x18\xfeTjA\x90f\
\xee\xd0\xd5\x17\xfa#\xb3\xf9OiD\x7f\x96\x1c\xa1_\
;\xa6q\xbe\xa4\xee\xfbj\xfe\x08\xd2\xb3/\xcb\xdb:\
\xe2\x9d\xf2\x12\xbd:\xb5\xd8\xa0C;'\xee/\xbd\xc2\
 \xea0\x08\xf9\x1a\x10\xe4<\xc74~\x13D\xeca\
\xb7\xe9\x0b[E\xd5<}\x13$>\xb7\xe3h*\x8b\
\x17\x93\xab\x0cN\x88\xdb|U{\xf3\xf8\x1a\xc4\xbe\x9d\
\xbcD\xec^V\xcc\xb4=Wm,\xcd$7\xf2'\
kFj\x83\xcb\x7f\x96\xf9\xf6\x01`\xb5\xd3\x8d\x830\
\xc5\xd8\xe2\x17\x13\xdf\x04\xf1\x02\xd0\xb3\xf9e \x92\xa9\
\xb6\xf1W-6\xe8\xb0F\x9eE\x02!\x08a\xe1\xd6\
.\xb4\xbf;\xc5X\xebw\x80\x1bU_\xb7\xeco\x03\
\x90-6x\x8bc\x1aW\xaa\xc8]\x0dA$\x0f\xd2\
7\xc3,\xa2\x9a D4\xb3\x98N\xcal\xe9Vq\
?\x84\xc6\x86n\xd9\xde\xbb\xc7\xa7d\x02\xe2\x98vL\
ib\xeb\x932\xba;\xea(!\xc8\x08+\x7f@\x0b\
\xe8U\x06\x06K\x04\xd5\xd0\xb3\x88J\x820\xc1,\xa5\
\x0d\xa9%M\x09\xdcC\xab\x22\xbf1\xb1\xd2\xf5\xf7I\
'#\xde\xacsW`(!H\xe51\xcb\xb2\xe5\xf6\
f5\xf8\xbb\x88\x1a\x82\xf0k\x0c\xcd,\x99IoI\
s\xc0_\xd2\xe7\x8dz\x90\xbb\xd21\x8d[T\x81\xa8\
\x8c \xf1\x5c\xc7\x97\x89]\xd9Ma\x0d;\x8b\xe8\xb3\
\xed#\xa0\xe1i\xd9\x01a\xc6\xe3\x1a8S\xcc\xa4\xbc\
\xaf\xc5\x03\xfe\xf2\xb3\xef\x0a\x80\xf2\xfbH\x19A\xbc\x91\
MX\xf6\xfd\x0c\x9c&3\xca\x04\xdcT4\x8d\xabe\
t\xeb\xad\xa3\xe7\xec\x97\xc1\x10\xef\xc4D\xf8\xf9\xb0M\
C\xda\xdf\xbcb\xcc\xa6z\xe7\x10\x16\xffz\xce~\x04\
\x0c\xb9\xcd\xac\x01\xac\x8a*%\x88\xbfY\x84\xbb\x89c\
G\x163\xad\x0d\xb7\xac\x19\xcf\xd9W\x13C\xacz=\
\xd1\xf7\x9ctR\xb8!jXn\xe4 \xe2Hd\x0b\
\xedL<K\xd2\xb6\xf2\xd9\xc3\x8bC)A\xfc\xce\x22\
^\x7fo'c\x88\x9f1\x91DT\x99\xda\xad\xf6\xe0\
x\x0b~[e\xd7\xa3\x8dD\xc8\x14\xd3\xc6/\x94\xf9\
o\x02Cz\xb60\x06\xc4^\xe5\xcd1R\xe9\x040\
{\x04B\x10\x7f\xb3H\x85\xb2_q\xd2\x86\xd7\x18\xa6\
\xa1.o%O\x03\xcd\xef\x87$/0b\x97\x97\xcc\
\x03\x84\xbbt5\x14\x18\x12\xc1\xc6s\xf6,b\xc8\x16\
\xb6\x0bd\xf6\x08\x84 \xbeg\x11\xf0s\xce;\xc6\x91\
\x98N\xdd\x128\xd7]E\xcf\xd9\xdf\x07\xe3X\x00\xde\
9\xe8\x9e:`\x84g\xc0t\x87c&\x95\x17\xa1\xae\
{\xc2\x0a\x02\xd0g\xe7O\x82F\xf2m\xc2\x03\x9a=\
\x02#\x88\xdfY\x84\x81\xabK\xa6\xa1\xbc\x83\x92\x82\xb1\
\xac\xde\xc4\xdc\xe7\x07\x8d\xdc:\xe2\xa8\x96\xf7\xca/t\
N\x1b\xb7\xb1z\xc5\x81'\xe9\xeb\xc5<\x80\x95\xab\xed\
G@\xf9;\xc86\xe3q\xcb\xbe\x8f\x80\xd3%\x87\xfb\
]\xb8\x18\xdflE\xe6$\xb1hj\xb5\xb8U\xb8\x8a\
\xc03\xa5\x93\x0cp\xf6\x08l\x06\xf1\x0c{M_\x08\
\xe5'\xa4\x13\x07-\x1b>46\xfe\xb5\x8b\xc7n\x96\
\xb7\x11i\x86\x19\x81\xb8\xd5q*\xc1\xf5S\xa6\xe8Y\
\xa7\x1b\xc7\xaa\xd8\x94\xb8+\x9c\x02\x9bA<\x87\xbae\
{\x9b\xcd\xbcMgR\x17\x83g\x95\xcc\xd4\x14)\xe5\
H)\xd4\x08\x8c\x98\xf7\xda\xd8XW\xf7o\x01N\xc9\
\x06J\xae{v\xb1\xbdM\xaa\x98C\xb5>\x03%H\
\x22\xb7\xeac\xcc\xb1\xa7\x00\xfex\xb5\x01}X\x8e/\
q\xcc\xd4\xed\xf2\xfa\x91f\x18\x11\x88g\xed\xc5D8\
C:6\xa2yN:\xf9\xef\xd2\xfaU*\x06J\x10\
/\x86\x84\x95\x9f\xcc ?\xa50;]\xc2\xf8ui\
C\xf6dY\x95PDb\xb5B n\xd97\x10p\
\x8d\x0f\x7fo\x95\xc1\xc7\xfa=N[\x8d\xff\xc0\x09\xd2\
\xf3>RXJ\xe0\xe3\xab\x09h\xa72\x0d\xd6\x89U\
:\xcf\x01\xa0\x18\xb7\xec\xaf\x13\xe0\xeb#)\x01\xedE\
\xd3\xc8\xd6\x02\xae\x1a\x11$\x7f*\x81\xfc\xbc\x8cy\x9f\
\xfc\xef*\x9a\xc6\xd7j\x01J\xe4#\x18\x04\xf4l\xe1\
d\x10{\xef\x0cC\xa4=\x10=\xe4\xa4\x93\xa7J\xeb\
\x0b*\xd6\x84 ^L\xbae\xdf\x06`\x82`|\x1f\
\x14g\xfc\xdc\xc9\x18\xfel\xf8\x0a R\x96E`\xd4\
\xec\x8e\x94\xab\xb9\x7f\x00\xf0\x11Y\x1b\x9e\x9e\xca\xc3P\
\xd5\xc4Q3\x82T\x0a\x80i\xe5G\xc0,\xbe\xebu\
\xbbL\x06j\xf9\x9bj\x063\xcc2z\xce^\x01\x86\
D\x91\xc1\x7ff\xc5\xa0\xa9%3ys-\xf3\xac\x19\
A*\xb3\xc8\x9c\xc2\xc9p\xd9\xf7\xa1 \x02}\xb7h\
&\xaf\xaf%P\x91/y\x04t\xcb\xf6\xba\x8a}^\
\xdeBeWm]\x1e\xb1kJ\x10\x0f\xa0\x84e_\
\xe3\x95\xa4\xf7\x03VEWQY\x17\xdfqD\x06\xfa\
D@\xcf\xe6\xef\x02\xd1\x05\xfe`\xe2\x15\xe8\xa6\xf1\xce\
\x14\xe3M\x7fv\xc4\xb5kN\x90\xcaL\x92\xb5\x7f\x0d\
\xc2y\xe2\xe1~P\x83\xa0\x9dT4[\x7f\xe7\xd7N\
\xa4\x1f\x0c\x02\xba\x95\xff\x01@\xd7\xf9\xb5^\xcf*\x9c\
u!\xc8\xc8\xd9\xab?\xaey\xef#\x80\xf4W\xd4m\
\xa0\x13\xb9g\x17\xd3\xc1~M\xf5;\xc0\x03Q\xdf\xef\
.\x8a\xf7\xc7\xb7\xce\x8f\xd3u!H\xe5Qk\x8e}\
\x06\xbb\x95\x1e}\x0a.\x9a\x18m%W\x00\xa3\x22\x13\
\xbaU\x98\x07\xf0\xa5\x0a\xcc\xdd\xe3\x98\xc6\xb9\x0a\xecH\
\x9b\xa8\x1bAz\x1e\xb5VM\x07ij\x1a\xc0\x04\xbc\
\xabS\x1a\xe1\x01\xa48\xea\xa6\x95{\xba{\xc6\xe6I\
u\x1e\xfb\x10N\xb4\xaa\x8cA\xa7\xac7?\xee\xab\xf8\
\xb4_\xf8\xebJ\x10/\xf8x\xd6\xce\x12\xc1\xf4\x9bH\
\x8f>\xff\xcc1S\x13\xd5\xd8\x8a\xac\x88 \xe0}\xe7\
(k\xee\xdc*\x8f\x1d\xf7m\x9a\xe0\xb0\xab\x9dQ\xca\
\xa8)\xfe&\x92\xc7\x8e\xb2u'He&\xb1l\xef\
\x88\xed\xbf\xf9I\xe4}]\xc2\xa3.0-\xda\xbb\xa5\
\x04\xcd\xaa\x8c\xe8\xb9\xfc9`\xcc\x04H\xa6\xca\xff\x87\
\xe7\x0e\xa2\xb3\x8b\xe9d\xa0\xbbt\xabJ,\x88\xa2\x0d\
\xd5:\xdeQ\xceg\xb1\xb0\x1d\xcdu\x02<5\xda\x05\
,;\x1a\xd5\xeb\xc5\xb3\xf9\xeb\x89\xe8;\xd5k\xf43\
y\xb0{Q1\xd3v\xa7*{~\xed\x84b\x06\xd9\
\x96\x84n\xd9^\x1b\xe3\x83\xfd&\xb5M\xdf;O2\
b\xe8\xa0\xa9\xd1\xa1+U\x88\xfe\xd3\x8e>\xc7>\x08\
.\xcd\x04X\xd9\xbe(\x06\xa7Kfj\x8e\xfah\xe5\
-\x86\x8a ^\x1a\xf1\xac\xfd\x0e\x11F\xcb\xa7\xf4\xa1\
\xa7\xc8epyZt|W\x1d\xa2\xf1\x9c\xfd5b\
\xef\x98,\xed\xa3\xce\xaa\xda\x92\xa1\xaa\xe2\x0a\x1dAz\
\xdfIXU\x82\xbdv\xde\x05\xd1t'\x9d\xf4\x9a\xfd\
D\x97$\x02^\xed*\xd6x\xaa\x8f\xf2<;\xf7\xcc\
\xfc='\x93\x0ae\x11\xbdP\x12\xa4\x97$\xde\xf2\xde\
X\xc9\xb1\xdc\xb9\x1a\xd1cT.\xcf(\xb6\xb7=\xa6\
\xd4\xee\x000\xd6[\xf5p\xaata\xb7]a\xc4\xfc\
m'\x93\xfaiX!\x0c-A*\x8f[\x96\xbd\x94\
\x00\xf9\x83V\xbb\x1c\x14\xfc\xb8{\xf0\x90\x1b6\x5c:\
\xc6\x09\xeb\xc0\x84%\xaeJ\xcd\xaa\x18]%]/\xb7\
\x8fD\x98\xf9\xab\xa5L\xeaWa\xc9ugq\x84\x9a\
 \x95\x99$g\xcf\x07C\xa6\xd5t\x7f\xb8/g\xc2\
\x8cR\xda\xf8e\x7f\x82\x03\xf1\xf7\x81=N\xfd\x13\xcc\
\x86\xe8\xbd\x18z\x82\xf4>n\xc96\x0a\xad\xe6\xde\xfe\
-\x93\xbb\xa0\x94n\x93jg]\x8d\x83F\x92\x191\
k\xe5XM\xd3&\x10i\x97\x00\xfc\xd1\x80bo\x08\
rx\xb97\x04Az\x1f\xb7\xfc\x1e\xf4\xefo\xac\xff\
\xc8\xe0\x05#\x86\x0e\xbac .\x0b'\xb2\xf9\x03\x19\
\xe4\x9d\xd6\x9c\x00\xc2\xc8\xfe\x85\x85!B\x00\x00\x04\x96\
IDAT\xc0\xf2\xf1\xfb\x86!GC\x11\xa42\x93\
\xa8\xdc\xbb\xb5\xab\x11&\xacd\x17\x0bZ\xd0r\xc7\xda\
\xcc\xd8\xbf\xf9\xb8\x11\x1aBud\xce\xfe41&P\
\xcfqh\xf9\xb3\xe2\xfdg\xeba9\xa5\xd1ZZ7\
\xcc\x0c\xb2\x0d\xff\xde]\xc0^\xa9J\xdf[\xe5\xfb\x1e\
S.\x02t?\x11-)\xfe\xfd\x8d%\x98~|C\
\x16\xd3\xdeY\x8e{\xcd[\xbdwwW\xf94\xaf4\
\xacl\xc3\xa3\xfe\xf9\xb0\x9d\x04\xe3\xb7\xecvO-M\
>\xf0\x7f\x85\xf4B \xdcp\x04\xf10\xab\x9c'\xa1\
\xf2L\x15\x87\xae\xaa\x19\x03\x22t0c\x09QyI\
1=ni5:a\x93\xd9\xff\xf65C6l\xea\
>\xcd#Do\xcd\xe4\x11\xb5\x88\x91\x81\x19%\xd3\xb8\
\xb6\x16\xbe\x82\xf0\xd1\x90\x04y\x7f6Qu|W\x00\
Yf\xbcHp\x97\x90\xc6O\x84\x9d,\xc3o{C\
\x1f\xd4\xbd\xf58\xb7\xec\x1eOTi\x8d\xe7\xa3\xc2\xa5\
\x00H=\xa2\xaf\x830\xb5\x11{\xbdl\x9fiC\x13\
\xa4\xf2^\xe2\x15\x82\xf0v\x92\xfa\xac\x96\x22<\xfc=\
\x0ao\x81\xe8\x09\xb8\xfcX\x0c[\x1f\x5c\x9b9\xb8\xee\
\xef,\x89\xd9\xf9\xcf1\xf1\xbf\x82bG\x81p4\x98\
\x83|\xaf\xd8)l\xcc\xb8/\xc6\xda\xd4\xce\xf6\xd6\xbc\
$\xae\xa1Qkx\x82xHVJ\x0aQ\xd7\x0d\x00\
]\x5cWd\x19\xcf\x03\xee\x83\xa4i\x1d.huL\
kY\xdd9q\xff\xb7\x03\x89\xe9qnI\xbc\x92O\
\xba1j\xd5\x08\xadp\xe9p\xd6\xe8D0\xef\x1d\x88\
\xbf*\x8c\x12\xb0\x85\xd9\xbd\xd1\xc9\xb4M\xafB\xbc!\
D\x9a\x82 \xdb\x90\xd6\xb3\xf6\xb9\x0c\x5cC\x84\x7f\x09\
\x0f\xfa\xb4\x09\xe0\xd5\x04\xacf\xa2\xd5\xe4b-\x13o\
b\xc6f\xf2~\x92\xb6I\xf3~\x96\xb1\x894\xeav\
\x89\x86\x10\x97\x872\xbc\x9f\x18JDC\x5cv\x87\x12\
iC\x00\x1e\x03F+@\xad\xfe\x0a\x82\x07\x80\x0e\xd1\
\x22B\xf9\xc6b\xba\xed\xd9\x00\xac\xd7\xcddS\x11\xc4\
Cq\x9f\xb9\x7f\x1d\xb6\xb9\xfc\xee5\x00y\xc5\x91c\
uCv\xe08^\x8d\x9eY\xc3;j\xdbtW\xd3\
\x11\xe4\xfd\xd9d\x8e}\x04\xb9\xf0jpI\xf5mo\
\xba\x91\x0e !\x06\xb2\x1a\xb93\x8a\xe9\xb6\xb7\x020\
\x1f\x0a\x93MK\x90m\xe8\xc6\xad\xfc$\xea\x99M\xf6\
\x0b\x05\xe2\xcd\x10\x04\xf3\x93\xcc<\xa3\xd4\xde\xf6P3\
\xa4\xd3W\x0eMO\x10/\xf9Qs_\xfd(\x97w\
\x9b\xc0\xcc\x97\x82j\xba\xd4\xd9l\xf7\xcf\x1f\xc1\xb8\xcd\
\xc9\x18\xf3\x9b-\xb1]\xe53 \x08\xb2-y\xef\xbb\
@l\xcb\xa6K\x89*{\x8e\x02\xfe\x12\xdf<\xb7\x10\
\x01\x7f\x00a~1m\xf8\xea\xeb\xd1\x88\x88\x0c(\x82\
l\x1b\xa0\xd1\xd9\xe5{\x941h\x024mB\x9d\xbe\
\x9f4\xca\xbd\xf2\x88G\x8cF\xff\xd8\xe7\x07\xec\x01I\
\x90\xf7\x01\x9b\xfb\xfc\xa0x9>\x81P\xbe\x18\xa0\xc3\
\xfd\x00\xd9L\xba\x04<\x00\x0d\xb7\x15'\x19\xf75S\
^2\xb9\x0cl\x82l\x87\x98\x9e-\x1c\xc9\xc4\xa7\x12\
p\x0a\x80O\xc9\x80\xd9\xe0:\xde\x1e\xb3\x075\xc4\x1e\
\xec4\x0fX\xd5\xe0\xb9(\x0b?\x22\xc8N\xa0\x1c\x95\
]y\xbcK-\xa7\xf4\x96\xb49P\x19\xda\xa13D\
O\x12\xf8!\x17\xe5\x07K\xe6\xb8\x97C\x17^\x08\x02\
\x8a\x08\xd2\xcf \xe89\xfbK`\x9c\x0c\xe0\x18\x00\x9f\
\x09\xc1\x98\xf9\x09\xa1\x0b\xc02\xb0\xbb\x8c\x80\x07\x8b\x99\
\xb6\xe7\xfc\x18\x1b\x08\xba\x11A\x04Fyt\xb6\x90,\
\x13\xbeH\xe0c\x18tL\xe8\xb6{\xec4\x17z\x99\
\xc1\xcb\xc8\xc5\x13]\x83\xdc\xa5\x1b'\xb6u\x0a\xa4<\
\xe0E#\x82\xf8\xb8\x05\xe2\xb9\xc2!\x1a\xe3x\x17\xfc\
E\x00\x87\x10\x90\xf4aN\x85\xea&\x80l\x80_ \
\xc2\xe3\x80\xbb\xb4\x99\xbfr\xab\x00\xac?\x1b\x11A\xfa\
CH\xe4\xf7\xd3Y\x1b\xb5\xd7\x1a\xa3\xcc\xe5\x14\x11\x0c\
0\xa7@Z\xefO\xec+b\xaa\x0f\xd9^\x12\xa0@\
\xec\x16\x98\xc8v\xcb(\xc4Z\x5c;\x22\x83\x22\x84\xb7\
3\x13\x11D=\xa6;\xb78\xfd\xf1\x96\xe1\xc3\xf7\x1a\
\xae\x0d\xd5\x86\x13\x0f\x1e\x0e\xe6\xe1\x88a8\xcae\xef\
d\xdfp\x10\x86k\xc0`\x106\xc0\xc5\x06h\xdaz\
\x10m@\x19\x1b\x88\xba6 \xe6n\x88m\xe8\xda\xf0\
\xf7\xab>\xf9\x8fZ\x85\x1c\xf9i\xa0\xaa&\xd1`E\
\x08\xd4\x03\x81h\x06\xa9\x07\xea\x91\xcf\x86A \x22H\
\xc3\x0cU\x14h=\x10\x88\x08R\x0f\xd4#\x9f\x0d\x83\
@D\x90\x86\x19\xaa(\xd0z \x10\x11\xa4\x1e\xa8G\
>\x1b\x06\x81\x88 \x0d3TQ\xa0\xf5@ \x22H\
=P\x8f|6\x0c\x02\x11A\x1af\xa8\xa2@\xeb\x81\
@D\x90z\xa0\x1e\xf9l\x18\x04\x22\x824\xccPE\
\x81\xd6\x03\x81\xff\x0f8\x90\xa9\x8c\x03'\x8bU\x00\x00\
\x00\x00IEND\xaeB`\x82\
\x00\x00\x1bx\
\x89\
PNG\x0d\x0a\x1a\x0a\x00\x00\x00\x0dIHDR\x00\
\x00\x00\xd4\x00\x00\x00\xc8\x08\x06\x00\x00\x00\x90\xca\xcf\xf8\
\x00\x00\x1b?IDATx^\xed\x9d\x09\x98\x14\xc5\
\xd9\xc7\xff5\xbb\xe0\x81\xc8\xb53\xb3\xcb\xe1\x05*;\
\x83\x8a\x07|AP\xc4|\x91\x18\x84\x9d\x15VIB\
\xc0\x13\x14\x8f\xa8\x18\xbf\x18\xb37\x12\xe3\x115F\xc3\
\xa1\x06\x8cx\x80\xb0\xb3\x80 h@\x14\x91p\x08(\
\xb3\x0b\x1b9DY`\x01\x91C\x83\xec\xee\xd4\xf7\xf4\
\xc0\xea\xeeN\xf7LuwuO\xcf\xf0\xf6\xf3\xf0\xf8\
<\xce[o\xbd\xf5\x7f\xeb\xb7\xd5]]]\xc5@\x17\
)@\x0aHS\x80I\xf3D\x8eH\x01R\x00\x04\x14\
u\x02R@\xa2\x02\x04\x94D1\xc9\x15)@@Q\
\x1f \x05$*@@I\x14\x93\x5c\x91\x02\x04\x14\xf5\
\x01R@\xa2\x02\x04\x94D1\xc9\x15)@@Q\x1f\
 \x05$*@@I\x14\x93\x5c\x91\x02\x04\x14\xf5\x01\
R@\xa2\x02\x04\x94D1\xc9\x15)@@Q\x1f \
\x05$*@@I\x14\x93\x5c\x91\x02\x04\xd4\x09\xd6\x07\
\xaa\xab\xab\xb3]\xae\xf4\xcbY\x1a\xeb\x0e0/8\xbc\
\xe0\xe1L0\xe6\x05\xa0\xfc\x8b\xba8\xc7Q\x00\x87\x95\
\x7f\xcc\xc5\x0eE\xfe\xcb\xf9\x9e0\xf8:\xc6]kO\
:)}m\xdb\xb6m\xb7\x9e`R\xaa6\x97\x80J\
\xf1^\xb0w\xef\xde\xde\x9c\xf3\xbea\xce\xfa\x00\xbc\x0f\
\x80\xce\x165\xf9\x00\x03\xd6r\x8ey@\xf8]\xaf\xd7\
\xfb\xa9E\xf58\xda-\x01\xe5\xe8\xf4\x18\x0bn\xdf\xbe\
}\xfez\xce\xaf\xe3a~\x1d\x80~\xc6\xbc\x98.U\
\x05\xf0w9\xf0!\xc2\xe1y\x99\x99\x99\xdf\x9a\xf6\x98\
\x04\x0e\x08\xa8$H\x92H\x88;w\x1er\xbb\x5c\xdf\
\xe71\x86!\x1c|\xa0H\x19\xfbl\xd860>3\
\x8d\xb1\x99\x19\x19\x19\xab\xec\xab\xd7\xfe\x9a\x08(\xfb5\
\x97Z\xe3\xce\x9d{\xaer\xb9x\x1e\x80<0\xe6\x96\
\xea\xdc\x02g\x1c|>\x07ffy<S-p\x9f\
p\x97\x04T\xc2S`,\x80]55\xb7\xba\xc0F\
p\xe0*c\x1e\x12^j\x0d\x18&{\xdd\xee\xc9\x09\
\x8fDb\x00\x04\x94D1\xedp\xb5{\xf7\xee\xff\x05\
s=\x00\xe0Z;\xea\xb3\xa1\x8e\x94\x02\x8b\x80\xb2\xa1\
\xc7\xc8\xa8\xa2\xa6\xe6@7\xce\x8f\x8e\x03\xc3\x1d2\xfc\
9\xd0\xc7\x1a\xf0\xf0x\xaf\xd7\x1bt`l\xc2!\x11\
P\xc2R%\xcep\xd7\xae=\xf71\x17\xfe\x00\xc0\xf1\
\xcfHfUb\x0c\xcf\xb4HO/n\xd7\xae\xdd7\
f}%\xa2<\x01\x95\x08\xd5\x05\xeb\xac\xa9\xa9\xe9\xc9\
\x99\xab\x10\x9c\x07\x04\x8b\xa4\x8a\xd9:\xf0pq2\x8e\
V\x04\x94C\xbb\xe0\xf1Q\xa9\x10@[\x87\x86h}\
X\xcc\xf5\x84\xd7\xdd\xe1!\xeb+\x92W\x03\x01%O\
K)\x9e\xb6n\xdd\xda\xf6\xd4V\xad^\x04\xd8P)\
\x0e\x93\xde\x09_P_W7\xaec\xc7\x8e\x95\xc9\xd0\
\x14\x02\xcaAYR&\x1e\x80\xa3\xff\xe0\x89[\xdd\xe0\
 5\x1a\x85\xc2\xb0\x9dq>\xce\xe3\xf1\xbc\xe5\xcc\x00\
\x7f\x8c\x8a\x80rH\x86v\xef\xdb\xd7\x07\xf5\xe1\xe5\x0e\
\x09\xc7\x99a0\x14y\xdd\xeebg\x06w,*\x02\
\xca\x01\xd9\xa9\xa9\xd9{/\x07\x7f\xd6\x01\xa18?\x04\
\x8e\xbf{\xbd\xee\xb1N\x0d4i\x81\xea\x1e(J\xd6\
\x15\x02M\xfa\xc2\x83#\xfa\xdf\xd4\xc5\xdb~\x94\x13:\
H\xcf\xf3;:!\x0c\x81\x18\xf8,\xaf\xc73L\xc0\
\xd0v\x93\xa4\x05\xca\x17(.\x02\x982\x0bF\x97\x04\
\x05\x14\x98\x9e\x1e\x97#\xc1\x93=.\x18\xf0\xbe\xc7\xe3\
\x1e`Om\xe2\xb5\x10P\xe2Z\xa5\xb4e\xb2\x01\x15\
I\x06\xe7\x8b\xbc^\x8f\xa3V\xd6\x13P)\x8d\x89x\
\xe3\x92\x12\xa8\xc8$\x00{\xd4\xe3\xc9\xf8\xa3xK\xad\
\xb5$\xa0\xac\xd57i\xbc'+P\xc7\xa7\xd6\xee\xf0\
\xba\xdd\x93\x9c 6\x01\xe5\x84,8 \x86\xa4\x06J\
\xd1\xcf\xc5~\xe3\xcd\xc8x5\xd1R\xa6\x1cP\xbdz\
\x9c\x99hM\x1d_\xff\xaa\x0d_D\xc5\x98\xf4@\x01\
\x08\xd7c@V\x96\xfb\xfdD& \xe5\x80\x9aZ:\
\x12\x04U\xec.\xe5\xcf-\xb5\x05\xa8\xa5\x9flAz\
\x9a\x0b}/:\xcb\x96>\xee\x84\x99?\x02\xca\x96T\
;\xab\x12;\x80Z\xb6v+\x0a&.\x8c\x00\xf5\xa7\
{~\x81K\xb3\xad\xdal\xa9\x99\xb6\x09^MA@\
9\xab\xaf\xdb\x12\x8d\xd5@-_\xbf\x0d\x85\x13\x17\xa2\
\xae>\x1ciO\x9b\xd3NF\xe9\xd8kqA\xb7L\
[\xda\x97\xc8[?\x02\xca\x96\x14;\xab\x12+\x81Z\
\xf1\xd9\x17\x11\x98\x8e\xd6\xd67itfFk\x14\x8f\
\x19\x88\xf3\xce\xb4\xfe\x1b\xc9D\xde\xfa\x11P\xce\xea\xeb\
\xb6Dc\x15P+C\xdbQ8q\x11\x8e|_\xab\
\xda\x8e\xb3:\xb6G\xe1\xe8\x9fA\xf9\xaf\xd5\x97\x8b\xb9\
\xc6\xb9\xdd\x1d\xfebu=\xcd\xfd\x13Pv+\xee\x80\
\xfa\xac\x00ju\xc5W(\x9a\xb4\x10\xdf\xfeW\xd9\xb5\
9\xfa\xea\xe2m\x8b\xc21\xd7\xa0k\xe7\x0ev)P\
\xdd\xb2E\xfa\xe5\xed\xda\xb5\x8b\x9e\xd2\xb40\x02\x02\xca\
Bq\x9d\xeaZ6Pk7\xee@\xe1\xa4\x858\xf4\
\xed\xf7\xaaM\xce\xca8\x1dEc\xae\xb1\xe5v\xafq\
\x00\x1c\xfc\xb9L\x8f\xe7^;\xf3@@\xd9\xa9\xb6C\
\xea\x92\x09\xd4\xfa\xaaj\x14MZ\x84o\x0e\xfdW\xb5\
u\x9e\xf6\xa7\xa1p\xf45\xf0\x9d\xa3z\x0e\x81\xe5\x8a\
0\xa4\xf7\xf7x\xda}`yE\xc7+ \xa0\xecR\
\xdaA\xf5\xc8\x02\xea\xb3\xcfwF`\xfa\xfa\xc0w\xaa\
\xad\xeb\xd0\xe6\xd4\xc8m\xde\x05\xdd\xb2\x12\xd7z\x8e9\
^\xaf\xdb\xb6e\xf4\x04T\xe2R\x9d\xb0\x9ae\x00\x15\
\xda\xbc+\x02\xd3\xdeo\xd4\xcf\x00h\xdb\xfa\x94\xc8\xc8\
\xe4\x84o\xac\xd2\x5c\xac\xb7]{\xaa\x13P\x09\xeb\xd6\
\x89\xab\xd8,P\x95[kP<i\x11v\x7f\xad\x1c\
\x15\x15}\x9dv\xeaI\x91g&\xdb^\xe6\xc6\x93\x92\
\xe1\x09\xaf\xdbm\xcb\xeeI\x04T\xbcd\xa4\xe0\xeff\
\x80\xaa\xfabOdd\xda\xb9\xf7\xa0\xaa2.\x17\x8b\
L\x8b\x9f\xde\xea$S\xca\xb5=\xed\x14(\xa3\x9c\xf2\
\xaf\x97\xbf\x8b\xc9g0\xb6\x8d\x87\xebz\xd8q\xa4\x0e\
\x01e*\xed\xc9Y\xd8(P\x9f\x7f\xb9722}\
Us\xc0\xf6\x86+\xcfcW^r\x0e\x86\x0f\xbc\x18\
\xcaD\x87\xde+\x0c~\xb3\x1d'~\x10Pz3\x93\
\x02\xf6F\x80\xda\xb2\xe3\xeb\x08L\xdbw\xedO\xa8\x02\
\x0aL\x0aT\xb9\x03z\xe8\x8aC9F'\xd3\xe3\x19\
\xa4\xab\x90\x01\xe3$\x06\xaa\xb4\x10\xe0E\xcd\xdbL\xab\
\xcd\xe3\xf7\x02#@M\x9b\xbb\x1aS\xe7:\xe7\xac\xb4\
~=\xcfF\xe9\xd8\x9f\xc7ol#\x8b\xfa\xbaZ\x9f\
\xd5\x1bf\x12P\xbaR\x92\x1a\xc6F\x80RZ\xfe\xea\
\xfc5x)\xb8\xd21\x22(\x93\x1fs\x9f\xb9E<\
\x1e\x1e~\xc8\xeb\xf5>!^@\xbf%\x01\xa5_\xb3\
\xa4/a\x14(\xa5\xe1\xaf\xbd\xb3\x16Sf\xafp\x8c\
\x06\xd9g{\xf1\xc2\xc3\xd7\x0b\xc6\xc3?\xf0z<\xfd\
\x05\x8d\x0d\x99\x11P\x86dK\xeeBf\x80RZ\xfe\
\xe6\xa2u\x98\xf8\xd6\xc7\x9a\x22\x5c\xe6\xeb\x12\x996o\
uJK\xc3Bm\xdcV\x83M\xdb\xf6@\xf9\xef\x07\
\x9fl\xc6wG\xd4\x17\xdc*\x15\x5cui\xd7\xc8\x0b\
d\x91\xab\xbe\xae\xb6W\xc7\x8e\x1dW\x8b\xd8\x1a\xb1I\
b\xa0\xd4\xf7\xe5\xa3g\xa8\xf8\xdd\xc0,PJ\x0d3\
\xdf[\x8f\x17fh\xef\x1c}q\xf7N\x91\x17\xbb\xca\
\xb7Pf\xafM\xdbj0q\xd6\xc7X\xb7\xa9Z\xd3\
\xd5\x84\xbb\xafE\x9f\x0b\xe3\x7f\x19\x1c\xe6\xe1\xe2,\xaf\
7\xea\xd9\xdbl\x8c\x0d\xe5\x93\x18(\x9a\x940\xda\x09\
d\x00\xa5\xd4={\xf1gx\xee\x8de\x9aa\x5cx\
nV\x04\xaa\xf6mN5\x1aj\x93r\x1f|\xb2%\
\xf2\xad\x95\xda\xd5\xe7\xc231\xe1\xee_\x08\xd4\xc3\x17\
x=\x1e\x11C\x01_\xd1&\x04\x94!\xd9\x92\xbb\x90\
,\xa0\x14\x15\x82K6\xe0\xd9\xd7?\xd4\x14DY\x14\
\xab\xdc\x8ey\xda\xe9\x7fw\xa4\xe6\xb4l\xc9g\xf8\xeb\
\xeb\xea\x10O\xc9\xcfC\xb7.\x19q\x92\xc3\xf7y=\
\x9exF\x86\x13\x9c\xc4@\xd1-\x9f\xd1\xac\xcb\x04J\
\x89a\xce\xd2\x10\x9e\x9e\xae\xbd\xa0\xfb\xfc3\xdd\x11\xa8\
\x94\xcf8d\x5cE\x13\x17B\xd9\x00\xa6\xf9u\xd7\x8d\
}1\xec\xa7\x17\xc6\xad\x22\x5c\xcfzgeeX\xf2\
\x0e \x89\x81\xa2[\xbe\xb8=G\xc3@6PJ5\
\xf3>\xac\xc0S\xff\x5c\xaa\x19\x92\xf2a\xa12Q\xd1\
\xd9k\xfe@Fe\x95\xfb\xbd\x8fG\x9fm-\xfan\
\x8a\x81\xdd\xe3\xf1d\xfc\xcd\xa8~\xb1\xca\x11PV\xa8\
\xeap\x9fV\x00\xa54y\xfeG\x1b\xf1\xc4\xb4%\x9a\
\xad\x97\xf5\x09\xbc\xf2\xb9\xc8\xd0\xdfM\x8b\xaaG\xb9\xdd\
Sn\xfb\xe2]\x9ccz\xa6\xd7=\x22\x9e\x9d\x91\xdf\
\x09(#\xaa%y\x19\xab\x80RdY\xb8|\x13\x1e\
\x9b\xba8J!\xd9\x9b\xb4\x04\x1e\xf8\x07\x0e\x1c>\xd2\
\xa4\x9e\x8c\xb6\xad0\xf3\xf1\x91q\xb3\xc3\x18V{\xdc\
\xee^q\x0d\x0d\x18$1P\xf4\x0ce \xdf\x91\x22\
V\x02\xa5\xf8\x7fwE\x15&\xbc\xfc\xaf\x1f\xc2\xb3b\
\x1b\xb1;\xff4\x0b\x1b\xb7\xd64\x91@\xd9\x03\xf0\xdd\
\xbf\x8f\x11\x91e\x87\xd7\xe3\xb6d\xa3\xc0$\x06\x8a\x9e\
\xa1Dz\x8e\x9a\x8d\xd5@)u\xfek\xe5\x7f0\xfe\
\xc5\xf7\xd0\x22=\xcd\x92\x8d.\xef\x7f\xaa\x5c\xf5\xbd\xd4\
\x92\xc9w\x8a\xc8R\xef\xf5\xb8\xd3E\x0c\xf5\xda\x10P\
z\x15K\x01{;\x80RdZ\xb2\xfas\xb4l\x91\
n\xc9V\xcc&\x81B\xb8\xfedOVV\xeb=\xb2\
\xd3I@\xc9V4\x09\xfc\xd9\x05\x94\x95R\x98\x05\x0a\
<|\x91\xd7\xeb\xfdTv\x8cI\x0c\x14=C\x19\xed\
\x0c\x04\x94u'u$1P\xf4\x0cE@E\xaf\xed\
\x13|\x86\xb2\xec\xe8\x9b$\x06J\x19\xa1\x8e]\x03\xfb\
\xfa\xfbw\xed\x9c\x119\x15\xbew\x8f\xb3\xe88\x9b8\
\xa4=\xff\xc6\xb1\x17\xb0\xe1p\x18G\x8e\xfc\xb89\xe5\
\xa8\xc1\x97\x19e\xd4\xf6rfo\xf9\xac:P i\
\x81j\x9cA\xce#_\xee\xd2\x89\xf0:\xbbumm\
-\xf6\x7fc\xff\xfe\x10:\xc3T5'\xa0d\xa8\xa8\
\xe1\x83\x802&.\x01%\xff\xb4C\x1a\xa1\x8c\xf5\xc5\
\x94(E@\x11P\xaa\x1d\x99F(c|\x9f\xc8@\
\xf1p\xfdO233\xffmL9\xedR4B\xc9\
V4\x89\xfc\x9d\xc8@\xa5\xa7\xb9\xfc\x1d:t\xa8\x90\
\x9d.\xc3@\xf9\x02\xc5E\x1c\xcc\xd2\x0d/D\x1b{\
VV\xfb\xb3<\x1dZ\xc7\xff\xfeY\xd4a\x82\xec\x94\
\xcf\xf7\x8d\x5c7\xe5\xbfb\xa4\x188\xe7\xa8\xab\xab3\
T\xd6\xaeB=\xcf\xeb\x04\xb5\xd9G\xadI\x09\xd1\xbd\
\xd4+\xb7\xee^q\xe4h}\xd3\xd5\xb5\xc7\x1b\xc5\xc0\
\x97V\x04\x0b\x0d}&o\x0a(\x80\xd1\xcc\x9a\xa4\x9e\
\xa5\x9c\x5co\x06\xa8U\x1bl=WLR\xab\xe3\xbb\
\xb9ip/]@\xc5\xf7(b\xc1\x8b\x09(\x11\x9d\
\x1clC@\xa9'\x87\x80rp\xa7urh\x04\x94\
zv\xee\xc8\xeb\x07\xe5_\xf3\xeb\xb6\xe2\xd7\xb0:\xb4\
\xdd\xa2\x94\xd2\x08e\x91\xb0\xf6\xb9%\xa0\xd4\xb5\x1e{\
\xe3\x95\xb8kx\xf4\xa3\xba\xf2\xdch\xddm.\x01e\
_\xcf\xb7\xa8&\x02\x8a\x80*R\x9b\x940\xfa`m\
Q?u\xa4[\xb5Y9+\x80J\x95\x5c(\xda4\
\xbf\xb4F(\xbdmV\x9f!u\xd0\x08E;\xb7\xc6\
gX\xed\xf3\x09+\x80\x0a\x95\xe5\xc7\x0f&I-\xb4\
\x80\xd2\xd3f\xe5\x96\x91\x80J\xd2\x0e\xd08l\x02\xca\
|\x12\x09(\xf3\x1a\xa6\x8c\x07\x02\xca|*\x09(\xf3\
\x1a\xa6\x8c\x07\x02\xca|*\x09(\xf3\x1a\xa6\x8c\x07\x02\
\xca|*\x09(\xf3\x1a\xa6\x8c\x07\x02\xca|*\x09(\
\xf3\x1a\xa6\x8c\x07\x02\xca|*\x09(\x0d\x0d\xb5\xdev\
\xab\xbd{0\x9f\x86\xc4yh\xdcN\xb5\xa9\xda\xeeg\
{\xf1\xfb[\x06\xc6\x0dP\xcf;\x19=S\xc8q+\
v\x98\x81\xd6\x0a{=\xef\xa1Rr\xda\x5c\xf6_k\
\x87\xe5\xfd\x87p\xd4\xda\xa97V\xbd\xcbpR\x19(\
\xbd\xda\xa9\xd9\x13P2TL\x90\x0f\x02*A\xc2\xc7\
\xa8\x96\x80r^N\x84#\x22\xa0\x84\xa5\xb2\xcd\x90\x80\
\xb2Mj\xf9\x15\x11P\xf255\xeb\x91\x802\xab`\
\x02\xcb\x13P\x09\x14?\xc6\x84X\xca\xad\xe5k\xd8\xc5\
\xb4y\x9b\xd5\xbe\x81q^J\xc4#j\xdc\xce\x17\xde\
\x8c>\x8f\xb6\x93\xa7\x0dr\x06\x5c\x14\xd7\xa1\x9eo\x83\
RyRBF\xbfI\xc9\x11*n\x0fJA\x03\xd9\
3\x9b2\xde\xc9$\x9b\xcc2\xdaL@%[\xd65\
\xe2%\xa0\xcc'\x92\x802\xafa\xcax \xa0\xcc\xa7\
\x92\x802\xafa\xcax \xa0\xcc\xa7\x92\x802\xafa\
\xcax \xa0\xcc\xa7\x92\x80\xd2\xd0P\xc6l\x8d\xf9\xf4\
\xd8\xeb\x81\x802\xaf\xb7\x8c~\x93\x92\x93\x12\xb2;\x97\
\xf9TY\xefAv\x9be\xfc\xb5\xb6\xbe\xd5\xce\xab\x81\
\x80r^N\x0cED@\x19\x92Mz!\x02J\xba\
\xa4\x89q(\xfb\x93\x15\xd9\xfe\x12\xa3\x8a\xfd\xb5\x12P\
\xf6kN5\xa6\xb0\x02\x04T\x0a'\x97\x9af\xbf\x02\
)\x09\x14\xdd\xae\xd8\xdf\x91\xa8\xc6c\x0a\xa4$P\x94\
\x5cR Q\x0a\x10P\x89R\x9e\xeaMI\x05\x08(\
\x87\xa6\xd5\xda\xa3U\x1c\xdah\x87\x86\xa5\xe7\x93\x15\x02\
\xca\xa1I$\xa0\x9c\x93\x18\x02\xca9\xb90\x1c\x09\x01\
eX:\xe9\x05Ox\xa0d\xaf\x1a\x90\x9e!\x01\x87\
\x04\x94\x80H6\x99\x10P\xb9\xa5QR\x9b9+\xc9\
\xa6\xbc5\xa9\x86\x80J\x84\xea\xeau\x12P\x04\x94s\
zc\x0aDB@\xa50Pt\x9a\xa3u\x84\xcaX\
a\x9f\x92\xb3|\xa9\xfc\x0cE@\x11P\xc2\x0a\xf8\x02\
\xc5\x9a\x87V\xeb\xd9\xe8_\xc6\xa6\xef\xc2A[d\x18\
\xeb\x00e=ZX\x14^J\xba\xa5\x11*%\xd3z\
\xacQ\x04\x94\xfd\xc9%\xa0\xec\xd7\xdc\xb6\x1a\x09(\xdb\
\xa4\xfe\xa1\x22\x02\xca~\xcdm\xab\x91\x80j*\xf5\xd7\
\x07\xbe\xc3\xee}\x07\x11\xe6\x1c\x9ev\xad\xe1n\x7f\x9a\
\xf4\x5c\x10P\xd2%u\x8e\xc3\x13\x1d\xa8\xda\xbazL\
~k\x19\xd6W\xed\xc0\xfaM_\xe1\xf0w\xdfG%\
\xe7\x8aK\xba\xe1\x82s;b\xf4\xb0~h\x91\x9ef\
:y\x04\x94i\x09\x9d\xeb\xe0D\x06j\xf1\xcaM\x98\
2\xeb#|Z\xb5C(A\x17\x9e\xd7\x09\xb7\x0f\xed\
\x8b\xab{\x9f/d\xafeD@i(#c;(\
S\x99\x91P\xf8D\x05j\xfa\xfcU\x980\xe5\x1dC\
\x0a\x0e\xee\x7f\x01\x1e\xbb/`\xa8l\xac\x89 z\xb1\
K/v\x0dw\xaaD\x16\xbc\xe7Oob\xf1\xca*\
S!\x04\xae\xbe\x08\x8f\xde3\xc4\x90\x0f\x1a\xa14d\
\xa3\x17\xbb\x86\xfaSB\x0b\xcdzo-\x0a\x9e\x9f'\
%\x06\xads\x83\xe39'\xa0\x08\xa8x}$)~\
\xdf\xbb\xff0~\xf3\xc84l\xdf\xf9\xb5f\xbc\x9eL\
/\xbc\x1d3\x91\x96\x96\x86];vbW\xf5\xce\x98\
m\x9b\xf1\xe4m\xf0w\xcd\xd2\xd5~\x02\x8a\x80\xd2\xd5\
a\x9cj<\xe1\xc5\x85\x98\xfe\xf6J\xd5\xf0:dt\
\xc0\xa0\xa1C\xd0\xa9K\xe7&\xbfo\xfd|\x0b\x16\xbf\
\xf3\x1ejv\xedV-\x97w\xcd%(\xbas\x90\xae\
&\x13P\x04\x94\xae\x0e\xe3T\xe3k\xc6<\x87\x1d5\
\xdfD\x85\xd7\xa6][\x8c\x1dwO\xcc\xb0\x97,\xfc\
\x17V|\xb8<\xca\xa6\xd5)'a\xc9K\xf7\xa1\xd5\
)-\x85\x9bM@\x11P\xc2\x9d\xc5\xa9\x86_\xee\xda\
\x8f\x9f\xdf\xf9\xb7\xa8\xf0\x94[\xbb_\xdd:\x12\x9d\xcf\
h:2\xa9\xb5\xe3\xcdi\xafa\xcb\x7f6G\xfd\xf4\
\xf8\x03\xb9\x18tE\x0f\xe1\xa6\x13P\x04\x94pgq\
\xaa\xe1\x92UU\xb8{\xc2\x9bQ\xe1]t\xe9\xc5\xf8\
E\xeeuBa\x7f\xb2r\x0d\x16\xce\x99\x1fe;j\
\xc8O\xf0\xd0\xcd?\x13\xf2\xa1\x18\x11P\x04\x94pg\
q\xaa\xe1\xeb\x0bVc\xfc\xe4\x05Q\xe1]\x9b3\x08\
={]\x22\x14\xf6\xee\x9d\xbb\xf1\xf2\xf3\x93\xa3l\x07\
^\xee\xc3_~7T\xc8\xc7\x09\x05\x94\xde\xcf\x15\xd4\
v\x8e\xd5\xfa\x04^y\x09\xbc*\xf4\x85\xb0\xe8\xb2\x0d\
{\xf9\xcf\x84\x9eS\xd8S\xed{(eE\xc43\xaf\
.\x8e\x925o\xc4pt\xeb~\xae\x90\xdcG\x8e\x1c\
\xc1\xd3\xe3\x9f\x88\xb2\xed\xdb\xf3\x1cL.\xfc\xb5\x90\x0f\
#@i}&\xa4\xbes1/\xae\x08\x16\x16\x09\x07\
\xd3\xc8\x90\x19)\xa4\x94\xd1\xfa\x1e\xca\xa8\xbf\xc6\xe5b\
\x01\xf5\xc2\x9b\x1f\xc8\xa8\xc2\x90\x0f\xadw&'\xcaJ\
\x89\xe0\xe2\xf5x\xe4\xb99Q\xda\xf5\xbb\xfaJ\x5cq\
u\x7f!M\xab*7a\xd6\xf4\x19Q\xb6z_\xf2\
\xea\xbd\xe5S{\xdf\xa9\x1d0\x01%\x94L\xb3F'\
:P\x1f\xad\xdb\x82\xd1\xc5\xd3\xa3d<\xe7\xdc\xae\xb8\
q\xd4\xaf\x84\xe4\xfdp\xf1R,[\x1c\xfdGQY\
\xdfw\xdf\x88\xab\x85|\x18\x19\xa1Nh\xa0\xda\x9d~\
\xca\xbae\xd3\x1e\xbc\xbf\xb9\xba7<\xf8\xd2\xa8\xd0\xe6\
\xea\x9b\x84U\x97l\xe8\xef\xdaq\xea\x8c'o\x9d\xd6\
\xdcm\xbfQO=\xbd\xff\xe0w=\x9b\xff\xff\x11\x83\
z\xdf\xff\xf0m\x03\xd7I\x0e#a\xeeVW|y\
\xfa\xa8G\xa6\x96\xab\x05 2J\x1d>t\x18\xcf\xfd\
\xf9i\xd5\xf8\xf5j\xd5o\xd4\x93O\xef?\xf8\xdf(\
\xcdCe\xf9\x03\xd4*\xf0\xe7\x96.\x11\x17.\xc5F\
(\x0e\xbc_\x19,\x88\x12\xc6\xca\xdbL1\xb1\xd5\x85\
\xce\x0e\x94,a\xc0U\xcd}\x84\x11\x1e\xb01X\xf4\
\xbe\x98\xef\xe4\xb0\xf2\x07J\x96s\xa0\x8fZ\xb4\xbf}\
x\x1cNmu\xaafC\xa6M|\x19\xd5_\xa9\xac\
JgXUQV\xd0[\x8f\x02Z\x9aW\x04\x0bT\
\x1fc|\x81\x12.\xee\x9f\x80\x12\xd7\xca\x94\xa5\xb3\x81\
\xf2\x05Jn\x00\xd8\xb0\x8a`\xfe\x0d\xa6\x9a\x19\xa3\xb0\
/\xb78\x0f\x9cE?\x04\x1d/3p\xf0\xb5\xe8t\
F\x17\xb4i\xd7\x06\x0c\x0c\x07\x0f\x1c\x88\xbcwRV\
Jh]\x0c\x18\x13\x0a\x16DO\xfd\xc5\x88#\xe5\x80\
\x92\x950\xb5\xbf\x1cZ#\x94\xac:e\xfbq\xc2\x08\
\x95\x9dS|#c\xec\x8dcmc3-\x86\xeae\
pv\xb3\x0c\x1d\x19\xb0&\x14,\xb8L\xaf/\xbd@\
\xe9\xf5o\xd4\xde\xf0,\x9f\xd1\x0a\x9b\x97#\xa0\xcc+\
\xe9\xcf-\x19\xce9^o\xea\xc9:\xa8\xce\x1b\x5c\x94\
\x91\x9e\xe6R\x96;\x9cn6z\xc6\xd3\xfd\xa1\xf2?\
T\xe8\xf5C@i(F@\xe9\xedJM\xed\xfd\x81\
\xf1\xbf\xe4\x08\xbf\xa6\xee\xc5:\xa8\xfcCJ\xfar\x17\
\x96\x99\x89\x9e\xb9\xd0;4\xbb`\x95\x11\x1f\x04\x14\x01\
e\xa4\xdf\xc4,\xe3\x1bR\xfck\xb8\xd8\xab\xb1\x1d[\
\x08U\xce\x04\x1fw\xd5\xcd\x00\x87_g\xe3\xb6\x84\x11\
\xbe\xd5\xcc\x84\x0d\x01E@\xe9\xecs\xb1\xcd}\x81\x92\
\x11\x00\xfe)\xe6\xd4:\xa8\xb2\xaf\x7f4\x8b\x85\xeb\xc6\
\x00\xecv\x00\x1d\xe3\xc4S\x0d\xf0)\xdc\x95>\xa9r\
\xf6#\xb1?\x92\x8a\xe3\x88\x80\x22\xa0\xc4\xfa\xbe\x80U\
v\xa0\xf87\x0c\xec\x15\x01\xd3F&\xd6A\xa5T\xd2\
=wB\x874^7\x98\x03\xd7\x81\xa1;8\xba(\
\xb3#\x00\xdf\xc9\xc1\xaa\x19\xe3/\xb2t\xbe 4\xb3\
H\xfb\xcbD\x1d\x0d\x22\xa0\x08(\x1d\xddE\xdb\xd4\x9f\
[2\x92sD\xbd\x5c\x16sn-Tb1\xc8\xb1\
\x22\xa0\x08(\xd3=\xc9\x9f;~\x14\xe7\xe1\xa9Z\x8e\
\xba\xf7\xf0!\xbbG6\xca\xde\x98\x15\xa3\xae\xd4\x80\x8a\
\x80\x22\xa0L\x01\xe5\xcb)\xbe\x19\x8c\xbd\x1c\x0b\xa6\xdc\
\xe1\xc7>\x7f\xd8\xb8\xa1\x22\xe5\xa1\x22\xa0\x08(\xc3@\
\xf9rKn\x01\xc7K\x2205\xd8\xa4:T\x04\x14\
\x01e\x08\xa8\xec@\xe9\xad\x0c\xfcE=0%\x12*\
\x7f\xa0\xf8\x97\xa1`a\xb3\x97\xcc\x86\x9a\x1e\xb3\x10\x01\
E@\xe9\xeeU\xfe\x9c\x92\xdb8\xc3\x14#0%\x02\
*_\xa0t\x06\xc0\xf38\xd8\xd8\xca`\xfe\xdfu7\
XG\x01\x02\xca\x01@\xf9s&\xf8\x80\xbaa\xa1\xf2\
\x82\x12\x1d\xb9\x8bkj\xc5Z>\x7fn\xe9\xed\x9cs\
\xcd\x05\xa3\xca\x04D\xc33S\xbc\x00\xed\xb8\xfdk\x80\
\xe9\x87X8\x1e\xa9(/\x98\x10/6\xa3\xbf\x13P\
\x09\x06J\x81\xa9\xe1\xad>\xe3\xec\xf7\xa1\xf2\xfc?\x1b\
Mf\xf3r\xb2\x81\xf2\xe5\x14\x8f\x01c\x13\xcd\x8cL\
\xcd\xcbZ\x09U\x14L\xc7+g\x9c?\x11*/|\
H\x96\xce\x8d\xfd\x10P\x09\x04\xaa1L\x0da0\xe0\
\xfeP\xb0\xe0\x19\x19\xc9\x96\x09\x94/\xb7\xe4\x0eph\
\xde.\xe9\x19\x99\xec\x80J\x0b\xa6\x86\xba9gS*\
\xcb\xf3G\xcb\xd0\x99\x80\x12P1;PR\xc3\x00w\
3\xd3C\x15\xc1\x02\xd3+\x99\x15\x9fj0\xfd\x98l\
\xdcUY^\xf0\x82@\x981Md\x01\x95\x1d(\xbd\
\x93\x81k\xc6c\x06&+\x9e\xa9\xe2\xc1\xf4\x83h\x0c\
o\x1dIoy\xdb\x96\x99\xbf?`V\xeb\x86\xf24\
Bi\x8dP\xb9%\x1b\xd4\x16W2\xa4]\x1c\x0a>\
b\xea\xf3\xf1X0\xfd\x00\x15\xd8m\x95\xc1|\xcd)\
i\x91\x0e \x03\xa8\xec\x9c\x92\xb1\x8c\xe1y\x99\xb7y\
Z\xbed\xdc\xfe\x09\xc3\xf4c\x10\xef\x85\x11\xbe}c\
\xb0h\x9b\x88\xa6\xf1l\x08(\x0d\x85\xb4\x84a\x8c\x8d\
\x0e\x95\xe5k\xcep\xc5\x13\xbc\xe1w1\xa8\xf8\xc8\xca\
`\xa1\xe0B\xd3\xe8\x9a\xcd\x02\xe5\xcf-\xbd\x8bs\x1e\
\xbd%\xeb\xf1\xaad\x8cL2o\xff\x0c\xc0\x14\xa9\x9e\
\x83\xadv\xc1u\xbb\xd9?\x94\x8a/\x02Jk\x84\x0a\
\x14\x8f\x03\xd8\x93\xd1?\xb3e\x15\xc1\xfc+D\xc1\x89\
e'\x04\x15\xe7\xc3+\xcb\x0b\xa3\xb7E\x15\x08\xc0\x0c\
P\xbe@\xf1=\x00\xfb\xab\x1d#\x93\x0c\xa8b\xc1\x94\
\xe1q\xc3w\xa1\x1f\x1f\xbc\x17s\x1b\x8d\xcd,\xcco\
\x0f\xcd)\xd4\xb1i\x8a\xf8\x1f1\xad=%\x04\xd2(\
\xc5$\xe1_\xecv\xcf-\xe9\xe3\xe2\x88\xdeA>\xb2\
T\x99=\x1b\x0a\xe6\xdf'\xa3\xa5BP\xb9\xf8\xf5\x95\
\xb3\x0b\xcb\xf4\xd6g\x14(_N\xc9\xbd`x6\x11\
05\xd4\xa9\xe7\xf6/\x1eL\xca4\xbe\x02\xd5\x9a\x15\
\xab\xb0h^\xcc\x93\x0d\xf7\xb9\x18\x1b\xbd\xa1,\x7f\xb6\
^\xad\x1b\xeci\x84\x8a\xa1\x9c/\xb7d\x198\xfa\xaa\
\x99\xc8\xfc\x8b#\x00\xd5\xd10cC7\x96\xe5\xeb:\
M\xcc\x08P\xd9\x81\xd2\xdf2p\xcdYF+n\xf3\
\xcc<S\x1d+\xcb\xf3\xd4|(\x105\xc0\xd4\xf0{\
h\xfdgX\x10|\x1b\xb5\xb5\xb5\xaa\xd52\xb0\xfa0\
\xc2c*\x83\x85\x86\x9e_\x09\xa8\x18@\xf9\xaf/\x1d\
\xc2\xc3\x5cu\xbf\xb7H1\xc6GT\x94\x15F\xef\xb0\
h\xe0\xcf[|\xa8\xd8!\x170lC0\x7f\x91\xa8\
{\xbd@\xf9\x03%\xf7q@}\x83:\xe5\xdb\x22\x1d\
/mEc\x8cg\x17\x7f\xa4R\xf7\xa0\x06S\x83\xe5\
\xe7\x9b\xfe\x13\x81\xea\xf0\xa1C1\xaag\x0fV\x04\xf3\
\x9f\x8a\x17_\xf3\xdf\x09\xa88\x8a\xf9\x02%\xca_\xaa\
[b\x98-\x00\xc3\x1c\xc6\xc3\x9f\x84\x82E\xea'~\
\x09f%>T\xd8\xe7\x02S\xa0\x12\xdaSO\x0fP\
\xfe\xdc\x92\x078\x87f\x07J\x04L\xe2\xb7\x7fM\x05\
\x8e\x05S\x83\xe5W_|\x89\x05\xe5\xf3\xb0\xb7f\xaf\
fv\x180>\x14,\xc8\x17L_\xc4\x8c\x80\x8a\xa3\
\xd69y\x8f\xb59\xb9\xf6\xa82M~\x96\x80\xb0\x87\
9\xb0Z\xc0.V\x12[\x01\xcc\x07\xf0V\x1aF\xd5\
.\xee\xca\xdbP\xfeG\xd5\xe7\xbb\xc6eD\x81\xf2\x05\
J\xc7\x01\x5ce\x02\xe6\x98\xb7D\xc2\xa4\x17*\x11\x98\
\x1a|\xee\xad\xd9\x83\xf9\xc1y\xd8\xb1\xfd+\xcd|p\
\xce\x9f\xaf,/\xbc[4\xa7\x04\x94\x80R\xddsJ\
.p1|*`j\x93\x09\xdf\xc6\xea\xd9\x0d\xa1\xb9\
\xb1w\xe6\x11\x01\xca\x97S\xf2 \x18\xa2\x8f\x9d8\xde\
\x12'\xc0$\x0a\x95\x1e\x98\x1a|*\xdb0\xcf/\x9b\
\x8b\xcdU\x9fk\xe7\x8e\xb3\xe9\x15\x17\xd7\x8fDQQ\
8^\x82\x09\xa8x\x0a\x1d\xff=r;\xc6\xeaB\x82\
\xe6v\x98U1\x86\x1bBe\x05\xeb\xb5*\x8b\x07T\
vn\xe9\xef\x18\xe7\x8fk\x95w\x12L\xa2P\xb5\xef\
\xd0\x1e\x81\xe1\xc3\xe0\xcd\xf2\x0a\xe7\xa0\xbe\xae\x0eo\xcf\
\x9e\x8b\xd0\xa7\x1b\xb4\xef\x1c\x18\xde\xaeG\xfa\xa8\x8de\
\x7f\xd8\x17\xcb1\x01%,\xfb\xb1\xe5B`u\xafp\
\xe0R\x1d\xc5,4\x8d\xbd\xd7u,\xa0\xd28\xfb\x1f\
\xce\xd8c\xc9\x04\x93(T\xca\xb9\xba\xca\xec^V\xa7\
x\x9b\x1d5m\xfd\xc2\xb9\x0b\xf0\xc9\xbf\xb5\xef\xd89\
\xf8rW\x98\x8f\x0a\xcd)\xd2\x1c\xce\x08(\x03\xdd\xdd\
\x1f(Q\x16U\x8eN,X\xf17\x8e\xd7J.\xe7\
|\x0ac\x91\xed\xb5T/'\x8eL\xcd\x03\x8d7\xfb\
\xd7\xfa\xf4\xd6\x08\x0c\x1f\x8a\xceg(\x9b\x1c\x89_K\
\xdf]\x82\xe5Kc\xee\x93Y\xc1\x5c\xb8Ik#L\
\x02J\x5c\xeb(\xcb\xee\x81\xa2\xab\x5c`Wq\xb0\xfe\
\x8c\xc1\xcd9<*\x0bjM\xd4\xa0U4>LJ\
I\xad\xe4\xc6\x0a(\x19`\x12\x1d\xa9\x94\x137r\x87\
\x0f\xc3\x19g\x9f\xa9+\x07+>\xfc\x18K\x16j\x1f\
\x22\x00\xa0:\x8c\xfa\x9b7\x06\x8b\xa3^a\x10P\xba\
\xa4\xb6\xde8\xfe4\xbd\x18LF\x80J&\x98D\xa1\
:\xf9\xe4\x93##\xd5\xd9\xdd\xce\xd1\x95\xbc\xf5\xab\xd7\
Ff\x00c\x5c\xdf\x01\xb8\xb9\x22X\xd0\xe4\xc4\x0f\x02\
J\x97\xcc\xd6\x1ag\xe7\x94\xbc\xce\x18\x86k\xd7\x22\x0e\
\x93^\xa0\x92\x11&Q\xa8Z\xb4l\x11\x19\xa9\xba\x9e\
\xd7MW\x027Ul\xc4\xfc\xd9s\xa1\x9c\xbf\xaby\
qvGEy\xfe\xa4\x86\xdf\x09(]\x12[c\xec\
\xcf+j\xc9k]\xca_\xba\x1cY0\xe9\x01*\x99\
a\x12\x85*---2R\x9d\x97}\xbe\xae$n\
\xdf\xfa\x05\xe6\xcd\x9e\x83\x03\xfb\xbf\xd1.\xc7\xf0pE\
YAd\x82\x87\x80\xd2%\xaf|c\xe5\xc5\xf1I\xb5\
Gg0\xe0\x1a\x990\x89\x02\x95\x0a0\x89B\xa5\xd8\
)\xb3\x7fJ\x9b\xf5\x5c5\xbbvc\xde\xac9\xd8\xbd\
s\x97f1\x06<\x1e\x0a\x16\xfc\x1f\x01\xa5GY\xc9\
\xb6\xfe\xbc\xa2\xcc\xe3#S\x8c\xcfA\xf4\xdd\xe65\x0e\
1;P\xbc\x95\x81i\xae\xf0H%\x98D\xa0\xba6\
0\x08=/\xbb\xc4P\x16\x0f\x1e8\x88\xb9o\x05\xa1\
\x8cXZ\x972{\x0a\xc6\xceU;\x86U\xe6bj\
#\x0dH\xf8\xe7\x1bF\x82\xd6S\xe6\xfc\xc1\xa5g\xbb\
\xd20\x83\x81\xc78%\xcf8LJ,\xbe@\xc9~\
\x00m\xd5\xe2JE\x98bA5`\xe0O\xf1\x93+\
.\xd7\x93\xa2(\xdb\xda\xa3\xb5\x98\xf3V\x19\xaa*6\
iC\x05\xecQ\x9b\xe9%\xa0LI\x1f\xbb\xb0\xc0\x22\
X\xe5\x93\x84\xe2\x8a`a\x91\x990\xb4\x80Je\x98\
\xd4\xa0R@R\x80\x92u)K\x95\xd6\xaf\xd1\xb7\x0b\
\x02\x01%K}\x0d?\xb1\xa12\x0fS\xac\x11\xea\xd7\
\xb7\x8e\xd4\xfdn\xc6b9,q\xaf\xbc\xfc\xad\xaa\xac\
\xc2\x90\xbc\x80t\xff\xcaa\xd7\xff^\xf6\xb1\xb0_\x02\
JX*\xe3\x86\xeaP\xc9\x81\x89\x802\x9e\x17\xd1\x92\
\xcb\x97~\x84\xa5\xef.\x162'\xa0\x84d2o\xd4\
\x14*y0\x11P\xe6s#\xe2a\xed\xca5xg\
\xce\xfc\xb8\xa6\x04T\x5c\x89\xe4\x19\x1c[\xc9^{\x83\
\xd9g\xa6\xe6\x11i=C\x9d(\xb7|\xf22\x14\xdb\
S\xe5\x86\x0a\xcc\x9d\x19D}}\xbd\xa6!\x01eW\
6,\xac\x87\x80\xb2P\xdcf\xae\xb7m\xde\x8a93\
\xcb\xf0\xed\xe1oU+%\xa0\xec\xcb\x85e5\x11P\
\x96I\xab\xeaxW\xf5\xae\x08T\xfb\xf6D\x7fVO\
@\xd9\x9b\x0bKj#\xa0,\x915\xa6\xd3\xe9/\xbd\
\xa2\xfa\xf2\x97\x80\xb2?\x17\xd2k\xd4\x02\xaa\xdf\xd5W\
J\xaf\x8b\x1c\x1eS@YI\xa1\xb6\x9a\x82\x80J\x81\
\x1e\x12k\xa5D\x0a4/\xa9\x9a@@%U\xba\xd4\
\x83%\xa0\x9c\x93D\x02\xca9\xb90\x1c\x09\x01eX\
:\xe9\x05\x09(\xe9\x92\xda\xef\x90\x80\xb2_s\xad\x1a\
\x09(\xe7\xe4\xc2p$\x04\x94a\xe9\xa4\x17$\xa0\xa4\
Kj\xbf\xc3\xec@\x89\x94\x13B\xec\x8f<\xf5j\xac\
\x94t\xcc\xabQeR\xfe{(\xa3\xc2P9R\xc0\
\x88\x02\x04\x94\x11\xd5\xa8\x0c)\xa0\xa1\x00\x01E]\x83\
\x14\x90\xa8\x00\x01%QLrE\x0a\x10P\xd4\x07H\
\x01\x89\x0a\x10P\x12\xc5$W\xa4\x00\x01E}\x80\x14\
\x90\xa8\x00\x01%QLrE\x0a\x10P\xd4\x07H\x01\
\x89\x0a\x10P\x12\xc5$W\xa4\x00\x01E}\x80\x14\x90\
\xa8\x00\x01%QLrE\x0a\x10P\xd4\x07H\x01\x89\
\x0a\xfc?>\xd7L\xb9\x98\x09\xd2:\x00\x00\x00\x00I\
END\xaeB`\x82\
\x00\x006~\
\x89\
PNG\x0d\x0a\x1a\x0a\x00\x00\x00\x0dIHDR\x00\
\x00\x00\xd4\x00\x00\x00\xc8\x08\x06\x00\x00\x00\x90\xca\xcf\xf8\
\x00\x00 \x00IDATx^\xed\x9d\x07x\x14E\
\x1b\xc7\xffs\x09]jrw!\x22\xbd%\x81\x00\x02\
\x0a\x22bE\x8a\x90\x84&(\x8a\x15\xec\xa2\x88J\x0b\
)\x14\x11\x81\x0f\x15\x84P\x04\xa4IK\x00\xe9\xd2{\
I\xa8I\xe8=!\xb9$t\x08%\xb9\xf9\x9e\xd9p\
\x18r\xbb\xb7\xbbw{w{a\xe7y|\xbeOo\
\xe6\x9d\x99w\xe6\x97wv\xca\xfb\x12hI\xd3\x80\xa6\
\x01\xc54@\x14\x93\xa4\x09\xd24\xa0i\x00\x1aP\xda\
$\xd04\xa0\xa0\x064\xa0\x14T\xa6&J\xd3\x80\x06\
\x946\x074\x0d(\xa8\x01\x0d(\x05\x95\xa9\x89\xd24\
\xa0\x01\xa5\xcd\x01M\x03\x0aj@\x03JAej\xa2\
4\x0d\xb8\x1d\xa8J]\xc7\x96(u\xf7Z\xad\x22:\
\xef[G\xe2\x86\x9c\xd2\x86D\xd3\x80'k\xc0\xad@\
\x05\x86FF\x00\xe4c\x00\xfe\x9c\x12\x09\xd2(\xc5\x0e\
\x02\xba\x83\xea\xbc\xb6\x1b/\xe7\xec\xdb\xb4)\x22\xc7\x93\
\x15\xac\xb5\xfd\xf1\xd2\x80\xdb\x80\x0a\x08\x8d|\x87\x80\xcc\
\x12Q\xb7\x19\x0c.\x90\x1d\x84\xd0\x1d9\xde^\xfb\x8e\
/\x1c\x9c\xf2x\x0d\x91\xd6[O\xd2\x80\xdb\x80z`\
\x9d\x86\xcaW\x16=\x0e\xa2\xdbN(\xdd\x95\x0b\xc4\x1f\
\x8d\x0b\x8f\x97/C+\xa1i\xc09\x1ap\x1bPA\
!\x91\xdfPB\xc6*\xd0\xad\xab\x84`;\xcc\xd8c\
\x06\xd9\xe7Eu\xf1G\x96\x0dJW@\xae&B\xd3\
\x80l\x0d\xb8\x0f\xa8\xd0\x88g(t\xbbe\xb7XZ\
\x81\xbd\x04\xd8K\x09\xe2\x09\x10\x9f\x18\x1b~PZ1\
-\x97\xa6\x01\xc74\xe06\xa0X\xb3\x03C\xa3\xef\x01\
\xb4\x88c]\x90T\xfa\x1c\x05\xe2\x09E\xbc\x8e\x90}\
G\xe2\x86\xac\x95TJ\xcb\xa4i@\xa6\x06\xdc\x0aT\
@h\xd4F\x02\xbc\xc8\xd3\xe6U\x94\x22\x98\x10<)\
\xb3?\x92\xb2S`Sr\x5c\xf8K\x922k\x994\
\x0d\xc8\xd0\x80[\x81\x0a\x0a\x8b\x1cF)\x19\xc4\xd3\xde\
\xb9\xa4\x88\xb9O\xee=\x04\xebt\xba`Bi0%\
$\x18\x14\xc1\x00J\xcb\xe8\x9f`V\x0d*%\xb4\xa8\
\xc9(\xa8\x01\xb7\x02\x15\x102\xb4\x1d!^+\xac\x86\
\x85\xe2h\xd2\xd2\xf0\x80\x82\xff=\xa8]\x84\x1f\x8ay\
54S\x1aL\x80\x06\x00\x0d\x06H={\x87U\x83\
\xca^\xcdi\xe5\x844\xe0V\xa0\xea\x86\x8d\xf0\xd1\xd1\
\x9cL\xbe\xc6\x99)\x82\x8f.\x0d?,6t\xf5B\
\xa3kP\x98\x1b\x82\xa2\x91\x99\x90\x06\x04\x9c\x15\xab,\
V\xce\xf2\xbb\x06\x95TMi\xf9\xa4h\xc0\xad@\xb1\
\x06\x06\x86F\x1e\xe6\xb32\x84\xd0\xf7\x12c\x87\xce\x94\
\xd2\x89\x82y\xeau\x1e\x1eL\xcd9\x8d@IC\x00\
\x8d\xcc@C\x02\x94\x15\x92\xa5Ae\x8f\x96\xb52|\
\x1ap?Pa\x91\x93@I\x1f\x9ee\xdf\xafIK\
\xc3\xbfVb\xd8\x82B\xa3\x16S\xa0\x93-Y\x1aT\
JhZ\x93\xe1v\xa0\x84\xaf \xd1mIqC[\
::D\x81\xa1\xd1\x0b\x00\xdaU\x8a\x1c\x0d*)Z\
\xd2\xf2\xd8\xd2\x80\xdb\x81\xaa\x17\x16\x1d`\xa64\x89\xa7\
\x91\xb7uf\xaf\xea\x8e\xdcz\x90\x03\x93\xf6M\xa5\x81\
\xa2\x84\x06\xdc\x0eT\xdewTT*\x80\x8a\x05;D\
)i\x9f\xbct\xc8J{:*\x06S\xa9\xd2O\xe0\
\xd6\x8d\x9b\xbc\xa25Ke\x8f\xc6\xb52L\x03*\x01\
*r\x11@:\x17\x1c\x12\x02\x12\x9e\x187$Z\xee\
P\x89\xc1\x14\xd6\xbd3\xca\xfbT@\xec\xbcE\xb8r\
\xf9\x8a\x06\x95\x5c\x05k\xf9\x055\xa0\x16\xa0\xfa\x01\xe4\
\x17\x9eV\xc6%\xc5\x85\x87\xc9\x19?)0\xd5\xad\x17\
\xc8\x89LK\xbd\xc4Au\xf5\xcaU\xb7Cu\xe1\xc2\
\x85\x12E\x8a\x14\x09\xf6\xf2\xf2\xaa\x9fKi\xb0\x0e\xa4\
>%\xa4\x04(-\x01\xd0\x92\x00)A)J\x10\x82\
\x12\x00\xf7O6\x08\xc9\x06\xa5w\xb8\xff\x0f\x9aM\xd8\
\xbf\x03\xd9\x94R\x13!\xe4\x22\x05Rh.Rt:\
\xaf\x8b\x94\xdeO\xb9~\xfdzJ\xadZ\xb5\xee\xca\xd1\
\xa7\x96W\x9e\x06T\x01T\xdd\xb0\xa8V:\x8aM<\
M?\x9f\x14\x17^Ej\x97\xe4\xc0d\x91y)%\
\x15\xb1\xf3\x16\xe3\xdaU\xd7AE)\xf5N\xcf\xcaz\
\x81\xe6\xe6\xbe\xa0#\xa4>\xb8\xb33RSj?\x1d\
\xc9G\x80\x04J\xb0A\x07l\xce\xcd\xcd\xdd\xe3\xe7\xe7\
grD\x9eV\xf6Q\x0d\xa8\x02\xa8\xe0\xd6\xa3K\xe5\
\x94\xbcs\x85\xef\xa2l\xae9\xb7\xe9\xb1e\x91\xfb\xc4\
\x06\xce\x1e\x98,2S/\xa6\x22v\xfe\x22\x5c\xbfz\
\xcd)\x96*##\xa3t\x0e\xf0\x02\xa1\xb4\x85\x0e\xe4\
9\x0a\xb4\x00\xe0-\xd6'\x17\xfd\xbe\x1d\x04;\x09\xd5\
\xed.V\xcc{C\xd9\xb2e/\xbb\xa8\xdeBY\x8d\
*\x80b\x9a\x15\xbc(K\xc9'IK\x87L\xb6\xa5\
}G`z\x08\xd5\x85\x14,\x99\xbf\x087\xae]W\
\x04\xaa+W\xae\x94\xbb{\xff~g\x80t\xd2\x01-\
\xa9Bw\x10\x9d9\x0b)\xc5e\x02\xac\x82\x0e\xab\x8a\
\x17-\xbaJ\x83K\xbe\xb6\xd5\x03TX\xe4O\x84\x92\
\x1f\x0av\x81\x12LM\x8e\x0dg~'x\x93\x120\
Y\x04\xa7\x9c\xbf\xc8Y\xaa\x1b\xd7o\xd8\x80\xca\xfc\x0a\
\x10a\x16jOZZ\xe6\xcbDg\xee\xc4@\xe2\xdb\
\xb9\x94?D\xee)\xa1\xc1e\x9f\xdeU\x03TPH\
t\x17J\xe8B\xebn\x90\x84\xa4\xb8!\x8d\xf9\xba'\
\x06S\x83\xc6\x0dq0\xfe\x00\x06\x0c\x1b\x22Y;\x17\
\xcf_\xe06*n\xda\xd8R/y\xe1b\xeb\xf8\xf8\
\x98\xfb\x16\xa1\x19\x19\x19\x15\xcd\xc0[\xa0\x0c\x22\xfa\x9c\
\xe4\xca<'c\x1a\x01\x99\x91\xa3\xc3L\x7f_\xdf\xa3\
\x9e\xd3l\xd7\xb7T5@\xd5\x0d\x1dYU\x87\xfbg\
\xf8T\xa0\xa3\xba\xcaG\x96\x0e\xbe\x90\xff71\x98\x82\
\x1b7\xc4\xa1\xf8\x03\x5c\x91\xa6\xcf=\x8bW\xdb\xb5\x96\
\xac\xdd\x0b\xe7\xcesP\xdd\xbayK\xd0Re_5\
\xb7\xdd\xbb\xf0\xf3\xf29fs\x1f/\x9d\xeecJ\x1f\
xn\x92\x5c\x8bGf\xbc\x03Bf\xd0\xdc\x9c\x99~\
~~\xbb<\xb2\x07Nn\xb4j\x80b\xfd\x14\xba(\
KA\xc2\x92\xe3\x86\xc4Yt!\x0a\xd3\xd3\x0dp(\
\xe1\xd1W\xef\xb2\xa1:{\x1eK\xe6-\xc2\xed[\xfc\
PU2\x94=;eH\xd7b\xc5\x8b\x15\xb1:\x90\
v\xf2\x98\xa9B<!\x98\x0fJg\x1a\x0c\x86\xd5\xaa\
h\x90J\x1a\xa1.\xa0B\x22\xa7\x83\x90\xf7\x0b\xea\x86\
P:<q\xe9\xd0\xc1y\xd0\xd9\xbe\x9bW\xff\xe9\x06\
8\x5c\x00&\x8b<\xb9P\x9d?s\x8e\xb3T\xb7o\
\xdf\xe6\x1d\xae\x86u\xfc1\xec\xb3\xb6(U\xa2\xa8J\
\x86\xd3\xf5\xcd  \x8b\x00\xf3x\x83\xc1\xb0\xcd\xf5\xb5\
\xab\xafFU\x01\x15\x10\x12\xf5\x19!\x98`\xa5&\x82\
\xd5I\xb1\xe1m\xc5`b7 b\xe7/\xb6\xa9e\
\xb9P\x9d;}\x96\xdb\xa8\xc8\xbe\xcd\xceL\xad\x13\x83\
*\xea\xd36(]\xb2\x98\xfaF\xd7\x85-\x22 \xbf\
?\x00\xeb\xa4\x0b\xabU]U\xaa\x02*(t\xd83\
\x14f>OH\xec\x11\xe2f\x00V\xd7\x93,\x1ae\
0Yn@\x8c\x1cl\xfb\xb6\x92\x5c\xa8\xce\x9e:\xc3\
Au'\x9b]J\xe0\x87*\xa2\xcf\xeb(\xfbDq\
\xd5\x0d\xb0\x8b\x1b\x94I\xcdt\xbcN\x87\xff\x19\x0c\x06\
\xfe\x8b\x92.n\x90\xab\xabS\x15P\x88\x88\xd0\x05\x1e\
\xd4\xa5\x80\xc2O\x8e\x22\xf2\xc3d)\xb7f\xf9*$\
\xec\x16>\x0f\x96\x0f\xd5i\xee\x9b\xea\xee\x1d\xfe\x9b;\
\xc1\xb5*bh\x9f\xd6\xa8P\xa6\xa4\x9c\xa6\x17\xd2\xbc\
\xe4\x08(~6\x1a}\xff*\xa4\x1d\x14\xec\x96\xba\x80\
\x02\x10\x14\x1a\xb5\x9c\x02oH\x1d\x08>\x98\x9c\x05\xd5\
\x99\x93yP\xdd\xbb\xcb\x0fU\xbd\x1a~\x1cT\xbe\xe5\
JIm~\xa1\xceG)\xc6\x19\x0d\xbe\xdf\x13B\x1e\
\x1b\xff\xf4\xaa\x03J\x8e\x8bf[09\x0b\xaa\xd3'\
Nq\x1b\x15\xf7\xee\xdd\xe3\x85!\xa0\x9a\x11\x11}Z\
\xc3P\xe1\x89B\x0d\x8b\xd4\xce\x11\x82\x8d\xb999?\
T\xacXq\xaf\xd42\x9e\x9cOu@1e\xda\xf0\
\xd7\xf7P\xd7R`r\x16T\xa7\x8e\x9f\xe4\xa0\xba\x7f\
\xff\xe1\xd9\xee#s\xa0N\x15=g\xa9*\xfa\x96\xf1\
\xe4\xb9\xa1d\xdb\xafR\x82\xef\xfd\xf4\xfa)J\x0aU\
\xa3,U\x02\x15\xd8!*\x08^X\xc0v\xc9\xf9\x94\
V\xa6l\x19\xbc\xf9\xde\xdb\xf0\xd5\xfbJ\xd6\xa9\xd2\xdf\
T'\x8f\x9d\xe0\xa0\xca\xc9\xe1_\xcd\xd4z\xca\x97\x83\
\xeaI\x83\xa0o\x18\xc9m/4\x19)\xfe0\x18|\
\xfb\x12B\xf8\xcd{!\xe8\xa8*\x81bz\x0d\xec\x1c\
\x15\x84\x5c\xb0\xabHV\xfe\xf9\xd8\xefz\xa3\x01\xccJ\
\xf9\xb8\x13\xaa\xa3'\xb0d\xfeB\xe4\xe6\xe4\xf2N\x85\
\xea\x95|\x10\xd1\xbb5\x9e\xf2+W\x08\xa6\x8a2]\
x\xb0\x04\xfc\xa0b\xc5\x8ag\x95\x91\xa8.)\xaa\x05\
\x8a[\xfa\x85\x0d\xafGh.\xb3T\xaa\x85\xea\xc4\xd1\
\xe3\x9c\xa5\xca\xcd\xe5\x87\xaa\xaa\x7f\x05\x0c\xed\xfd\x1a\xd8\
\xffj)O\x03\x94\xe2<\xf1\xd6u7\xfa\xf8\xec,\
l:Q5PL\xd9uC\xa2\xea\xeb\x80\x05 \xa8\
\xcb\xa7|5X\xaa\xe3\xc9\xc78\xa8\xcc\xe6G/\xa1\
;\xf2-u\xe3\xd6]l\xdd\x7f\x1a\x89\xa7\xd3\x91t\
:\x1d\x19Wn\x82\xed\x22\xb2M\x0ff\xf9Z6\xaa\
\xe6\xf9s\x91\x9a\xbb\x18\x8dF\xdb'\xf1\x1e\xd6K\xd5\
\x03\xc5\xf4Y\xaf\xe3\xd0`\xaa\xf3Z@\x81:\xc2P\
u\x81\x8f\xdeG\xb2\xfa\x95\xfe\xa6:\x96t\x94\x83\x8a\
R\xca\xb5\xa1z\xf5\xca\x88\xee\xfd\x0a\xfc+\xc8?\xec\
\xdd\xb0\xf7$f\xaf\x8c\xc7\x99\x14\xe1\xb7~\xcd\xeaW\
A\xcfvO#\xa8\x86\xac#;\xc9\xfaqUF\x02\
\xf2\xa5\xc1\xe0\xfb\xbb\xab\xeasv=\x1e\x01\x14\x07U\
\xe7\xe1\xc1\xe6\xdc\x9c\x85\x00\xa9\xcd\xa7\x14\x83\x9f\x01\xa1\
\xdd\xbb\xc0\xc7\xd7\x8dP%&s\xe7T5\xeb\xd4B\
\xc7\xae\xa1\xf0}\xc2\x1b\x8d\xca^Gq/\xc1\xe7S\
V]\x195c#V\xef\x90\xf6B\xc2\xcbK\x87w\
\xda5F\xaf\x0eM\x9c=O\x9c*\x9f\x80\x0c4\x18\
|G:\xb5\x12\x17\x09\xf7\x18\xa0\x98>\x82\xc2\xa2\x1a\
P\xca\xed\xfe\x09@e\xe46**\xb8\x11\xaa\xa3G\
\x92Q+\xa06\xbc\xbc\xbc\xb8!,\xed\x9d#\x19\xaa\
\xc8\xc9k\xb1)\xfe\x94\xec\xa1\x7f\xafCS\x8f\x87\xca\
\x0c\xfa~E\x83a\x86\xec\xce\xab\xac\x80G\x01\xc5A\
\x15\x1a\xd1\x90B\xc7\xa0\xaa\xc5o\xa9\xdc\x0fU\xc1v\
qP\x95\xbb\x8e\xe2:aKe/L\x96\xba\x0a\x03\
T\x04\xb4\x9b\xc1`\xe0yd\xaa2jl4\xc7\xe3\
\x80\xca\x83jxC\x0an\xf9\xc7\xeb)\xc8\xe0\xe7Y\
P9\x0a\x93\x06\x95z\x80\xf3H\xa0\x98\xfa\x02;F\
5\x82\x8e[\xfe\xa9\x02\xaa\xcb\x99Y`\xde\x93.\x9c\
=\x07v;\x9d\xcf\xd7\x9f\xc1\xe8\x8b\xd6M\xab\xe1\xd9\
\xc0J\xa8W3o3A\x0c\xa6\x86u+\xa1c\xab\
`\xee\xcd\xd5\xbc\xd5\xfbp\xe0\xe8E\x9b\xb3G\xb3T\
\xee\x85\xcbc\x81bj\x0b\xe8\x14\xf141s\xcb\xbf\
\x1a|j4V4r\x1b\x15\x15|\xa4\x9f\x01\xc9\xd9\
\xfdc\x8e2\x93\x0f'\xe1\xd4\xb1\x13\xc80e\xc8\x1a\
Iv\xd8[\xd4\xdb\x0b\xa7.f\x09\x96k\xd3\x22\x10\
\xd1_t@\xc9\xe2y\x0f\x18o\xdf\xb9\x87\xf0\x09\xff\
`\xd5\xb6\xc4B\x0f\x15\xf3\xcfa4\xfa\xc6\xcaR\xaa\
\x0a2{4PL\x7fuC\xa3\x1as\xe7T@u\
WAU\xbdvMx{y\x81\x9d?9+\xb5o\
Y\x0f?\x7f\xcb\xef4w\xe0\xafK\xb1t\xe3\xa1B\
\x0e\x15=Y\xb4H\x91\xd7\xca\x97/\xefQ7*<\
\x1e(\x0bT\x04XH\x00\xde\xd3NcE?n\xf7\
\x8f\xf93\x97\x9a\xc4,\x95T9\xf6\xe4\xeb\xd0\xaa>\
~\xea\x1bj\xb3\xe8\xd0\x89+\xb0h]\x82\xcd<\xe3\
\xfa\x85\x80\xbd(\xf6\xdcD\x16\x1a\x0d\xbe\xdd<\xa9\xfd\
\x85\x02(\xa6\xf0z\x1d\x875\xa1:3;\xfc\xf5h\
\xa8B_n\x80\xe1_v\x944\x87\x86OY\x8d\xb9\
+\x85_E0\x98\x18T\xd9w\xef\xe3\xc4\xf9L\x1c\
?\x9f\x81\x83\xc7R\xe1\xe7S\x1a\x815\x8c\xa8UY\
\x8fJ*\xbf\xbc\xebigT\x85\x06(6\x03\x83:\
E5-_\xba\xe4\xe6\xcb\xd7n3g\xfaVI\xae\
\xa5b/~7\xff\xbb\x09w\xb2\xf9\xfdI\x88\xcd\xfa\
\xa6\xf5\xfes\xcb~\xf5F6N\x9c\x13w#\xce\xca\
\xcc\x88~WL\xf4\xc3\xdfG\xcfX\x87\x19K\x85=\
z=\xdf\xb0\x1aN^\xc8DZ\x16\xbf\xf3\xce7^\
\x08D\xefN\xcdT\xed\x13\x83\x80\xb63\x18\x0c\xab$\
+\xc5\x8d\x19\x0b\x15P\x97\xd2\xd3\xa3\x8e\x9f\xcb\x1c\x12\
1y-\xd2\x05&\x90\xd1\x9f-\xff\xba\xa0|\x85\xf2\
\x82j?\x91|\x1c\xbb\xb6\xee\x00sz)'\x05T\
\xf7\xc3\xb3\xf5\xab\xe2\x99zU\xb9\xff-^\xac\xc8#\
\xc5\x8f\x9dM\xc7\xbf\xbb\x8ebz\xdcN\xdc\xb9\xcb\xff\
\x96\x8a\x15h\x12T\x053\x87I\x87j\xfc\x9c\x8d\x88\
Yd\xbf\xd3\xa1\xdaU\xf4\x1cT\x8d\x03*\xc9\xe9\xae\
\x0b\xf3\x92\xc3\x04\xe6\xd6\x06\x83!\xcd\x85\x95\xdaUU\
\xa1\x01\xcad2\xb5\xa1 \xdc_\xb1\xe43&n;\
:\xfd2\xff_e?\x7f?n\xf7\x8f\x0f\xaa\x95\xb1\
\xcb9o\xb3RS\x89\xe2E\xd0\xee\xf9zh\xd72\
\x08\xcd\x82\xa5]XM>\x9d\x86\xe9q;\xb0r\xab\
\xf0n\xdd\xd3\x01\x95\xf1\xd7\x88^R\x9b\x81\x88?V\
`\xe1Z\xdb\xdfTb\xc2\xd8\xfb\xad\x17\x1b\xf3n\x98\
\x8a\x15u\xfa\xef\x14\xf4O?\x83\xe1\x03\xa7W\xe4`\
\x05\x85\x02\xa8\xac\xac\xac29\xb9\xe6\x0d\x00\x1e\xbal\
N>\x93\x0ef\xa9L\x97\xf9\x9d\xef\xf8\xf9WD(\
\xdb\xa8\xc8g\xa9\xfe7b\x0c\xb2\x05|\xf0\x15\xd4s\
\xad\xca\x06\x0e\xa2v-\xeb\xa1\x92\xd1\xbe\xf7Ncg\
\xad\xc7\xb4\xd8\x1d\x82C\xd8\xa8\xeeS\x98=\xf2=I\
C\xcc\xce\xa7\xde\x1e\xf0\xa7\xa4\xbc\xb62\xa9\x19*O\
\xb8IQ(\x802\x992\x87S\xd0\x81\x05'\x0a{\
\xf6\x10\x19c\x1b*\xb6\xfbW\xaeBy\xfc\x153C\
\xd2\x12\xafF%_\xf4h\xd7\x14=\xda*s!5\
z\xf2J\xcc_\x1d/8\xc7\x1b\xd4\xa9\x84\xb9?Y\
\xf9\xfe\xb4\xca\x7f\xf9\xdam\xb4|o\x8c\xc3@1\x01\
j\x85\x8a\x00\xfb\x01\xfa\x82\x9a]\x94y<P\xe9\xe9\
\xe9\xc1 :\xf6P\x8d\xd7\x7f\x17\x83\x8aY*\xf6\x9e\
\x88/1KU\xb9je\xec\xd9\xc1\xe7\x0e\xf0\xbf\x12\
\x15}\xcb\xa2G\xbb&\x1cH\x96\x83VEf/\x80\
\x89\x7fo\xc1\x84\xf9\xcc\xed \x7f\xaa_\xebI\xcc\xff\
\xd9\xf6j\xe7\xd79\x1b1Y\xe4;\xaan5#\x98\
\xd5\xcb\xc95c\xd3\xbe\x13\xc8\x10X\x12\xab\x19*\x0a\
:\xd2\xcf`\xb0\xfa\xe3\xa9\xd4X8*\xc7\xe3\x812\
\x992\xa7QP\x9b\xb3\x8d=\xd2\x8b\x9c\xbc\x06\x19W\
\xf8\xfd\x94\x8b)\xb1\xd3\xab\x0d\xf1\xf5\xdb/\xc1\xb7\x9c\
\xf3<\x19\xb1M\x05\xb6\xb9 \x94\x82j\xfac\xc1\xe8\
\x0fy\x7f^\xbd=\x09?\xfe/\x0e\xf7\x05\x9e\xe2\xb3\
Bm\x9f\x0f\xc2\xd0O\xda\xa1t\xa9\xbc\xf7Y\x19\x97\
ob\xf8\x94UX\xb7K\xf8\xa9\x88Z-U.\xe8\
\x0b\xfe\x06\xc3V\xb1qs\xc7\xef\x1e\x0dTzzz\
k\x10\xdd\x1a)\x8aK<\x95\xc6Y\xaa\xcc\xab\xf2\xa0\
\xfa\xfe\xfd\xd7\xd0\xabc3)U8\x9cgz\xec\x0e\
\x8c\x99\xb5^PN`u?,\x1c\xf3h\xa8,v\
\x0di\xc0\xf8\xa56az\xa3U}\x8c\xe29(\xce\
\xc9\xc9\xc5W\xa3\x16b\xf3\xbe\x13\x82u\xaa\x14\xaaU\
F\x83\xbe\x9d\xc3\x0aw\x82\x00\x8f\x06\xcad\xcaXA\
\x01\xc9\x8a=r*\x8d\xdb\xfd\x93\x0aUb\xac\xf4\xb8\
RJ\x8d\xcd\xac\xe5\xbb1j\xfaZAql\xd9\xb6\
xlo\xee\xf7\x95[\x8f`\xc0\xf8e\xc8\x11\xf0g\
\xc1\xf2\x88\x1d\x14\xb3\xfb\x81_\xfd\xb4\x00;\x0f\xf2F\
\x12B\xc9\xe2E\xf0\xcb7\x1d\xb8\xa7\xf7\xaaJ\x04\x9f\
\x18\xf5z\x9b\x91-\xdd\xd1^\x8f\x05*==\xfd]\
\x10\xddL\xb9J;r2\xcfRe]\xb3m\xa9~\
\x1b\xf0&^~\x86\xf7\x1d\xa3\xdc*e\xe7g\xb7\x1f\
\xd8-\x08\xa1T\xbb\x8a\x01\x1fvj\x81A\xbf.\xe5\
\xbe\x87\x84R\x97\xd7\x1a!\xf23q'\xbc\xec\xd0\x99\
A\x15\x9ft\x9eW\x14\xbbq\xf1K\xdf\x0e`/\x84\
U\x94\x0e\x1a\xf4\xbe\xcf\xa8\xcd%\x99\xc7\x02e2e\
\xec\xa5\x80][m\x87O^\xc2\x80\xdfV\xe2V6\
\xbf{\xb8N\xaf4\xe4ny\xbb3\xfd\xbd&\x1eQ\
\x93V\x0a6\x81\x10\xce{\x90`z\xb3Mc\x84\xf7\
\x91l\xbca\xba|\x03_\xfd\xb4\x10\x87O\xa4\xf0\xca\
\xec\xf6Z\x03|\xdaU]\xc1\x19\x09t}\x0d\x06\x9f\
\xf1\xee\x1c\xa7\x82u{$P\xe9\xe9\xe9=At\x0e\
9\xa2\x7fo\xe8|\x9c\xbbt\x85w,\xe6\x8c|\x1f\
\xec\x1d\x92\xbb\xd3\xe2\x7f\xf7s\xcf5\xe4\xa6\xb7\xdb7\
\xc5\xc0\x8f\xda\xc8-\x86\x8b\xe9W9K\xc5nt\x14\
L\xfa\xf2O`\xc1\xa8wd\xcbtr\x81\xe3\xde^\
\xba\xa6>>>\xfc\x91\xc6\x9d\x5c9\x9fx\xcf\x04*\
#s\x1d(}\xd5^}mM8\x8d\xf0I\xfc{\
\x19\xaf6\xab\x8b\xf1?t\xb5W\xb4\xe2\xe5\xd83\x0d\
\xf6\x5cCjb\x1b(l#\xc5\xdet\xfab&\x86\
LX\xce\xfb\x90q\xda\xd0n\xa8\xfe\xa4t'8\xf6\
\xb6AN9\xa2#?\x1a|}G\xc9)\xe3\xcc\xbc\
\x1e\x07TZZ\xc6\x1bD\x87\xe5\x8e(e\xf4\xcc\x8d\
X\xb9\x9d\x7f\xbb\x98\xc1\xc4\xa0RSZ\xb1\xe5\x08\xbe\
\x1f'\xfe\xd6\xee\xc3\xb0\xe7\xf0\xed\xbb\xaf8\xdc\xf4\x93\
\x172\x10\xf2\xd5$+9\xdf\xbd\xfb\x22\xda?\xcf\xeb\
s\xd4\xe1:\xed\x15\xc0\x9cf\x82\x16o\xea\xe7WZ\
\xfc\xe6\xb1\xbd\x95\xc8(\xe7q@\x99L\x99\x0b)h\
\x17\x19}\xb4\xca\xda+|\x1e\xce\xa7]\xb5\xfa\xefl\
\x99\xc7\x96{jL\xec\xac\xa9\xdf/\xc2>!\xcb<\
Q\x1c;\xff\xea\xafH\xd3\xd3\xb2\xae\xe3\x95\x8f\xac?\
M\xbe\xef\xf5\x12\xda\xb6P\xd7\x1f\x1b\xd6a35G\
V4\x1a#\x14\xe9\xbc\x83B<\x0a(\x93\xc9\xf4<\
\x05q\xe8@\x8f}7\xb1\xef'\xbe\xe4\xca3'{\
\xc6m\xcd\x8e$|;Z\x18*v\xa7p\xcd\xa4/\
\xed\x11\xfdH\x99?\xe3v\xe2\x97\x99\xffZ\xc9\x99\x1a\
\xde\x0d5*\xa9k\xc9\xf7\xa0\x91\x07\x8c\x06}#\x87\
;\xae\x80\x00\xcf\x02*#c\x0a\xa5\xf8\xc8\x91~/\
\xdf\x92\x88\xb1\xb3\xb7\xf0\x8a`w\xe6\xd8\xdd95'\
1\xa8\xfc\xf5e\xb1.\xe6+\xbb\xbb $\xbfh\x11\
/\xee\x89\x87\xbf\xbe\x0c\x9a\x07W\xb5[\xbe\xb3\x0a\x12\
\xd0\xb6j\x88H\xef1@]\xbbv\xadB\xf6\x9d{\
'\x08\x81\xf4w\xec<\xa37|\xea\xbf\xf8w\x8f\xf5\
\xcd\x00?\x9f2X?\xf5kg\x8d\xb7\xa2r\xc5\xa0\
\xf2\xf3-\x83\xf5S\xe4\xf7EL\xae\xa5\x13\xec\x89\xc7\
\x87\xa1\xcf\xd8}\xcb^QeX\x84\x112\xc9\xa8\xf7\
\xfd\xd4)\xb2e\x08\xf5\x18\xa0\xd232\xde\x06\xc5l\
\x19}\xe3\xcd\xda}\xc0l\xde\xc7\x87\xaf?\x17\x88\xb1\
\xfd\x05cb;Z\xad\xe2\xe5\xc5&\xbf\xd1\xa746\
L\xed+\xb9^1y\x05\x05\xb1m\xf4\xcf\xba=\xa7\
\xa6\xf7SiE\x8bx\x07\x94/_\xde\xfa\xe3X\xb2\
\x16\x1c\xcf\xe89@\xa5g\xcc\x06\xc1\xdb\x8et\xf9R\
\xe6u\xbc5p\x0e\xaf\x08v\x08\xca\x0eC=)\x89\
A\xc0&\xfd\xa6\xe9\xdf\x88v\x89\xdd\x07\xfcn\xcc\x12\
\xd1||\x19\xd4t\xd7O\x0d\xee\x9c=\x02(\xa5\x96\
{;\x0f\x9d\xc5\xc0\xdf\xf9]\x13\xac\xfe\xe3\x0b<\xe5\
'\xfc,\xde\xae\xd9\xe6\x82BbP\xf9\x94+\x85-\
\x7f~+\xd8\x92e\x9b\x0eq\x97k\x1dI\xaa\x81\x8a\
\x908\xa3\xde\x97\xdf\xf7\x9a#\x1d\x94Q\xd6#\x80R\
j\xb9\xf7\xcf\x96$\x8c\x99m\xfd\xee\xe8\x89\x92\xc5\xb0\
{\xce\xf72\xd4f_V\xb6C\x97k6+~p\
,\x06U\xf92%\xb1mf?\xabF\xdb{\x13C\
\xcd\x96\xaa\x88\xb7W\x95\x0a\x15*\xf0_J\xb4o\xd8\
d\x95\xf2\x0c\xa0\x14X\xee1\xad\xcc\x5c\xbe\x0f3\x96\
[\xbb\xdd\xaa\xf9\x94\x1eK\x7f\xfdD\x96\xe2\xe4ff\
0\xb1\x89\xcfR\xab&\xb50qPw\xb9\x22l\xe6\
\x17\x83\xaa\x5c\xe9\x12\xd8>\xeb\xbb\x872\xe6\xaf\xde\x87\
\xe8\xc9\xb6\x1d\x09\xfd\xf8Ak4oX\x1dL?)\
\xa6\xab\x183s\xfd\xc3>\xa8\x16*\x8a\x9eF\xa3\x9e\
\x7f]\xaf\xa8\xc6\xf9\x85\xa9\x1e(\xe6/\xe2~\x8e\xf9\
\x8c\xa3\xbb{\xac\xfb\xcc:1+U0\xb5hT\x03\
1\xe1o9M\xdd\xf9a\xb2T\xd2\xbcAuL\x8d\
p\xe8\x93\xd0\xaa\xbdbP\x95)U\x1c;g\xf7\xc7\
\xec\x7f\xf6`\xe44\xdb\xcf\xc8\x98+\xb3\xfcn\xd0,\
\x95\xf1\xf5%\x7fC\xdc\xbe\xfc#\x98d\xd4\xeb\xdd\xb6\
\xdb\xa7z\xa0\xd2\xd3\xd3_\x07\xd1\x09\xbfe\x90\x81\xc1\
\xc0\xdfWb\xe7\xa1sV%:\xbf\xda\x08Q\x9f\x8b\
?s\x90Q\xd5\xc3\xac\xb6&`\x93\xa0\xca\x989L\
\xbag#)\xf5\x8bAU\xac\x887\xee\xde\xe7\x8f\x5c\
o\x91/\x04\x93T\xa8\xa2?k\x03\xe6\x0f\xd0-\x89\
\x22\xd1h\xd4\xd7sK\xdd\x00T\x0f\xd4\xa5\xf4\xf4\x08\
\x1d\xd1\x0dUBA}\x86/\xc2\xf1s\xd6N\xfd?\
{\xf3\x05|\xde\xbd\x95\x12UX\xc9\x98\xb6d\x07\xc6\
\xfe%\xfc\x0a7\xb8\xf6\x93\x987JY\xefXbP\
\xd9\xea\xa8\x18LR\xa0\xaa\xf9\x94/\xc6\xf5\xeb\x08\xf6\
m\xea\x8ed\xce\xcd\xa9\xe6\xae(\xf3\xaa\x07*==\
c=\x08^Vb`\xba\xf4\x9f\x89\xack\xb7\xadD\
1\xeb\xc4\xac\x94\xb3\xd2\x0f\xe3b\xf1\xcf\x96#\x82\xe2\
\x99\x83\xccE\x05\x9e\xb6;\xda\x16{\xa0\x92\x0a\x93\x14\
\xa8\xba\xbc\x12\x8c\xcf\xdfl\xe1h7\xec*\xef\xce\xed\
sU\x03\xf5\xc0\xdf\xde5\xbb\xb4\xcaS\xe8\xa5\xde\x7f\
\xf0\x8ab\xdfO\xec;\xcaY\x89y\xb1\xfd$z.\
\x8e\xdbp\xc5\xec\x8c\x8d\x119P\xc9\x85I\x0aTc\
\xbe\xed\x88\xa7\xeb>\xe9,\xb5\x0a\xca% 3\x0c\x06\
_\xb7\xdcrV5P\xe9\xe9Y\xaf\x83\x98\x15\xf9~\
b\xda\x17\x02\xca\xde\xc9$g\xa6l?p\x0a\xbd#\
\xe7\xda,R\xb9b\x05\xac\x9a\xf8\xb9\x1c\xb1\xa2y\xa5\
@\xe5h\xff?\x89\x9e\x87\xad\x09'\xad\xda\xe2\xb6\x0d\
\x0aB\x92\x8cz\xdf Q\xe58!\x83\xca\x81\xca\xf8\
\x05\x04\xd6\x07(v*\xc2\x9d@\xb1&Kq\x97\x5c\
\xd1\xb7\x0c\xfe\xb5\xe3\x1e\x9e-\x95\x88A\xc5|E\x1c\
Z4\xc8N\xad\x02q\x1b\x0eb\xd0o\xcb\xac\xca\xf7\
\xeb\xd9\x0a,\x18\x81;\x92A\xef\xebE\x08\x11v\xb8\
\xe1\xa4F\xa9\x1b\xa8\x8c\x8c]\xa0xV\xa9\xbe\xbb\x1b\
\xa8\xc4S\x97\xd0\xed\xbb\xa9\xa2\xdd\x11\xbb\xdd *\x80\
'\x83\x18T:Bpx\xc9`{Dc\xef\x91s\
xo\xc8,\xab\xb2\xecvz\x8f6\xce\xfb6\xb5\xd9\
X\xea\xd5\xc0h\xac`;*\x9d]\xbd\xb5]H\xdd\
@\x992\xd8\x96\x9c\xafR\xfdv7PR\xad\x14\xcb\
g93R\xaa\xefL\x8e\x18T,\x8f=\xae\xd3\x98\
\xd7[\xe6\xfd\xb6`r\xa7\x85\xa2\x04o\xfb\xe9\xf5\xb6\
\xd7\xd8J*\xf7\x81,\xd5\x02u\xf9\xf2\xe5\xb2\xf7s\
r\x15\xbd9\xac\x06\xa0\xa4Z)6>,\x1cN\xfc\
\xfc\x1f\x15\x1dv[P}\xdc\xb9\x05\xfa\xf6\x94\xb7\xa1\
\xca\xc2\xf2\xf4\x1c8\x03,\xa2H\xc14yP\x17\xb0\
P9\xeeH\x04d\xa4\xc1\xe0\xebr\x97\xcd\xaa\x05*\
55\xa3\xb1\x977\xf6)9\x18j\x00J\x8e\x95b\
y\xbdt:\x1cZl\xff\xf7MA\xfd\xcd[\xb5\x0f\
\xc3b\xac\xaf\x1c\x15+\xea\xcd=\xffg[\xf8r\x92\
\x90u*]\xaa\x18\x96\x8dS\xf6|MN\xbb\x08\xb0\
\xdc`\xd0K\x0b\x05)G\xb0H^\xd5\x02u\xc9d\
\xea\xa6\x03\xf9[\xa9\xbe2\x87\x90\xaf}\xca\xefht\
jDO4o\xe0\xba\x93\xfd\xf5\xbb\x8fq\xee\xba\xe4\
\xa4%\xe3z\xa3NU\xfb\xbd\xb7\xde\xbd\x97\x03\x16\xed\
\x90\x01\xc5\x97\xfat}\x1e_\xbd\xf5\x92\x9c&q\x01\
\x0e\xf8\x96zLH\xcbF\xd5\x10\xf5\xa9|Wf\xb2\
\x1a`;\xf3\x19\xa3A\xcf\x1b\xc8\x5c\xc1:\xacD\xa9\
\x16\xa84\x93i\x00\x01\x19\xa1T\xe7Y\x9c\xd9v_\
\xf2o\x08L\x18\xd4\x1d/6\xa9\xa5TU\xa2r\xb2\
\xef\xdcG\xab\x0f\xc6\xe1V\xf6]\xd1\xbc\xf93\xfc\xf4\
u(:\xbcX_V\x19v\xbb\x9d9x\x99\xbfj\
\x1f\x12\x92\xf9#2V\xaf\xe4\x8b9?\xbd\xcf}\xb7\
IM\xb6`\xf2\xf6\xd2\xa1Am\x7f\xbc\xfbF\x13\x04\
\xd7\xaa(U\xa4\xe2\xf9.\x9c?W\xb4I\x93&\xc2\
\xa1\x22\x15\xafQ\xc5W\x8fL\xa6\x8c\xa9\x14\xe0\x0f7\
a\x87\x22n\xdc\xba\x8b\x8e\xdfL\xe7-9\xae\x7f\x17\
\xb4~\xce\xb5\xee\xb1>\x1f>\x9f\x0b)S0\x15)\
R\x04\xf7\xef\x0b\xcf\x01\x16E\x83]Z}\xadY\x00\
*\x94\xe5\x8d\xe0\xc3\x89LH>\x0f\xe6\xd3\x8f\xd5\x91\
)\x10\xca\x87\xe5cK\xbdQ\xdf\x84\xe15\x19\xae\xd3\
\x06\xfd\xba\x0cq\x1b\x0fJ\x1a\x85\xce\xaf\x04\xa3[\xeb\
\x060\x94w^\xe4\x12\xc1\x86P\xb3\x9f\xd1h\xb4\xf6\
\xda)\xa9\xe5\xf6eR\xad\x852\x9926R\xe0E\
\xfb\xbae]\x8a\x05$\xeb\xdc\x9f\xdf\x15\xba=\x7f\xf9\
\x1dm\xd7_\xff\xec\xc1O<7\xbe\xbd\xbd\xbd\xe1k\
\xd0#-\xf5\x92h\x15\x0c\xac\x0aeJq`\xb17\
O\xcc_{\xd6\xd5[8u!\x03gR\xb2D\xcb\
\xb3\x17\xbd?\xf5\x0d\x95\x1c\xca\x94\x09|o\xf0,\xec\
M\xb4\xbe`l\xab\xb2*\x15\xcbc\xf0G\xaf\x82\xdd\
\xf1se\xca\xd5\x91@\x7f_\xdfdW\xd6\xa9Z\xa0\
\xd232w\x81R\xc5\xce\xa0\xd8\xf5\x1f\xe6O\x82/\
1\x87\xfa\xcc\xb1\xbe+\x13s{\xfc\xfa'\xbf\xf1V\
\xf9\xc1g\x1fc\xcf\x8e]8r\xe0\xb0\xd3\x9a\xc4\x96\
y#\xbe\x0aA\xfdZ\xfe\x92\xeb\xf8 \xfc/\xec>\
|Vr\xfe\xfc\x19\x99\xb7\xa4a\x9f\xb5E\xb5'\x1d\
\xf2\xb1#\xafn\xea\xf5\xbc\xd1Xa\xbb\xbcB\x8e\xe5\
V/P\xa6\x0c\xb6\xa6\x08v\xac{\xff\x95\xbe\x98~\
\x0d\xef\x0c\xe1?\x96`~\xc0\x99?pW\xa7\xd0\xaf\
'\xe3\xc4yk\x87\xa7\x1d\xbb\x86\x22\xa8A}l\xdf\
\xb4\x0d[\xfe\x15\x0e\xc2fo{\xdfj\xd7\x14\x1f\x84\
=\x07v+Cj\xfap\xe8l\xec:\xc4\x1f\xf2F\
\xaa\x0c\xdfr\xa5\xf0\xeb\xf7\xa1\xb2\xea\x95*\x9b/\x9f\
\x8e\xa0\xa3^\xafw\xc8\xcb\xb0\xdc\xfaU\x0c\x94\xe9\x04\
@j\xca\xed\x90P\xfe3)\x97\xf1A$\xff\xa6a\
\xbf^\xaf\xe2\x83\xd0\xe6JU%Y\x8e\xd0U\xa4\xe7\
Z=\x8fV\xaf\xe5\xed\xb8%\x1e<\x82\x03{\xe3q\
\xfe\xac\xe3\xaf\xba\xd9\xa3\xc6\x0f\xc3\x9a\x83\xfd\xaf\x9c\xf4\
q\xc4\x1c\xec8xZ\xb0\x08\xf3\xb8\xdb\xb6E\x10\xb7\
\x0b\x99t\xfa\x12\x96\xac?\x80\x93\xe7\xad\x9f\xc90\x01\
e\x9f(\x8e\xe9\x11o\xa2B\x19\xe1\xef?9m\xb3\
\x95\xd7\x1d\xb7\xceU\x0cT\xc6E\x00\x8a]Uf\xef\
\xa0\xd8{(\xbe\xf4E\x8f\x17\xf1i\xb7\x96J\x8d\xa3\
d9\x0b\xd7&p\xf7\xfb\x0a\xa6\x9auk\xa3k\xcf\
7\x1f\xf9\xcfgO\x9dF\xd2\xe1$$\x1fJ\xc4\xbd\
{\xfcax\xf8*6\xfa\x94\xc1s\x0d\xaaqO\xd9\
\xdb\xb7\x94\xff\xee\xee\xa3\x88\xd9\x82\xc1\xd8X}\xcc\xfd\
\xda\xb0/;<\x12w\x98}\xbf\xf5\x1f\xbb\x84\xf7\xb0\
\x97\x95)Q\xbc\x08\x16\xfd\xdc\x8b\x0b\xe6\xe6\xd4D\xd1\
\xcfh\xd4\x8fuj\x1d\x05\x84\xab\x16\xa8\xb4\xf4\x8c,\
%\x9e\xbd[\xfa\xcbB\x82~1\x8a\xdf\xe1\xfe7\xef\
\xbc\x82\x8f:\xb9>\xf6\x91\xd0\xad\x89\x22E\x8b\xe0\xb3\
~_\xa1d)\xeb\xbf\xe2\xd7\xae^C\xca\xf9\x8b\xc8\
\xca\xcc\xc4\xe5\xcc,\x9c9y\x1a\xd9\xb7\xb3\xad\xe6L\
\xe8K\x0d\xd0\xed\xf5\xa7\x1d\xf2\x84\xfb~\xf8_\xd8c\
\xe3\x9b\xc9\x96/C\xe6\x83\xa2\xff\xd8X\x1c<\xc6\xfe\
.Z'\xb6\xb5\xbefBo\xe8tN\x9c\x82\x04\xe1\
F\xbd>Z\x03\x0a@\xba)\x83\xbd\x04,\xa1\x942\
\x0e\x1cK\xc57c\xf8\xdde\x0d\xfa\xb8\x0d\xd8w\x85\
;RP\x18\xffxW\xa9V\x15\xa1=:\xa3dI\
\xdbK\xa3\x0d\xab\xd7a\xf7\xb6]\xd6V\xee)=\xc6\
\xf4\xef\xcc9X\xb1'\xf5\x1a4\x13\xfb\x04\x22\x1aZ\
,\x93\x98cP\x16\x18\x9bY*\xa1]A\x9f\xb2%\
\xb1h\xb4\xb2.\x00\x1e\xe9+A\x7f\xa3^\xff\x8b=\
\xfd\xb7\xb7\x8c\x13\xff<\xd8\xdb\xa4\xbcr\xe9\xa6\x0c\x1b\
\xf1\xf9\xe4\xcb^\xbb\xeb8FN\xe7\x7f\x8a>\xec\x8b\
\x0e\x08{\xa5\xa1|\xa1\x0a\x94`\xb7\xcf\x99\xa5\xe2K\
U\xaaWEX\xf7\xce(a\x03\xaa\xc3\xfb\x0f\xe2\x9f\
\xc5\xd6O'\x98<\x06\x93=P\xf5\x1c\xf0'\xf6\x1f\
\xe5\xb7,Ra\xb2\xf4\xe7\xda\x8dl|7v\x09v\
\x1c\xe0\xff\x06cn\x9d\xd9\xbb)g$\x02\xf2\x85\xc1\
\xe0;\xc1\x19\xb2\x85d\xaa\x16(\xa5\x97|\xb3W&\
`Z\xdcn^=\x8c\xf9\xae3\xda\xb4p\xcf\xbb\x1d\
\xb17RR\xa0\xfag\xc92\x1cN\xe0?h\x95\x0b\
U\x8f\x1f\xa6\xe1\xd0\xf1T\xc19\xf8R\xd3\xda\xf8}\
\xe0\xa3\xdfwb\x13\x96\xdd\x0c\xf9n\xecbl\xda\xcb\
\x1fm~\xc4\x17m\x9d\x12\x80\x80\x82~\xe8g0\xf0\
\x9f\xe6\x8b5\xda\xce\xdfU\x0bT\xbaI\xd9]\xbe\xb1\
\xb37c9\x8f\x0b1\xa6\xb7\x89\x83\xbb\xa3Uc\xd7\
]=\xca?V1\x8b\xb6a\xfc\x1c\xdb[\xe3yP\
uA\x89\x92\xfc+\xe0kW\xafb\xce\xb4\xbfp\xed\
\x0a\xff\xe5|\xa9Pu\xfdn*\x92\x04\xac%ks\
\xb3\xe0j\x98\x16\xd9\xd3\xae\xa9\x96\x9bk\xe6\xdc=\xaf\
\xddi}\xce\x1a\xf6R=|\xd5C\xf9M!j\xc6\
[~~\xfayv5\xd8\xceB\xea\x05J\xe1\x83\xdd\
\x1f\x7f]\x81\xddG\xf8\xb7\x9e\x1d}\x02n\xa7\xee\xb9\
b\xb3\x96\xef\xc6\xa8\xe9kEE\x88Au\xf4H\x12\
b\xe7\x0b\xc7\x8e\x12\x83*\xec\x9b\x18\x1c\xe7\x89\xadk\
i\x98\x12\xde\x99\x846a\x9e\x09\xaa\x8cQ_\xb7\x17\
\xd5\x81\xec\x0c\xd4\x1cf4\x1a\xe3d\x97s\xa0\x80z\
\x812e\xb0\x10\xe8m\x1d\xe8\xdb#E\xd9\x19\x14;\
\x8b\xe2K,\xf2\x1f\x8b\x00\xe8\x8e\xb4`M\x02\x22'\
Yo\x9d\xf3\xb5\xa5J\xf5j\x08\xeb\xd1\x19%J\xf0\
[*{\xa0\xbaq\xeb\x0e:}\x1b\x83T\x93\xb0/\
\x9cZ\x95\x0d\x88\x1b\xdfG\x11\xf5\xbc\xf1\xc5D\xabk\
Q\x0d\xeb\xf8c\x5c\xbf\x10E\xe4\xe7\x17\x92K\xcdm\
\xfc\x8dF\xdb\x1e=\x15\xaeU\xbd@)\xe4~\xd9\xa2\
\xaf7\xbe\x9e\x86[\xd9\xd6\xe77U\xfd}\xb0b\xc2\
g\x0a\xabU\xba8\xb9\xce\xfa\xab\xd6\xa8\x86P\xb6Q\
\xe1\x00T\xdd\xdb6\xe16,X,\xdd\x19Kwr\
\xd1\xdf\x85\x92RQ\x11\x1f\x8e\x83\x0b\x81\xa2f\xd2\xcc\
\xcf\xcf\x97\xff\xc3Y\xfa\x10\xc9\xca\xa9Z\xa0\xd2L\xa6\
_\x09\x88\xe3\xf1-\x01DN^\x8bM\xf1\xa7x\x15\
\xc36#\xd8\xa6\x84\xbb\x12\xfb\xa6\xf8\xe6g\xfe\x03g\
\xa161\xa8\xd8\xee_q;\xa1\x92\xdaW\x9f\xb2\xa5\
\xb0e\x86p\xe4\x0e\xa9r,\xf9\xf6\x1f\xbd\x80\x9e\x03\
fX\x15\xeb\xf6Z\x03|\xdaU\xf9s\xc0\xdc\x9c\xfb\
z\x7f\x7f\xffL\xb9\xedt$\xbfj\x81R\xcac\xac\
-\x98\x98\xe2\x9c\xe95V\xca\xc00\xf7[\xcc\x0dW\
\xc1\xd4\xbay\x00\xef\x07\xbc%_\x1eT]P\xbc\x04\
\xffRUl\xf9'\xd66v\x9ba\xdf<e\x9f\xdf\
\x7f9\xf2ol\xd8s\xdc\xaajv\x13\xfd\x95g\x14\
\xdf\x14\xbaf4\xe8\xcb\x89\xf5S\xe9\xdf\xd5\x0b\x94\xc9\
\xd4E\x07\xb2\xd0\x91\x0e\x8b\xc1\xc4\x9e{\xcf\x1e\xf1\x1e\
\xe7\xbb\xc1]I\xc8cP\xbfw_\x01\xbb6\xf4\xfd\
8\xfe\xdb\x1d\xac\xbd\xce\x84\xca\x1eg-\xb6th\xcb\
\xc7\xfb\xac\xe8\x1ex\xca\xa8\xec\xdc'\x04\xf1\x06\xbd\xbe\
\x89\xab\xc7U\xb5@\xa5\xa6\xa6\xd6\xf5\xf2.b\xf7[\
\x161\x98\x98\xa2G\x7f\xdb\x09\xedZ\xba\xc5\x1f\xe2\xc3\
qf\x8f\x00\x07\xfej}\x83#\xfc\x93vx\xf3\xf5\
\xc6\x9c\x0bg\xe6\xca\xd9\xf6\xf2O\xd8R\x1dO>\x86\
\x1d\x9b\xb6\xe1R\x8a\xf0\xd9R~\xd9\xd5\x9e\xf4\xe1B\
\xed0\xa7\x9bJ%[01\xbf}\xcc;\x92\xd2\x89\
\x00\x0b\x0c\x06\xbd\xbc\x033\x05\x1a\xa1Z\xa0X\xdf\xd2\
M\x19\xec\xe9\xaa\xb7\xdc~J\x81\xc9\xddK=K\x9f\
&-\xd8\x8a\xdf\xe6m\xb2\xea\x22{E\xfb\xc6\x0by\
\x97Y\xff\xd9|\x18?\xfcOx\xf7\xb7Z\x8d\xea\xdc\
5\xa5\xe2\xc5\xf9\x97\x7f9\xf7s\xb0}\xf3V\x0e,\
\xb1\xc4\xde\x85\xb1\xf7aJ%[01\x8fH\xbf|\
\xd3\x01\xa5\x9d\x10T@\xf3z\xc43\x82\xe9&\xd3~\
\x80<r'\x88\x05Mk\xd5\xb8:\xaa\xfa\xf3\xff\x05\
\xf5$\x98X\x97\xc3'\xfc\x03\x16I\xb0`\x9a0\xf0\
M\xbc\xd8\xb4\xf6\xc3\xff\xbc|\xf3a\xfch\x0b\xaa\x9a\
\xd5\xb9\xdd?!\xa8\x98\xa0\xec\xecl\x5c\xc9\xba\xcc\xfd\
\x93\xb0'\x1e\x17\xcfY\xfb\x98\xe8\xd5\xb1\x19\xbe\x7f\xff\
5Ex\xea\xfb\xf3\x22\xac\xe39\xc8\xb5\x08g05\
\x0e\xa8\xa4H]\x05\x85P\xd0\x8f\xfc\x0c\x86iN\x11\
nC\xa8\xba-Tz\xc6\xb7S\xbd\xe8\x00\x00\x169\
IDAT_ xx4o\x89@\xc8`\x1a\xda\
\xfb5+\xa8<\x0d&6.Bo\x8d\xf8\x0e\x9b\x97\
o:\x8c\x1f\xc7\xdb\xb0T5\xabs\xbb\x7f\xc5\x04,\
U\xfey\xb0d\xeeB\x1cK:j55\x1a\xd4\xa9\
\x84\xb9?9\xeeg\xbfO\xd4\x5cl\xdb\xcf\xbf\xb3\xca\
*u\xb6\xdfss.^\xaaXQom\xfa\x9dL\
\x98\xaa\x81\xbad2\xfd\xa0\x03\xf9\x89\xe9\xa0`8\xcf\
\x82Py\x22L\xac_\xed?\x9f\x88\xb3\xa9\xd6\xfe\x1f\
\xf6\xce\xfb\xe1\x917F\x96y vnU\x8d\x83\xaa\
\x0b\x8a\x15\xb7\x1d\x9bi\xcd\xf2UH\xd8\xcd\xefR\x8c\
\xdd\x22gO3\xecM\xef\x0e\x9a\x89x\x1b7\xd5\x99\
/\x8b\x9f\xbfn/\xb8\xca\xb0\xb7\xde|\xe5r\x8c\x06\
\xbd[v\x9a\xd4\x0dTFF{\x1d\xc5?B\xb1q\
-P\xb1\xdf\x85\xce\x99,JV\xcb7S\xc1\xc9\xd2\
\xa8\xdbH\xdc+\x10QP,^\x94\xd0F\x86E\xb6\
\x14\xa8\xc4\xb6\xd5\xed\x85\xaak\xbf)H\xe2\xf1\x22[\
\xb0\xdfB\xab\x0c\x05`\x02!\xd8h\xd0\xeb\xe5\xb9\xc0\
U\xa2b\xb5G0d\xf1\xa1\xa6\xc5\xed\xb9\xc6\x17h\
\xda\xd2\xffR%\x8a\xf2\xde\x80\xc8\xaf\x1f\xb5\xc2\xc4|\
40_\x0d\x05\xd3\x9bm\x1a#\xbcO;\x9bC,\
\x09\xaa\x1e]P\xac\x98\xb0\xa5\xfas\xe2T\x9b\xde\x95\
\xe4B\xd5\xfe\x8b\x898+\xc1\xdb\x92\xa5c\xce\x82\xca\
L\xcd\x91\x15\x8d\xc6\x08\x85\x18\x91%F\xd5\x16*0\
42\x02 \x0e\x85\x03U+Ll\x94\x846$\x18\
L\x0c*\xb1$\x14F\xc6R\xaez\xad\x1a\xdcF\x85\
\x10T\xb6\xdeRYdH\x85\xea\xe5\x8f\xc6#=\xeb\
\xbaX\x93\xad~w\x06T\xee\xfa~b\x9dS-P\
\x85\x1d&\xe6\xc9\xb6\xe5{c\xc0\xde\x0a\x15L\xf3\x7f\
\xfe\x00\xf5kIs\xa7!\x05*\xb6QQT\xc0R\
m\xdd\xb0\x19\xdb6XG\xce\xc8\xdf&1\xa8\x9a\xf7\
\x1c\x8d\xeb\xb7\xee\x08\xc2\xd4\xf2\x95V\xdc\xf7\xda\xad\x9b\
\xb7x\xf3(\x0c\x95\xc9h\xd0\xdb\xef\xb3Z\xf6\x9f\x84\
G\x0b\xa8\x12\xa8\xc2\x0e\x13\x1b\x02\xa1m\xf0\xc6\x81\x95\
1k\xb8\xbcg\xe1\xb1\x1b\x0e`\xf0o\xc2\xde\xb2\x98\
\xa5b\x1b\x15E\x8b\x15\xe5\x9d.;\xb7l\xc7\xa6\xb5\
\x1blN%!\xa8\x1av\x1d\x81\xfb9\xb9\x82e\x19\
\xccu\xeb\x05\xe2\xc2\xd9\xf3\xdc\xf3\x92[7o:\x19\
*\xba\xc4h0\xb8\xedr\xa6\xea\x80\x12\x83\x89=\x99\
\x16\xdb\x80\xe8\xde\xa6\x09\x86\xf4Q\xec\xe5\x87\x83\x7f\xb3\
\xf8\x8b\x7f=j!\xfe\xdde\xbdm\xfd\xed\xbb\xaf\xe0\
\xc30\xf9\x17E\x99\xeb\xae!\xbf\xdb\x0fU\xfc\xae\xbd\
X\xfb\x8f\xed\xe8\xab\x83{\xb7E\x8f\xb6Mp\xfb\xce\
=\x1c?k\xc2\xe7#\xfe\xc6\xd5\x1b\xd6A\xc0-=\
\xb6\xc0d\xf9\xf7\x0b\xe7\xce#n\xfeb\xdc\xbc\xe1<\
\xa8\x08\xc8W\x06\x83/\xbf\x07Q\xa7\x8c\xa4\x8a-\x94\
\x14\x98\xd8\xf9\xc5\xe6\xf8S\x88\x8cY\x07J\xf9\xddN\
\x88=\xa6s\x81^mV\xc1<\x091\x8fB|i\
\xd9o\x9f\xa2F%\xfb\x5c\x16K\x82\xaaG\x17\x14-\
\xcao\xa9\xd8a\xef\x9ae\xec\x19\x9a\xe3\xa9 L\x16\
\x89\xec09v\xfe\x22\xa7AEP\xb4\x96\xc1P\xd6\
:\xe0\xaf\xe3]\x92$A5\x16J*L\x96^m\
N8\x8d\xa8\xc9ka\xf60\xa8n\xde\xbe\x8bO\x87\
\xcd\xe3\x8d\x84\xc1nF\xb0\x1b\x12\x8e$v\xeb\x82m\
v\x08\xa5\xea\xb5kr\x87\xbfBP\xed\xdd\xb1\x1b\xff\
\xae\x14\x7fAl\xab\x8dB0=\x84\xea<\x83j1\
n^\xbf\xa1\xf4\xf2o\x95\xd1\xa0\xb7\xbd=\xea\x88r\
%\x94U\x05Pra\xb2\xf4kK\xc2iD\xc6\xac\
\x85\xd9\xec9\x96j\xec\xac\xf5\x98\x16\xbb\x83whb\
\x86\xbe\x85\x16\x0dkH\x186\xdbY\xc4\xa0\xaaQ\xbb\
&\xb7\xfb'\x04\xd5\xae\xad;\xb0q\x0d\xbf\x87(\xb1\
\xc6\x89\xc1d)\xcf|\x0b2KuCA\xa8\xdc\xbd\
\xdcc}s;P\xf6\xc2d\x19\x98\xad\xfbO#r\
\xf2:\xb08H|IM\xcb\xbf\x15[\x8e\x08>\xc7\
h\xf7|\x10F\xf7\xeb$6_%\xff\xbeh\xdd~\
\x0c\x9d(l\xa9\x18Tl\xf2\x17\x11X\xfem\xdb\xb8\
\x05[\xd7o\x96\x5c\x1f\xcbX\xb3N-t}\xa7\xbb\
\xe42)\x17\x18T\x8bq\xe3\x1a\xffv\xbb\xdc\xdd?\
w/\xf7\xdc\x0e\x94\xa30\xfd\x07\xd5\x19D\xc5\xac\x05\
\x8bR\xa8V\xa8\xd8s\xf3~\xa3\x17s\xcf\xce\xf9\xd2\
\x84\x1f;\xa1\xc5\xd3\xb5\xc1\xe2C)\x95\x16\xaeK@\
\xc4Da\x7f\x15yPu\x01\xf3T\xcb\x97\xce\x9d>\
\x8b\xdd\xdbv\xe2\xd4q\xe9\x9f$M\x9b?\x83W\xdb\
\xbf.\xb9\x0b)\x17R\x107\x7f\x11\xae;\x0e\x95\xdb\
\x97{n\x05J)\x98,#\xb7\xed\xc0\x19\xee\xa9\xbb\
\x9a\xa1:|\x22\x15\xdf\x8c^\x84K\x19\x8f:Dy\
\xb3uC|\xd2\xa59\x08!(W\xb6\x8c\xb2P\x09\
\xf8O\xb7\xe8M\x0c*\x96\xef`\xfc\x01\xa4\x9c\xbf\x80\
\xac\x8c,def\xe1\xfe\xbd{\xc8\xc9\xc9\x11\x84F\
.T\xa9\x17S8Ku\xfd*\xbf\xa3\x18)\x96J\
\x0d\xcb=\xb7\x01\xa54L\x96\x91\xdd\xce\xa0\x8aY'\
x.\xa2\x86\xe5\xdf\xbe\xc4s\xf8r\xe4\x82\x87\x07\xa1\
M\x02\x9f\xc2\xe8\xbe\xff\xbd?r\x06T\x0b\xd6& \
\x92'(\xc1#P\xf5\xe8\x22\x0b\xe4\xb5\xcbW!^\
\xe0r-\x93+\x1f\xaaT\xceR1\xdf\xed|I\x04\
\xaa\xcc\xfb^\xbaF\x95||\x84\xdd\xddJ\xb6\x99\x8e\
et\xf97\x94\xa30\x9d8\x9f\x89Z\x95\x85\xb7\x95\
\xb7\x1f<\xcb\xed\xfe\xdd\x138lT\x03T\xecY\xc3\
\x17#\xfe\x06\x8b\x94>}hw\x94}\xe2\xd1\xfbv\
N\x81jM<\x22'\x09o\x89\xd7\xa8S+\xef\x9b\
J\xc6\x92Si\xa8\xd8\xabbf\xa9\x84\x1cv\x0aB\
Et\xbf\x18\xf5>\xfd\x1dCA\x99\xd2.\x05J\x09\
\x98\x06\xfc\xb6\x02\xad\x9b\xd7A\xefN\xcd\x045\xb0\xe3\
\xe0Yn\xf7\xef\xde}\xfe\x13|5@\xc5\x22\xc1?\
Q\xb2\x18\x9e\xad_\x95;O\xbb{\xef\x1e\xee\xdd\xbd\
\xc7\xfd/\xfbwg@\xf5\xf7\x9axD\xd9\x80\x8am\
*\xb0\xdd?wC\xc5\x0e\x7f\xaf\x0ax\xc1\xe5\x81*\
\x87\x9as\x1b\xf9\xf9\xf9\x1dQ\x06\x09\xc7\xa4\xb8\x0c(\
\xc7a\xca\xc0\x80\xdfV\x22\xebZ\xde\xc9|\x8f6\x8d\
lB\xb5\xf3\xd0Yn\xf7\xefn\x81\xa7\x11\x16u\xa9\
\x01*\xa1\xa1\xbb\x7f?'\x0f\xb0{\xf7P\xfa\x89R\
\xb2&\xb8\xd8t\xf8{u<\xa2&\x0b[*\x06\x15\
\xb3T\xden\xb4T,\xbe0\xb3TW/_\x11]\
\xfe\x11\x82\xa9\x06\xbd\xfec\xb1~\xbb\xeaw\x97\x00\xe5\
(L\xc7\xcf\xe7\xc1\xc4\x02O\xe7O\xe2P\x9d\xe3,\
\xd5\xdd{\xfc\x1f\xd0j\x86\xca\xd2O\xf3\x83\xe3\x00\x9d\
N\xa7\xd8\x9c\x98\xbfz\x1f\xa2'\xaf\x12\x94\x97\x07U\
\x17x\x17\x91\xee\xceC\xe9\xe5\x9fT\xa8\xaa\xf9\x97o\
i0\x18\xc4\x9de(\xa6=\xdb\x82\x9c\x0e\x94\xc30\
\x9d\xcb\xc0\x80\xdf\xada\xb2t\xab\xfb\xeb\x8d\xd0\xa7\xb3\
\xf0\xf2o\xd7\xe1<\xa8\xee\xdc\xf5\x5c\xa8\x9c1\x17\xe6\
\xad\xda\x87a1\x22P\xf5\xe8\x02\x16\x95^jR\x1a\
\xaa\xf4\xd44\xee\xf0\xf7\x8a\x80\xa52V(}\xdd\x94\
\x95\xdd<q\xe9\xc0$\xa9mtv>\xa7\x02\xe5(\
L\x96\xce\xff<s#Vm\xb7\xbeH\xfa\x1fT\x0d\
\xd1\xa7\xb3p\x8c\x5c\x06UT\xcc:\xb0'\x13|\xc9\
\x13,\x953&\x82(Tuk\xe7-\xff\xdc\x09\xd5\
%\x06\xd5b\xce\xb1\x0co\x22H$f\xefnj\x81\
\xcai@)\x05\x93RP\xb1\xc8\x1b\xccR\xf1\xbd?\
bu<\xaeP\xcd]\xb9\x17\xc3\xa7\x08\xdf2\xafU\
\xb76\xb7Q\xe1^\xa8\xd2\xb9-\xf5\xcb\x1e\x00\x95S\
\x80R\x1a&\x0bT\xa3gn\xc2\xca\xed\xc2\xbe/\xbb\
\xbfn\xdbR\xedy\x00\xd5m\x9eG}\x1aT\xb6\xa1\
b\x96\xca\xcb\x8d\x96\xca\x94\x96\xceY*\x16WX\xcd\
\x96Jq\xa0\x9c\x05\xd3C\xa8fm\xc2\xcam\xc2P\
Yn\x1d\x08-\x91\xf6$^\xe0\xae)\xf1E\xe2x\
\x9c\xa1\x9a\xb3b/FL\x15\x83\xaa\x0b\xbc\xbc\xbd$\
\xaf>\x95\xfe\xa62\xa5\x998K\xc5nk\xa8\x15*\
'\x00\x15=\x14\xa0\x82\x0e2\x94\x88\xa9:\xda\x06T\
\xfd\xdf}\x11\xed\x9e\x0f\xb09\xe8{\x13/p\xcb?\
\x0d\xaa\xff\xd4\xb4fG\x12\x98\x17\xdb\xe3\xe7L\x82\xba\
c\xcb\xbf\xb0\x1e]\xe0\xe5\xe5>\xa82\xd2M\x9c\xa5\
\xca\xca\x10\x0c\xaaq\x83P\xdd\xdb\x89K\x07\x0b\xbf\xb6\
\x94\xfc'A~F\xc5\x81bM\x08\x0a\x8b\x0a\xa7\x14\
\x91B\xcdQ\x02\xaa_fm\xc2\x8a\x02\x96J\x0aL\
\x966\xedKbP\xad\x03{\x9f\xf4\xb8oT0\x98\
\x98\xcbd\x96*\xfb\x95\xc3\xf94\xe1xQ\xb5\x02\xd8\
F\x85\xbb\xa1\xca\xe0,U\xa60T7\x09\xf5~\xd6\
\x1d\x1b\x15N\x01\x8a\x83*$*\x9c\x12\xd7A\xd5\xbf\
\xd7\x8bh\xd7\xc2\xb6e*\x08\xce\xbe\xa4\x8b\xdc\xf2\xef\
\xc6c\x0cU~\x98,\xfaa\x910.\xd8\x08\xc2V\
+\xa0\x0e\xb7\xfb\xe7NK\x95i\xca\xc0\x9ci\xb3p\
\xfb\x96\xe0\x13\xfc\xd3\x84zwp5TN\x03\x8a\x83\
*4z\x08\x05\x8dr\xaa\xa5\xfak\x13\x82\xaa\xfb\xa1\
m\x8b\xba\xf2\xed3\x80\xf8\xe4\x8b\xdc\xf2\xef\xc6\xad\xc7\
\xcfR\xf1\xc1dQ\xa2o\xb9R\xc8\xbc\xca\xef\xa5\x88\
\xe5\xa9\x1dP\x87\xdb\xfds\x17T\xb3\xa7\xcc\x04\xf3Q\
a3\xb9aK\xdd\xa9@\xb1\xce\x06\x84F\x0d&@\
\xb43\xa1\xb2\x8b\xa4|\x85\x128\xa8\xd6\x09\xba\xc2*\
\x8c[\xea\xb6`b\xaa\xa9\xf6d\x054\xaf_\x15s\
W'\x08\xaa\x97A\xc5,\x95\xce\xc5\xdfT\xb3b\xfe\
\x04{\xf1+)\xb9\x18*\xa7\x03\xc5A\x15\x16=\x88\
P:L\xd5P\x1dM\xe1,\xd5\xf5\x9b\xfc\xfe\xe5\x0a\
\x13Tb0\xb1\xdb\xfc\x11}^\x87\xbf\xbe\x0c\x16\xfe\
{\x10\x13\x17\xf0?\xd9\xb7X*\xb6Q!\xe7j\x94\
#\xbb\x7f3'OG\xea\x85\x14I,=\xcc\xe4B\
\xa8\x5c\x02\x14\x07UH\xf4 B\xd4\x0d\xd5\xfe\x07P\
]+\xc4P\x89\xc1T\xb7\xaa\x81{\x9f\xc5n\xc2[\
\xd2\xc2u\x071q\xa1\x0d\xa8\x02\x99\xa5r>T3\
&M\xc3\xa5\x8b\xd2\x02\xc7Y\x11\xe7\x22\xa8\x5c\x06\x14\
\xeb``H\xd4@\x10\x0cW\xb3\xa5:p\x8cY\xaa\
u\xb8z#\x9b\xb7\x99\x9el\xa9\xc4`\x0a\xaa\xe1\x87\
\xdf\x7f\x08\xe3\xed\xf7\x82u\x07\xf1\x87M\xa8\xea\xe6-\
\xffd\x5c\xe2\x95c\xa9\xc4\xfc\xb0[\xa2\x85\xb0>\x0a\
&\x17@\xe5R\xa08\xa8B\xa3\x07\x00t\x84\xba\xa1\
J\xe5\x96\x7f\x85\x09*1\x98\x1a\xd4\xf6\xc7\xff\xbe\x0b\
\xb1\xb9\x94Z\xb0\xf6\x00\xfeX\xb4S\xf8\x9b*Py\
\xa8\x9a4\x7f\x86\xf3:\x9b~)M\xb0^\x06\x13\xf3\
l\xcb\x92\xad\x88\x89\x5c\x06'C\xe5r\xa08\xa8\xc2\
\xa2~\x04\xc5H5Cu\xf0x\x1eTW\xae{\xbe\
\xa5\x12\x83\xe9\xe9\xbaOb\xcc\xb7\x1d%}\x97\xfc\xbd\
\xf6\x00&\xd9\x80\xaaN`]n\xf7OIKe\xab\
a\xf9a\xb2\xe4\x13\x85\x0ad\xdb\xedr\xb9\xaf\x9d\x9d\
\x11!\xec\x90]\x926\xac3\xb9\x05(O\x81\xea\xd0\
\x89T\xee\x91\xe2\xe5\xeb\xfcg\x1d\x9e\xb0\xfc\xfbu\xee\
FL^(\xfc\x5c\xa8i\xd0S\xf8\xf9ky1u\
\xe7\xaf9\x80\xc9\x8b\x85-\x15\x83\x8a}S\x11\x9d\xf4\
\xe9%\xb6\xfc\xe3\x9b\xdf|0I\x85\x8a\x80\x8cO\x8c\
\x1b\xd2\xd7Nnl\xac*\x95\x96(C^PH\xf4\
\x0f\x94P.B!_R\xe2F\x85\x8c\xe6\xf0f=\
t\xe2\x12g\xa9\x0a>n\xb4dV+TI\xa7/\
a\xfc\x9c\x8d\xd8\x96 \x1c\x96\xf3\x85\xa7\xab#\xf2\x13\
\xe9.\xbf\xf2+H\x12T=\xbapO\xf9\xa5&9\
P\xd9\x82I*T\x14\xbaw\x93\xe3\x06\xf3\xfb\xc4\x96\
\xda\xe8\x02\xf9\xa4\xf7\xd6\xce\x0a\xc4\x8a\x05\x84F}O\
\x80Qj\x86\xea\xf0\xc9K\x9c\x8b2\xcb\xf3\xfb\x82m\
U\x13T)\xa6\xab`\x17]\xe7\xac\xd8#\xe8R\x8d\
\xb5\xbf}\xcb\x00|\xf7\xce\x8bb\xc3c\xf3\xf7yk\
\xf6#f\xf1.\xc1<u\x82\x1eX*\x85\xa1\x92\x02\
\x93D\xa8\xa6'\xc5\x85\x7f\xe8\x90\x12\xd4\x06\x14kO\
@Xt\x7fB\xe9\xcfj\x86\xea\xc8\xc94D\xc4\xac\
E\x96\xc0\xed\x01wB\xc5.\xf9\xee:t\x1a;\x0f\
\x9e\xc1\xda\x9d\xc9\x82m\xb4\xe8W\xccu\x80\x9c\x096\
o\xf5~\xc4,\xb1\x05U\x00\xb7\xfb'\xd5R\xc5\x8c\
\x9f\xc8\xf9\xff\x13Jr`\xb2\xc8\xf88r\x0ev\x1c\
8m-\x92`{Rl\xf8\xf3r\xfa+\x96\xd7\xed\
\x16\xca\xd2\xc0\x80\xb0\xc8\xfe\x84\x12uCu*\x8d\xb3\
TBWr\x5c\x09\xd5\xa5\xcck\x1c@\xbb\x0e\x9e\xc1\
\xceC\xa7\x05\x97\xa4\x05'\xc0\x8f\xef\xbf\x8c\xd7\x9b\xd7\
\x11\x9b\x17\xb2~\x9f\xbbz?\xa6(\x00\xd5\xe4q\x13\
q9KY\x98XG\x0e\x1c\xbd\x88\xb7\x07\xfc\xc9\xd7\
\xa7\xcc\xa4\xb8p\xbd\xac\xce\x8adV\x0dP\xac\x9d\x81\
!Q\xdf\x81`\xb4\x9a-U\x22\x83*f-2\xae\
\xf0\xdfss&T\xe7/]\xc6\xd6\x84\x93\xd8\x9ap\
\x0a;\x0f\x9e\xb6\xb9\xa4+\xa8Co/\x1dF\xf7\xed\
\x80\x86u\xfc\x95\x9c?\x0fe\xcd]\x95\x80)\xb1\xbb\
\x05e\xd7\x0d\x0a\xe0v\xff\x84,\xd5\xa4q\x13\x84\x9f\
\xb9\x03\x5cTz\xcb\xd6\xb8\xdc\x0e\xdc\xb8u\x07\xcdz\
\xf2N\xab\xc2\x0d\x14\x07Uht?\x80\xfe\xa2f\xa8\
\x92N\xa7#b2\x83\x8a?p\x98\x92P\xe5\x87\x88\
\xc1dO\xaaSE\x8fo\xdfi\x85\xda\x95\x15\xfdc\
l\xd5\x949\xab\x120U\x04*vM\xa9`\xfac\
\xec\xef\x82.\xc3X^G`b\xe5\x05\x8f\x0d\x0a\xf3\
\x92/\xbf\x92\x83\xc2\xa2\xbe\xa5\x14c\xd4\x0e\x15\xb3T\
\xa6\xcb\xce\x81j\xd3\xbe\x13X\xb86\x1e\x9b\xf6\x9e\xb0\
\x87!\xaeL\xa3\xbaO\xa2\xcdsu\xd1\xbaYm\xbb\
e\xc8-8ge\x02\xa6\xc6\xd9\xb0T\xf5\xd87\xd5\
\x7fP\xfd1\xe67A\xa7\x96N\x85)\xafc\x85s\
S\x82o\xd0<\x01\xaa\xe43\xe9\xdc7U\xba\x82P\
\x1d<~\x111\x8b\xb6\xd9\x0dR\xa9\x12E\xd1\xac~\
\x15\xbc\xd4\xa4\x06Z4\xac&\x97\x07E\xf2\xcf^\x99\
\x80i\x12\xa0\x9a\xf8\xcb\xaf\x82\xbe\xcc]\x00\x13\x8b\xe5\
\xf4~b\x5c\xf8\x0cE:\xfd@\x88\xaa\xbe\xa1\x0av\
,($\xfa\x1bJ\xe8X5[\xaa\xe43&\xee\x9b\
*=\x8b?\x1a\x9f\x9c\xe5_\xec\xfa\x03\x18\xf5\xe7:\
\xb05\xbf\x9cT\xb4\x88\x17\x07\x91\xe5\x9f\xf2eJ\xc8\
)\xee\x94\xbc\xb3W\xc6cZ\xdc\x1eA\xd9e\xca\x96\
\xc5\xf5k\xfc\x81\x01\x5c\x01\x13\x80\x19Iq\xe1\xef+\
\xddyU\x03\xc5:\x1b\x10\x1a\xd5\x97\x00\xe3\xd4\x0c\xd5\
\xd1\xb3&\xceR\xa59\x00\xd5\x84\xf9\x9b1\xf1\xef-\
\xb2\xc6\x97\x03(\xb8\x0a\x9a\xd7\xaf\x02C\x85'd\x95\
uE\xe6\xbfV\xc4c\xfaRa\xa8\x84\xda\xe0\xb4o\
\xa6\xff*<\x9b\x14\x17\xee\x14\xf3\xadz\xa0\xf2\xa0\x8a\
\xfe\x9a\x80\xfeO\xcdP\x1dcP\xc5\xac\xc5\xa5L\xf9\
\x96J*L\xe5K\x97@\xa3\x80J`w\xef\xd8?\
\x15}\xcb\xb8\x82\x0b\x87\xea\x90\x0b\x95\x0b`BR\x91\
\xc3\xdeX\xb8\x90?\x92\x84C\xbdUAHP\xa9\xed\
\x0f\x08\x8d\xfc\x9a\x80\xa8\x1b\xaas\x19\x9c\xa5\xba\x94\xc9\
\x1f\xe2\x92o\xf9'\x05&\xe6\xc5\xa9E\x83\xaa\x1cD\
\xc5\x8b)\x17\xe1P\xaa\xee\x1d\xcaG1\xb9}\xdf\xe9\
\x99\xb7\xb3\xef\x0e\x12\x93\xe3\x0a\x98r\xcd7\xcb\x1c[\
\xf63\xff_=\xb1\x06J\xf8\xdd#,\x94\xa5\x1f\x81\
!Q_\x81`\xbc\x9a-\xd5q\x06U\xccZ\xa4f\
\x88C%\x06\x13;3z\xab\xcd\xd3`\x17X=.\
\x11\x92\x08\xd0\x91F\xbd~\x0ek\xbb\x98',W\xc0\
\xa43{\xf9\x1dY6(\xdd\x99\xba\xf4(\xa0\x98\x22\
\x02C\xa3\xbf\x04\xe8\xafj\x86\x8a\x05\x85c\xe7T\xa9\
\x05B\x7fZ\xda\xcc,U\x93\xa0*`Q0\x84\xd2\
{\x1d\x9a\xa2W\x87&\xce\x1c{\xe7\xc9\xa6\x18S\xbc\
x\xd1\x11e\xcb\x96}\xc4!y`X\xd4pP\x0c\
T\xfa\xdbI\xecy\x0a\xab/7\x97T?\xb6|\xc8\
\x19\xe7u:O\xb2\xc7\x01\xc5\xfd\xb5\x0b\x8d\xfa\x82\x02\
\xbf\xa9\x1d*f\xa9RL\xc2;YB\xed\xff0\xf4\
Y\xf4l\xf7\xb4\xb3\xc7^y\xf9\x04\xebi.\x19\xe9\
\xe7\xe7\xbb^Hx@h\xf4F\x02*x+W\xae\
\xa5\x92\x02\x13\xbcP/iqx\xa2\xf2\x1d\xb6\x96\xe8\
\x91@y\x0aT'/dr\xdfT\x17e@\xc5\xa2\
\x880\x1f\xed\x9e\x94\x08A*\x05\xc6\x1a\xf5z\xc1\xc3\
\xf8\xfc\xfd\x11\xf3\x84%\x15*)0\x11\x98\x9fM\x8c\
\x8b\x90\xbf\xd5h\xe7\x00x,Py\xeb\xf2\xc8\xcf)\
%\xbf\xab\xd9R\x9d\xba\x98\xc5-\xff.\xdap\x1ci\
i\xff\xe7\xddZ\xa0\xcb\xab\xc1v\x0e\xa5\xeb\x8b1\x90\
r\xcd\xe6)\xde:\xddd\xbd^\x7fIN\x0b\x02B\
\xa2>#\x04\x13\xec]\xfeI\x81\xc9\x0c\xf3KG\xe3\
\x226\xc9i\x97\xa3y=\x1a(\xd6y\xb1\x81Q\xc3\
#E\x06\x15\xb3T\xb6\xbc\xb1\xf6l\xdf\x18\x1f\x86<\
\xe3\xe8x\xba\xa4\xbc# \xe5o`P\xd8\xb0^\x94\
\x9a\x05o*\x08Y*)0QJ\xda'/\x1d\x22\
\x1c\xfb\xd4I\x9a\xf2x\xa08\xa8B\xa3?%\xa0\x13\
\xd5l\xa9N\xa7\xe4A%\xe47\x5c0\xc2\xb9\x93\x06\
\xde\x1e\xb1J\x81\x94\xbf\xee\xc0\xb0a]A\xcds\x01\
\xf0\x86JdP\x0d\xfa\xb8\x0d|\xca\x95\xe2\x8aI\x81\
\x89P\xd25q\xe9\x90E\xf6\xf4\xd1\xd12\x85\x02\xa8\
<\xa8\x22?% \xaa\x86\xeaL\xcaen\xf9w>\
M<\x18\xb3\xa3\x03\xably\xb2\x16\x94.1\x9bs\
\x96T\xacX1CY\xd9@\xdd\xb0\x887tT7\
\x1b@Y>\xd9u\xaa\x1aQ\xe6\x89\xe2\xdcO{\x8f\
\x9c\xb3]=\xa1\xdd\x92b\x87.T\xba\x8dR\xe5\x15\
\x1a\xa0X\x87\x03\xc3\xa2>\x01\xc5\x1fj\xb6TgR\
/s\x96\xea\xdc%\xd5Cu\x02\xa0K\xbct\xba\xc5\
\xbe\xbe\xbe{\xa5N({\xf3\x05\x85E\xbcL\xa9\x8e\
\xf9w\xb0\xff\xc1\x96\x9bab}/T@qP\x85\
D\xf7\x01\xa1\x93\xd4\x0c\xd5Y\x06U\xccZ\x9cMU\
\x1bT\xe40\x01\xdd\x0d\xe8\xd6\xe9\xf5\x15\x96\x10B\xf8\
#}\xdbK\x8dH\xb9\x80\x0eC\x9b\x11//\x06U\
M\xd9U\xa8\x00\xa6B\x09T\x1eT\x91}@\x88j\
\xa1\xfas\xd9^\xcc\xfa\xc7\xc6\xa1n\xc7\xa6\xe8\xf5\x86\
\x0b\x0eu)=\x05\x1dY\x0fB\xb6\x12\xb3y\xb7\xc1\
`\xb0\xff\xf1\x95l\x02\xf8\x0b\xd4\xeb84\xd8\xac\xf3\
\x9e\x00P\xa9\xbe\x1e\xce\x82\xd0\xef\xdd\xb9\xcc\xcb\xdf\x93\
Bg\xa1,\x9d\x0b\x0a\x8d\xeaM\x81\xc9j\xb3T\xec\
I\x03{\xda \x94>\x08y\x06\xef\xb4o\xac\xd0\xf4\
|d\xa8\xcfR\xd0\xc3:\x90Cf\xb3\xf9\xb0\xd9\x9c\
\xb3\xcb\xdf\xdf_\xe4\x83\xc4\x09\xcd\x90 \xb2\xea{\x11\
\xc5K]\xf5\xfa\x89\x82~-\x92}\x86\x19\xe6\xc8\xa3\
q\x11g%\x88uI\x96B\x0b\x14\xd3^PX\xf4\
\xc7\x94\xd2\x18\xb5@5%v\x17\xe6\xae\xda/8\xb0\
\x94\x90\xc1\x1b\xff\xf8\xf8\x7f\xb9^^\x95\xbc\x08y\x92\
\x00OR\xb3\xb9\x92\x0e\xba\xd2\x00-A)J\x10B\
\x8a\xb3\xff\x0f\x80\xfbw&\x8c\x12d\xeb\x08n\x83\x92\
lJ(su\x9bM\xd8\xff\xa7H\x01t\x87\xae{\
\xd3\xc3\xb5||\xf8/\x17\xbad\x9a\xd9WI@\xe8\
\xb0w\x08h\x07\x806\x07P\xe9\x81\x14\x06\xcf\x0e\x02\
\xacS\xfaq\xa0}\xad|\xb4T\xa1\x06\x8a\x83*$\
\xea#J0\xc5\xddP1O\xab\xcc9\xa4p\x22\x03\
\x93\xe2\x86\x08\xba\xa7Vb\xb0=YFP\xc7\x915\
shN\xae+\xee\xe39\xa2\xa7B\x0f\x14SN@\
H\xd4G\xc4\x8dP\xb1\xa8\x15,z\x85\xb0i\xc2\x80\
\xa4\xa5\xe1\x82\x1et\x1d\x19`\xad\xack5\xf0X\x00\
\xc5A\x15\x1a\xf9!\x01\x99\xeajK5a\xc1v,\
\xfa\xf7\x90\x0d\x96\xf0Cr\x5c\xb8\xa0?B\xd7N\x07\
\xad6G5\xf0\xd8\x00\xc5\x14\x15\x18\x16\xf5\x01(\xa6\
\xb9\x0a\xaa\xdf\xe6o\xc3\x92\x0d\x87mY\xa6\xfeIK\
\xc3\x05]\xa69:\xb8Zy\xd7k\xe0\xb1\x02*\x0f\
\xaa\xe8\xf7A\xe9tgC5~\xdeV\xc4m<\x22\
8\xa2\x84\xa0_bl\xb8\xa0\x03\x1a\xd7O\x05\xadF\
%4\xf0\xd8\x01\xc5A\x15\x12\xf9>\x08q\x1aT\xe3\
\xe6l\xc1\xb2\xcd\xc2\xcfo\x08\xa5\xdf&.\x1d*\xe8\
xF\x89\x81\xd5d\xb8G\x03\x8f%PL\xd5A\xa1\
Q\xefQ\x80\xd7\xe15\xfb\xdd\xde[\xeacfo\xc6\
?[\x84\xc3RR\x90\xbe\xc9qC\x04\x9f\xf1\xbbg\
\x1ah\xb5*\xa5\x81\xc7\x16(\x0e*\x91\xe7\x03r\xa1\
\xfae\xd6&\xac\xd8\x96lcl\xc8WIqC\x04\
_\x1a+5\xa8\x9a\x1c\xf7i\xe0\xb1\x06*\x0f\xaa\xa8\
w)\xc5LG\xbf\xa9~\x9e\xb9\x11\xab\xb6\x1f\x15\xfe\
f\x02\xbeL\x8c\x0b\x17|\x0c\xe9\xbe)\xa0\xd5\xac\xa4\
\x06\x1e{\xa0\x982\x03B\xa2\xde%\xc4~\xa8~\xfa\
s\x03\xd6\xec<&8.\x94\xe2\xf3\xe4\xa5\xe1\x82O\
K\x94\x1cPM\x96{5\xa0\x01\xf5@\xff\x01\xa1\x91\
\xef\x10\x90Yr-\xd5\x88\xe9\xeb\xb1n\xd7q\xe1Q\
$\xf84)6\x5c\xf0\xa2\xae{\x87_\xab]i\x0d\
h@\xe5\xd3h`hTO\x00\x821W\x0b~S\
\x0d\x9b\xfa/\xd6\xef\xb1qA\x9b\xd2O\x92\x96\x0e\x15\
\xbc\xa0\xab\xf4`j\xf2\xdc\xaf\x01\x0d\xa8\x02c \x15\
\xaa\xa8)\xeb\xb0q\xafp\xbc&Bh\xef\xc4\xd8\xa1\
\x82w\x08\xdd?\xf4Z\x0b\x9c\xa1\x01\x0d(\x1e\xad\x06\
v\x8c|\x1b:\xc2\x9ed\xf3&f\xa96\xc5\x0bG\
W\xa7 \x1f%\xc7\x0d\x11\xbc\x91\xe1\x8c\x81\xd4d\xaa\
C\x03\x1aP\x02\xe3\x10\x14\x12\xf5\x16%\xe0\xdc\x08\xcb\
J\x84|\x90\x14;D\xf0|K\x96,-\xb3\xc7i\
@\x03\xca\xc6\x90\x05\x85\x0e\xebA\xc1y\xe4\x91\x94\x9c\
\x11\xc0KR\xc5Z&\xd5h@\x03Jd(\x82B\
#{P\x10Q\xa8(E\xaf\xe4\xa5\xe1\x82\xbb\x84\xaa\
\x19q\xad!N\xd5\x80\x06\x94\x04\xf5\x06\x84Eu'\
\x14\xf3ld}').\x5c\xf0\x9bKB\x15Z\x96\
B\xa2\x01\x0d(\x89\x03\x19\x10\x12\xf9&!d~\xc1\
\xec\x84\xe2\xed\xc4\xa5\xe1\xa2\x16Lb5Z6\x0f\xd7\
\x80\x06\x94\x8c\x01\x0c\x0c\x8d\xea\x06\xe0oK\x11\x02\xfa\
Vb\xdcP[\x96K\x86t-ka\xd0\x80\x06\x94\
\xccQ\xb4@E)\xed\x9e\xbct\xe8C\xb8d\x8a\xd1\
\xb2\x17R\x0dh@\xd91\xb0\x81a\x91]\xd5\xe2\x07\
\xce\x8e\xe6kE\x9c\xa8\x01\x0d('*W\x13\xfd\xf8\
i@\x03\xea\xf1\x1bs\xad\xc7N\xd4\x80\x06\x94\x13\x95\
\xab\x89~\xfc4\xa0\x01\xf5\xf8\x8d\xb9\xd6c'j@\
\x03\xca\x89\xca\xd5D?~\x1a\xd0\x80z\xfc\xc6\x5c\xeb\
\xb1\x135\xa0\x01\xe5D\xe5j\xa2\x1f?\x0dh@=\
~c\xae\xf5\xd8\x89\x1a\xf8?\xd3;\x80\x13\xcc\xe2V\
\xf4\x00\x00\x00\x00IEND\xaeB`\x82\
\x00\x00&M\
\x89\
PNG\x0d\x0a\x1a\x0a\x00\x00\x00\x0dIHDR\x00\
\x00\x00\xc8\x00\x00\x00\xc8\x08\x06\x00\x00\x00\xadX\xae\x9e\
\x00\x00 \x00IDATx^\xed}{\x98\x1cU\
\xb5\xefoU\xf7dBr\x0e\xa4\xab#\x5c\xb9\xa0&\
\xe9\x9a\xe1\x04y\x88\xc1\x17\xcfDAE\xf1\x80\x8a\xef\
\xef\xa8\x87G\xd2\xd5I<\xe1a\x10A2W\x0dF\
<\xa2I\xba&\xe1q@?=\x0aQ\x8f\x0aD\x05\
Lx\x88\xf7  \x22\xc2a\xba:\x09\x0a\x1f^0\
]\x1d\x90\xc0Lf\xba\xd6\xfdv\xcf\x04\x92\xd0]\xb5\
\xab\xba\xaa\xbaz\xba\xea\xaf\xf9\xbe^{\xed\xb5~\xbb\
~\xb3\xabj\xaf\x07!\xb9\x12\x04\x12\x04\x9a\x22@\x09\
6\x09\x02\x09\x02\xcd\x11H\x08\x92\xdc\x1d\x09\x02\x0e\x08\
$\x04In\x8f\x04\x81\x84 \xc9=\x90 \xe0\x0f\x81\
d\x07\xf1\x87[2\xaaK\x10H\x08\xd2%\x0b\x9d\xb8\
\xe9\x0f\x81\x84 \xfepKFu\x09\x02\x09A\xbad\
\xa1\x137\xfd!\x90\x10\xc4\x1fn\xc9\xa8.A !\
H\x97,t\xe2\xa6?\x04\x12\x82\xf8\xc3-\x19\xd5%\
\x08$\x04\xe9\x92\x85N\xdc\xf4\x87@B\x10\x7f\xb8%\
\xa3\xba\x04\x81\x84 ]\xb2\xd0\x89\x9b\xfe\x10H\x08\xe2\
\x0f\xb7dT\x97 \x90\x10$\xe2\x85\xce\xad6{+\
\xbd\xca\xd4)6\xf7\xeeRhj\x9a\xd1;6\x8a\xa9\
\xa9\x1e\xf4\xd6j\x98*\xccI\xa50\x5c\x1b\xc5H\xba\
\x07\xc3c\x84\x91)6\x0f\xefRh$;b\x0f\x97\
\x97j#\x11\x9b\xdc\xd5\xd3%\x04\x09a\xf9\x0f\xbcf\
\xebA\xbbF\xc6\xfa\x15\x85\xfa\x00\xee'P?c\xfc\
\xef`\xa6\xa3!\x02\x97\x18<\x04\xd0\x90msiJ\
oz\xe8\xd9sg?\x13\x8c\xfeD\xcbn\x04\x12\x82\
\x04p/\xccX[:1\xa5\xd0i\x0c\xcc\x07 H\
p@\x00j\xfd\xa8x\x0e\xc0\x10\x01\x9bk6o\xdc\
\xb1\xb8\xefn?J\x921\xaf \x90\x10\xc4\xc7\xdd\x90\
-\x96\xfe\x89I9\x01\xcc\xef\x04\xf1i\x00\xfd\x83\x0f\
5\x11\x0c\xe1\x17\xc0\xb4\x11D\xbf&\xb6\xef\xa9\x14\xfa\
\xfe'\x82I'\xd5\x14\x09A$\x97S-\x9a\xa7\x82\
\xf0^\x00'\x00x\xb3\xe4\xb0\xb8\x89=\x08\xe0\x1e0\
~a\x15\xb4\xdb\xe2f\x5c\x1c\xedI\x08\xe2\xb0*\xaa\
a\xbe\x8d\x81\xd3\x89q:\x08G\xc4q\x01}\xdb\xc4\
x\x84\x097\x13p\xb3\xa5k\xff\xed[\xcf$\x1f\x98\
\x10d\x9f\x05V\xd7\x99s\xd9\xc6\xe9\x04\x9c\x0e\xe0\xb8\
I\xbe\xfe\xbb\xdd\xbb\x97\x81\x9bI\xc1\xcd\xd6\x22\xed\xb1\
.\xf1Y\xca\xcd\x84 \x130e\x8d\xa13\x00\xe5l\
\x06\xde/\x85\xdc$\x15\x22\xe0\x16\xc0\xbe\xae\xa2\xf7\xff\
t\x92\xba\xe8\xc9\xad\xae'\x88Z,\x7f\x14\xe0\xb3A\
8\xc5\x13r\x93]\x98q;@\xd7Y\x85\xdc\x8d\x93\
\xddU'\xff\xba\x96 \xd9b\xf9_X\xe1\xb3\xc18\
1\xcc\x1b\x80\x09\xbf'\xa0\x0c\x1bO\x92B\x7f\x01j\
O\x12\xa7\xfe\x92\x22<92\xc6s\x95\x146;\xcd\
o\xd70\xbf7M\x8f\xd5\x18\x872\xd5^\x07\xa4\x0e\
e\x9b_\x07\x05\x872\x90#\xc61a\xda\x0f\xc2\xdd\
d\xd3u\x95B\xee\xbb\xa1\xce\x13S\xe5]G\x10\xb5\
X>\x17\xc4g\x03xk\xf0kBO\x00\xb8\x0f\xe0\
\xdf\xd96?\xf0\x0f\xbb\xf6\xbb\xff\xa9\xf3\x0f}\xa9\xd9\
<3\xd6\x98'\xcb\x10d\xc7\x12\xed\xcef:\x0e\xf9\
\xe6\x93\xfb\xbd0\xe5\xa5c\x15\x85\xe6\x01\xf4\x96q\xbf\
\xf8\x0d\xc1\xfb\x86\xfb\xc0\xf5\x1d\xe5\x9a\x10t\xc7Ve\
\xd7\x10$3X>\x8e\x80K\xc0\xe2\xdc\x22\xb0\xab\x02\
\xc6fV\xb0\x09\xa0{\xaa\xf9\xdc\x9f\xbch\x0e\x82 \
\x8d\xe6\xcb\x0c\x96\xdf\x08\xf0\x09dc\x01\xa8~x\x99\
\xf5b\x97\xa3,\xd1F\x06VV\xf3\xb9{\x03\xd3\x19\
cE\x93\x9e \xe2?\xec\x8bSG.\x01\xf8\x12\x00\
J\x00k\xf1(\x837)P6\xf1\x18o\xb2\x96j\
\xcf\xfb\xd5\x19\x16A\xf6\xb4G]m\xeeOiZ`\
\xc3^@\xa0\x05\x00\x0e\xf7k\xef\x1e\xe3l\x80VN\
\x1b\xee]\xe9\xb4C\x060O\xdbULj\x82d\x07\
\x87\xced[\xb9\x04\x84y\xad!]\x7ft\xda\x00\xf0\
O\x82<3\x88\x82 \xfb\xfa-\xcev\x00\xfa \x80\
\xb3Z~\x14c<@\x8a\xbd\xb2\x92\xef\xff\xaf\xd6\xf0\
\x8d\xef\xe8II\x90\x19k\x1f{\xbd\xa2\xa4/\x01\xe8\
\xbc\x96\xa0g\xdeH\xc0\x86\xf4\x8b/mx\xe6\xa2\xa3\
v\xb6\xa4\xab\xc1\xe0v\x10d\xb7\x19\x07]\xf9\xf0\xf4\
\xb1i\xfb\x9d\xc5\x82(D->v\xf2\xd5\xb6=\xb6\
r\xc7\xe2\xb9\x7f\x0e\x1a\xa3v\xeb\x9bt\x04Q\xd7\x99\
\x1f\x86\x8dU\x00f\xfb\x04\xf7i\x80\xbeOL\x1b*\
\x859\xf7\xfb\xd4!5\xac\x9d\x04\xd9\xd3\xc0lq\xcb\
\xb1L,v\x94O\x028X\xca\xf8W\x0bm\x85\x82\
\xe5\xd6\x22\xedG>\xc7\xc7r\xd8\xa4\x22H\xb6h^\
\xc1\x84\x8b}\x22\xfd4\xd8\xbeFI\xf7\xae\xdf\xbe\xf0\
\x0d\x7f\xf5\xa9\xc3\xd3\xb0\xb8\x10d\xb7\xd13\xd7?\xf1\
Z{ld!H9\xd7/Q\x88\xf1\xb5JA\xfb\
\x82' b,<)\x082\xe3\xeamG+cc\
b\xd78\xd5\x07\xd6\x91\x13c\xb7\x8dq#H\x80D\
\xb9\xcdN\xa7\x97\xef8o\xd6\x1f|\xacG\xac\x86t\
<A\xd4\xa2)N\xc1\xbf\x06`\xa6Gd+`{\
m\x94;\xc6\xbe\xf6\xc5\x95 \x0d\x88\xb2\xd8\xc7\xa7\xe2\
\xed`\x5cl\x15\xb4\xeb<\xaeK\xac\xc4;\x97 +\
\x1e\x9d\x92=h\xcaU\xcc\xd0=#Jt\x03)\xa9\
U\x95\x85\xb3\x1e\xf7<6\xc0\x01q'\xc8nW\xb3\
\xeb\xb7\x1d\xc6vm9\x98?\xe3\xd5}\x22\x18\x95g\
v-\xc3\x8a\xc3wy\x1d\x1b\x07\xf9\x8e$\x88\xba\xda\
<\x04i\xba\x1e\xe0wy\x03\x91\xef\x07a\x95\x95\xef\
\xfb\xb1\xb7q\xe1Hw\x0aAv{\xaf\x0e\x96>\x04\
\xc6r\x80\x8e\xf5\x86\x08\xdd\x811\xfe\xac\xb5T{\xca\
\xdb\xb8\xf6Kw\x1cAf\xae5\x8f\xb1\x15\xfa\x01\xc0\
}\x1e\xe0\xdb\x09\xa2UVvd\x15>\x12\x9f\xffd\
\x9dF\x90:\xde7=:E\xad\xf4\x8a\xddd9\x80\
\xe9\xf2k@%\xc5\xe6\x8fo_\xac\xfd^~L\xfb\
%;\x8a j\xb1\xfc\x1e(\xf8/0\xd7\xab\x7f\xc8\
\x5c\x04\xdcU#,\xdb\x91\xd7\x1e\x92\x91\x8fZ&S\
4\x9f%\xc2k\x9a\xcc[\xb2t-\xa0B\x0f\xc1z\
6c\xd0|S\x8aq\x15\x03'Ik&\x1a\x86\x8d\
3\xadB\xee\x97\xd2c\xda,\xd81\x04\xa9G\xdf\x12\
\x7f\xc7\x1b^|}\xcf\xce\x97\x96\x84q\xc8\xe7\xcd\x8e\
\xe6\xd2\xaaQZ\xdf\xf4@\x93\xed\x01\xab\xd0\xbf\x22\xa8\
\xb9\x82\xd6#\x0e\x1bG\xa7\xef\xb7\x06\xa0\xcfz\xd1M\
L\x9f\xee\x94\xe8\xe0\x8e \x88Z,_\x08\xe2+=\
.\xc2\xa5\x95B\xee\xab^\xc6\xb4Cv\xffk\x9fT\
{v\x0d\xdf R{\xf7\x9c\x9f\x81;S\xa9\x9eO\
Du&\xd3\x8a\xef\xd9b\xf9\x8bL\xfc\x15O:\x98\
.\xb2\x0a\xb9ox\x1a\xd3\x06\xe1\xd8\x13$clY\
D\xb0\x07\xe5\xb1\xe1\x0a3\x96T\x0b}?\x90\x1f\xd3\
~\xc9\xcc\xba-\xa7\x91m\x9f\x09\xa24\x83\xef\xa8\xe6\
\xb5\xef\xb7\xdf*y\x0b2\xc5\xd2\xc7\x89 v\x13\xe9\
\xc8a\x86\x92\xaf\xeas\xd6\xc9\xcf\x12\xbdd\xac\x09\x22\
\xeaM)\x0a\xdd%\x0d\x0b\xe3\x11R\xecs*\xf9\xfe\
\xdfI\x8fI\x04\x03C ;8\xf4\x16\xb6\x95k\xbd\
\x14\xb8\xb0m>)\xce\xf5\xbbbK\x90\x19\xeb\xb6\x1e\
\xa5\xd85/'\xb1\xbfK)\xca\xa7\xfe\xb6h\x8e\x19\
\xd8\x8a'\x8a<#\xf0\x9au[\xb4\x9am\x7f\x0f\x80\
H\xde\x92\xbal%u\xf4\x8eE\xb3\x1f\x96\x12\x8eX\
(\x96\x049`\xcd\xe3\xb3R\xa9\xd4\x1f\x01H\x15d\
\x13_\xaa*\xbavr\xc4\xd8%\xd39 \x905\xcc\
;=|\xe1z\xa1V\xab\x1d\xf9\xdc\x92\xc3\xb6\xc5\x0d\
\xd4\xd8\x11D\xbc\xb4\xa6w\x0d\xdf\x0c\xe0\x1d\x92`\xfd\
\xca\xd2\xb5\xf7H\xca&b\x11\x22\xa0\x1a\xa6\xf8\x9c\xfb\
n\xc9)\x7f;6e\xea\xe9\xcf\x9fs\xa8%)\x1f\
\x89X\xbc\x08\xb2bs:{\xe0!?\xd9\xf7\x8bN\
3$\x18(VuM\xc4\x09%WL\x11\xc8\x18\xe6\
Z\x02\x0a2\xe6\x89\x22v\x95g\x9f\xfa V\xcc\x1f\
\x93\x91\x8fB&V\x04\xc9\x0e\x9aE\xd9\xd8*\x06\xae\
\xa8\xea\x9aH\xa3M\xae\x98#\x901\xcc\x95\x04H\x85\
\xc0\xd7c\xb7\xf2\x9a\x14\xa1\xa2p;6\x04\x99\x88\xca\
\xbdV\xc6i&\xac\xad\xe6\xb5%2\xb2\x89L<\x10\
\xc8\x0c\x9ak\x88!\xb7\xdb3\xce\x89K\x14p,\x08\
2\x91\xcfq\xbb\x5c\xc8:}\xc7\xd2s\x9e\xa3J\xe3\
q\x9bt\xb7\x15\xaaQ\xbe\x01\xe0OK\xa0\xb0\xddN\
\xa7O\x89C>I,\x08\xa2\x1a\xe6\xafd\x92\x9d\x18\
\xf8yU\xd7\xfeY\x02\xe0D$\xa6\x08d\x0c\xf3g\
\x04|@\xc2\xbc\xdb,]\x93}\xc1\x97P\xe7O\xa4\
\xed\x04\xf1\x90&\xfb\xa022z\xfa\xf6es#I\
\x87\xf5\x07g2\xca\x0d\x81\x99W=\xf6Z\xbb\xb7G\
|\xa5tm!\x11\x87\xf4\xdd\xb6\x12d\xa2\xc0\xc2\x06\
7P\x01\xae\x10\xf1i\xc9\x09\xb9;R\x9d Q?\
q\x17\x8d}d\xc2R\x14\x9c\xd5\xceB\x10m#\xc8\
xi\x9e\x9eM2\xd5G\x98\xf9\x13\x9d\x16[\xd5\x09\
7j;m\x1c\x8f\xdd\xa2\xff\x94\xb0a\xabm\x8f.\
hWI\xa1\xb6\x11\xc41\xcc{\x0f\xd4\x88\xa9#\xa2\
r%\x16:\x11\xd9\x07\x01\xf9(`\xbe\xda\xd2\xfb\x16\
\xb6\x03\xc0\xb6\x10\xa4^\xf1\x90\x95\x9f\xb8;\xcc\xd7[\
z\xdf\xbf\xba\xcb%\x12\x9d\x8a\x80j\x94\xfeC&\x9f\
\x84\xc8\xfe`;*8FN\x90z\xad\xdc\xde\xe1\xbb\
\xdd\xca\x81\x8a\xf8\xaa\xf4\xce\x17\xdf\x17\xe7d\xa7N\xbd\
)\xe3dw\xbd\xc2\xe3\xf4i\xb7\xba\xc6m1\x1e\x98\
62\xf5\xc4\xa8k\x01GN\x10\xd5(\x7f\x19\xe0K\
]\x16i\xa7M8!\xaei\xb2q\xba\xc1&\x83-\
\x22}Wa\xdc\xe3\x9e\xe3N_\xb1\xf4\xdceQ\xfa\
\x1c)A\xea-\x08\x98E\xefn\xe7*\xebD_\xb2\
\xf2\xb9/G\x09D2W{\x11P\x07\xcb\x97\x81\xf9\
\xff\xb8Xa3\xd1\x89Q\xb6^\x88\x94 \xea`\xf9\
V\xf7\xfe\x1c|\xbf5s\xf4\xf88U\x1fi\xef\xad\
\xd3\xde\xd9U\xc3<\x8b\x19'\x13\xec\xbf\x85\x9a\x1f/\
\xaa\xa5l\xef\xf9\x8dkI!\xa2\x8dV>\xf7\xbe\xa8\
P\x89\x8c \x13\x9d\x9d\xaevu\x8c\xf8\xc3q\xa9[\
\xe5j\xeb$\x16\x98Q\xdcv4al\x05\x11\xf6\x8a\
\x5c\xb0t-\xb4{f\xbc\xee\x16\xb9\x17\xbff:/\
\xaaNW\xa19\xbb\xef\xbd\xa3\x1a\xa6\xe8\xc5\xed\xdc\xf6\
\x8c\xe8\x06+\x9f\xf3T!c\x12\xdf\xa3msM-\
\x9a\xcb@\xb8\x1c\xc0\x01\x0d\x8cXf\xe9\xda\xb7\xc22\
N\x1d,_/Q\xc1\xf1>K\xd7\xde\x16\x96\x0d{\
\xea\x8d\x84 \x92%{*\x94J\x1f\xdf\xeer\xa0Q\
\x80\x1e\xd79\xc4\xcb21V8\xc5J1\xc3\xa8\x16\
\xc2\x0bG\xaf\x979\xad\x8d\xfd\xc6\xad\x16pT\xa5\x83\
\x22!\x88:h\xde\xe5\xdaM6\xe65\xa0\xe2zS\
\x07e\x97j\x98\xe7\x03\xf5]c\x7f\x17\x9d\x1f\xb1t\
M\x22<\xc8\xbfejqh\x05H\x11\xb64\xbf\x08\
w[yM\xbeh\x9dOsB'H\xbd\x0f9\xf1\
\x0f]\xec{ZI\xf5\xcc\xeb\x84\x1aP>q\x8e\xed\
\xb0\x99\xeb\xcdc\xb8\x86\x152Y\x9c\xcc\xf8Y\xb5\xa0\
\x9d\x11\xb63\xf5>%\xb5\xd1\x07\x5c{\x940},\
\xec>\xee\x11\x10\xc4\xbc\x0d\x84S\x1cAMv\x8f\xb0\
\xef\xb9\x86\xfa\xd5\xe2\xd0\x05\x13\xff\xa9\xffQ\xc2\x80\xe7\
lN\x9f\xbc\xa3\x10M\xcf\x0f\xa9]\x84q\xbbU\xd0\
\xfc\xf4\x84\x91pw\x5c$T\x82d\x8d\xa13\x18\x8a\
[\x83\xc7d\xf7\x90^\xae`\x04g\xaey|\x1e\xa7\
R\x973\xf0~i\x8d\x8c\xf3\xad\x82v\x95\xb4|\x8b\
\x82\xb2\xbb\x08\xc1>\xb3\xa2\xf7\xff\xb4\xc5\xe9\x9a\x0e\x0f\
\x99 \xe6\xcd\xae\x8b\x90\xec\x1ea\xadm\x93]\xa3t\
!\x88\xc4\xf3\xbdTI%\xa1\xa4]\x89j2\xbb\x08\
\x01\xb7Ttm\xaf\xb2\xadA\x02\x1a\x1aA\xd4u\xe6\
\x5c\xd8x4y\xf7\x08r\xb9\xfc\xeb\xca\x16\x87\x8e\xe5\
:1\xc8\xeb!\xdb\xf36\xe1\xe4v\x84\xfd\xc8\xee\x22\
Pp\xb8\xb5H{\xcc?:N\xdf\x02\xc2\xd0\x0a \
c\x98\xcb\x09\xf5\xd6h\x0e\x17]i\xe9\xb9\xcf\x87d\
B\xa2v\x02\x81\x8cQ\xba\x88\x98.\x07y\xe9\xe7\xf1\
2|\x17X\xba\xf6\xcdv\x81\xa9\x1a\xe5\xaf\x03|\x91\
\xd3\xfc\x0c\x5c\x5c\xd55\xd1\xa32\xf0+\xbc\x1d\xc40\
\xc5\xb7\xec\xe3\x1c\xe9\xc1\xca[\xc2n\xb5\x1c8b\x1d\
\xa4p\xbcV\xae \x86\xbf>\xe8\xf5:U\xba&\x93\
?\x1e\x1a*\xe3-\xaam\xb7Z\xcb\xf7Z\xbav|\
\x18F\x84B\x10\xd50\xc5)\xe7\xffu4\x98y\xa3\
U\xe8\xf3\xba\xdd\x87\x81\xc1\xa4\xd4\x99)\x96>O\xe3\
\xef\x1a\xd3|:\xf8w%\x85\x93\xb7/l\x7fG(\
\xb5X\xbaU\x82\xe4o\xb7tMDk\x04z\x85B\
\x90\x8ca~\x95\x00\xc7\xa2n\xc4\xfc\xd9J\xa1\xef\x86\
@\xbdI\x94!\xbb\xb6\xf4VV\xea\xc4xoKp\
\xb0}\xa1U\xe8\xff\xf7\x96t\x0448[,}\x86\
I\xf4\xa4l~1\xb0\xb2\xaak_\x0ch\xca\x97\xd5\
\x84B\x10\xb5h\xfe\xd1\xb9\x04>=\xd1\xb3s\xe7\x1b\
\x93d\xa8`\x97s\xe2\xbdO\x90c\xbfV4\x87\xfd\
e\xc8\xabm\xe3\x9d\xac\xa6\xff\x09\xe074\x1d\xcbx\
\xc4*hGz\xd5\xed&\x1f8A\xd4\xa2y*\x08\
\xa2\xce\x95\xc3\x95\xbc\x9c\xbb-\x8c\x97\xdf'\x1ei\x05\
1\x82(\xe2\xfd\x82R\xab\xcd\xdf\xbe\xe40q\x92\x1d\
\x9bK\xe6e\x1d\x8cw[\x05\xed\xb6 \x8d\x0e\x9e \
\x83\xa5o\x81\xe9s.F\x86\xf2\xbc\x18$0\x9d\xa2\
+3h^L\x5c\x8f\xa1\x92nl\xea\xe8\x1b\xf3E\
V\xa1/v\xad\xd1\xa4\xdek\x89\xbfm\xe5\xfb\xfe-\
\xc8\xb5\x0b\x81 \xe6\x1f\xc08\xca\xc1\xc8G-]{\
c\x90Nt\xa3.u\xad\xf9v(ub\x04X}\
\x90o\xb5\xf4>\xf9\xd3\xf5\x88\x81W\x0d\xf3O\x00\x0e\
o:-\xe1a+\xaf\x1d\x1d\xa4Y\x81\x12$cl\
=\x92Ps\xec\x14\xc4\xe05U\xbdoi\x90Nt\
\x9b\xae\xaca\x8aJ\xe9\x22T\xa470\xdf\x19;\x09\
\xf6\xfcJ\xa1\xff\xfe\xc0t\x06\xac(c\x94V\x13\xc8\
\xb1h9#uTU\x9f-\x9a/\x05r\x05J\x10\
u\xb0|\x01\x98\x1d\xb7g\x02\x9dY\xd1s\xa1\xc5\xce\
\x04\x82JL\x95\xa8\xc5\xf2;@,v\x8d\xc0\x03\xf4\
\x18\xfc\xf9\xaa\xde\xe7\xa9\x93p\xd40e\x8d\xf2\x19\x0c\
v\x8e\xed#\xba\xd0\xca\xe7\x02\xfb\xfa\x16,A\x8c\xd2\
-.\xa1\x0c\x15\x8ca\xb6\xb5T{>jp;}\
\xbe\xaca^\xc2\x22\xcb\x8f1%p_:\xe4LJ\
]m\xee\x8f4\xb6:'S\x05\xfb\x98\x180A\xcc\
\x17\x1cK\xb70~d\x15\xb4\xb3\x02_\xe0I\xac\xb0\
^\x09\xc6f\x11&\xe2\x9c2\xe0\x1f\x83\x17\x89\xec\xf9\
\x9dR\xf7X-\x9a\x1b@\xf8\xb0\x83\xbb;-]\x93\
\x0e\xc4t\x83-0\x82\xc8|\xdee\x82^\xcdk\x1e\
z\x9e\xbb\x99?\xb9\x7f\x9f(\xcd)\x1e\xa9z\xc2\xf2\
\x94\x99\x97W\x0b}_\x0fK\x7f\xd0z3\x83f\x9e\
\x18\x86\xa3\xde\x00?\xf7\x06G\x10\xa3t%@\x17:\
\x19\xce)\xe5\xc8\xea\xc29\x8f\x04\x0d\xdad\xd3\x97)\
\x0e\x1dO\x94\xba\x1c\xe0w\x85\xec\xdb/,];-\
\xe49\x02U\x9fY\xbf\xe5\x08\xaa\xd9./\xe1\xfc\x0d\
K\xefs\x0cp\x945*@\x82\x98\xf7\xb9\xf4\xc6~\
\xd2\xd2\xb5\xd7\xc9\x1a\xd6\xadrY\xa3|)\xa3\xfe\x22\
\x9e\x0e\x19\x83\x97\xc8\xe6\xf9\x95\xc5}b\xdd:\xeaR\
\x0d\xf3/\x00\x0eu0\xfaw\x96\xae9W\xd0\x91\xf4\
8H\x82\xechR&\xa6nJ\xbb\x92n$qh\
\xbbX\xc6\x18:\xa1\xbek0\xbf3\x0ac\xc2\x0c\x11\
\x0f\xdb~\x89.U\xcfY\xba6#\x08;\x02!\xc8\
\x81\xd7l=hl\xb4\xf6\xff\x9c\x9f\x0b\xed\x81P+\
\xf3\x05\x81F\x9bt\xa8\x83\xa5\xcb\xc0\xa2\x8a\x07\xa7\x22\
2\xe1\x97\x96\xae\xb5\x16\xcc\x18\x91\xa1\x8d\xa6\x91\xc94\
L\xf7\xa4\xfe\xd7\xb3\xe7\xce~\xa6U3\x03!\xc8\x8c\
\xb5\xa5\x13\x15\x85\xeer4\xc6\xe6S\xad\xc5}\xa2Q\
grM 0\x8e[\x9d\x18\x0b\x22\x04e\x18\xc0\xfc\
0B\xc3\xa3\xf2A][:\x05\x0a9\xc6\x5c\xd96\
\x9f\xb4cq\x9f\xa8\x03\xdd\xd2\x15\x08AT\xc3<\x07\
\xc05N\x96LM=7\xfd\xe9\x85\xf3^l\xc9\xda\
I4X5\xcc/\x01\x22,\x9d\x9d\x0by\x07\xec3\
\x13\xbeP\xcdk.\x99\x9e\x01O\x1a\xb0\xba\x83\xd7?\
0m\xb8v\xc0N\x17\xb5\xe7Z\xba&\xd5V\xdcI\
O@\x04q\xfe\x82E\xc0C\x15];&`\x9c:\
R\xdd\x0c\xc3<\x89\x80\xcb\x09\x98\xdf\x06\x07~e\xe9\
Z\x10\x11\xbfm0}\xef)\xb3\x86\xf9{\x06\xde\xd4\
\xdc\x90`\xbed\x05B\x90\xaca\xfe\xdc\xa5\xf0\xd8\x8f\
-]s:\xdci;\xe0Q\x18\xa0\x0e\x9a\xa2h\x82\
x\x11\x0f\x04w/6\x130\xc26\xe6[\x8b5\xe7\
LO/J\xdb(\xab\x1a\xa6(r\xfd\xa1f&\x04\
\x95.\x1c\xc8B\xa9F\xf9q\x80\xfb\x9b\x19\xcb\x8c\xb5\
\xd5\x82\xe6\x18d\xd6F\xac#\x99Z5\xcc\x9b\x00\xb4\
-\x8a@dxVt\xed\x8aH\x9c\x8d`\x92L\xd1\
\x5cC\x84\xc5\xcd\xa7\xa2!K\xcf\x1d\xd6\xaa)\x01\x11\
\xc4d\x97\xe7\xb8I\xb58^A\xaf\xef\x1c\x8c\x15^\
\xc7\x05(\x7f\x9b\xa5k\x01\x86\xc5\x07h\x99OU\x22\
\xa2Y\xa4\xd9:\x0d\x0f\xa2UC\xcb\x04\xc9\xad6{\
\xad4\xc4\x97\x91\xa6\x17\x93\xf2\xa9j~\xce\xf7}b\
\xd1\xd1\xc3\xc4;\x87B\xb4\xb9\x1d\x8fUu\xe0\x08\xbb\
`\xd3|\xab\x90\xfbmG\x03\xb9\x8f\xf1\x99\xc1-\x9f\
$\xb6\xbf\xe7\xe4\x93:\x86\xa9\xe5\xa5\xdaH+~\xb7\
L\x90\xcc\xfa-\x07P\xcd\x16\x87\x84N\x0c9n\xb2\
-\x90,\xe8\x19\xc3\xdc\xd4\xa6\x17\xf2\x09~\xe0\x8b\x15\
]s\xfcO+\xebK\x9c\xe4&B\xff\xefu\xbc\xed\
R\xca\x8c\xea\xc29\xcf\xb5bw\xcb\x049h\xb0|\
\xe0(\xb3\xe3\x81\x8c\x92\x1a=x\xfb\xc2\xb9\x7fm\xc5\
\xd0N\x1c;\xfe)\x17\x03\x0dmg{\xc0\xb5\xc4\x7f\
\xabNGP\xdc\xb9U\x13\xfd\x8e\x9f\xb9\xfe\xb1\xd7\xda\
\xb5\x9e\xa7\x9d\xc6\xf7\x10\x1d\xf4L>\xf7\xac\xdf9\xc6\
7\xe0\x16\xaf\xcc\xfa-\xaf\xa3\x9a\xfdg'5v\xcd\
\xfb'\xcd\x1dK\xb4;[4\xad\xad\xc3'\x0e\x017\
79\xe7\xf8\x93\xa5kG\xc8\x9c\x08\xb7\xe0\xc4(\x13\
\xcd\x8f\xb2\xe1e\x0b\xb6b\xc6\x1a\xf3d\xaf\xe3\x95\x14\
6\xbb\xec \xaf\xaf.\x9c#\xe2\xb6|_-\x13\xe4\
5\xeb\xb6h5\xdb.\xf9\xb6\xa0\xf9\xc0\x12\xd8\xfe\x81\
\x92\xee]\xdf\x89}CT\xa3\xfc\xebf'\xe4\xc4<\
\xb7R\xe8\xfb\x1f\xe1zX$!\xa6K+\x85\xdcW\
CX\x97\xc0T\xee\x7f\xed\x93jz\xd7KW0\xd3\
\x99DxM`\x8a'\x14\xa5\x14\xa5\xefo\x8b\xe6\x98\
\xad\xe8m\x99 \x995[\x8e\xa0\x94[\xf8\xb1\x7f\x13\
\x19\xb8\xb3\xaak\xed8T\xf3m\xf4xl\x155l\
iL\xe0\xcb*z\xdfW\xf6T\x1e<I\xe8\x0eK\
\xcf\x85\x95`\xe5\x1b\x97}\x07J\x9c\x9f\xb54\x17\xd7\
\x94#\xabKZK\xafh\x99 3\xd7m\x99g\xdb\
v\xa8\x89\xfeL\xf8T5\xafu\xc4W\xb0zT.\
R\xe2\xd1\xaaQ\xe0\xe1\x1f,]kx\xfa\x1b I\
\xc6\x98\xed\xf9\xd5B\xbf\xa8\x8d\x1c\xdb+\xb3n\xcbi\
d\xdb\xb7\x86i\xa0\xa2(\xc7n_4\xa7\xa5\xfa^\
-\x13$S\xdcr<\x91}O\x98\x8e\xa2\x83\xba\xdf\
\xaa\x83\xe5;\x9a\x85\xac\xbbm\xf9A\x90\x84@\x97U\
\xf4\xdc^;T\xa8k\xe3S\xb9j\x98\x22vO\xc4\
\xf0\x85v1+'T\x0bsZ\xfaG\xd1\x19\x04a\
\xfc\xbbU\xd0\x1c\xb3\x15CC\xd9\x83\xe2\x89d\xa7/\
7\x1a\x22\x1b$\xd8\x12I\x88~m\xe5sag!\
z@\xa4\xb9h\xa6h\x16\x89\xa0\x07\xa2\xac\x89\x92X\
\x10$\x8aG,0\xbd\xd7*\xe4~\x19&\x98\xad\xea\
\x1eO\x93U\xc4W\x95F\x99\x80\x0fZ\xba6Ov\
\x0e\x7f$\xa1\x1a\xa36\xbf\xaa\xf7\x87\xbb\x9b\xcb:\xe1\
\x22\xa7\x1a\xa6\x08\xbb\x11\xe17\xa1]\xf1x\xc4\x0a\xf9\
%=\xa8\xa0\xb3\xd0VaB\xb1j\x94oo\x96C\
\x9eb\xd2\xfeV\xc8\x95\xbd\xd8\xe0\x99$\xc4_\xb2\xf2\
}\x0dw//\xf3F)\xab\x1a\xa6hW\x10Hj\
l\xc3];\x0e/\xe9\xe1}\xe6e\x0b\xa0\xef\xda#\
\xe9\x81\x1d\xcbf9\x9f\xd4G\xb9\xaa\x0d\xe6\x9a\xa8>\
\xd2\xf0\xb9\xbf\x95\x82l\xf2$\xa1M\x96\x9e\x8b$U\
7H\xa8\xeb-\xd6\xc6F\x16\x82R\x9fv\xac\xdc\xee\
sR\xb7w>\x19\xb5\xad\xbf\x83t\xf9Aa\xbdn\
\x15\xb3x\xb4jT\x9a\xe7>K\xd7D3!\xdf\x97\
;I\xc8\xb6m{~\x10\xd9s\xbe\x8d\x0c`\xe0\xa4\
=(\x94\x095\x09\xe2\xc8?\x805\x08E\x85Zl\
\xde\x07\xde\xcf\xa3U##]Hr\xb9\xa5k\x0d\xcf\
\x5cBq8&J\xa3\xba\xef\x82\xd8A\x5c\x83\x15\x15\
\xd0\xbc\xedz\xee\xc1\x98`\x1b\x98\x19\xf5r\xa0@\xe3\
\xd3j\xc2\xf9V\xbe\xb5\xbe\xe2\xd9b\xe9\x9f\x98H\xbc\
\xc86\xac\x86\xcf\xc0\xe6\xaa\xaeE\x99\xcf\x1e\x18v\xad\
*\x9ai\x94\xdfl\x83\x1d\xcf88\x0e\xc1\x8a2\xe1\
\xeeD\xf6\x07+\xf9~\xe7\xa2\xc3\xad\x22\x16\xf1\xf8z\
4\xa9\xc2\x9b\x9b\xd4\xca\xfd\xad\xa5k\x8e\x0dL\xdd\xcc\
\xcd\x1a\xa5K\x19\xd4\xfc\xa5\x9b\x88m\xe6\xf9;t\xcd\
\xb9X\x86\xdbD\x1d\xfa{vp\xe8Lf\xe5'N\
\xe6\xc7\x22\xdc]\x18\xa8\x1a.\x09SD\x9f\xab\xe4s\
\xab;t-\x1a\x9a\xad\x1a\xa6\xe8\xa2\xd5\xb0\xcaz+\
\x8fV\x13\x1f=\xc4\xae\xe1\xdc\xe7\x82\xb0\xc2\xcak\x8d\
#\x85'\x13\xd0M|\xc9\x0e\x96\x972\xf3\xb7\x9d\x5c\
\x8dE\xc2\xd48A\x9cSn\xd1!\x07}\xb2\xf7\x95\
S6\x1b\x11\x7f\xae\x92\xef\xf3\xf5\xcf`\xa2[\x94L\
Z\xec\x06K\xd7>\x22k\xefd\x94S\x8b\xe67@\
\xb8\xa0\xb9o1J\xb9u\x0d:#\xdcd\xe5\xb5\x8f\
N\x86\x85\x12\x9d\x9dH\xc1\xe6\x86\xcdk\x08w[y\
\xed$\xaf~\xbe\xa6X\xce\xd5\x88\x7f\x08\xe0\xcd\x8ec\
\x89\x18\xe0\x81n\xde9v\xe3\xa3\x0e\x9a7\x82\xd1\xf4\
\x9fDP\xe7g-\xbf\xa4\x8f\xef \xcee\x7f\x98\xf0\
\xfbj^s^|\xafwU\x9b\xe4U\xc3\x14'\xfa\
\x0d\xf3\xbb\xfd<Ze\x8c\xd2E\x04r\xad\xae.^\
\xc8\x19\x18\xe8\xd6w\x8e}\x97;3h>H\x0c\x87\
RR1*\xfb#S8n\xda\xf0\xd4iO\x9d\x7f\
\xe8Km\xba\xaf\x03\x99\xd6\xe9\x11\x88@K+zn\
\x8d\xecD\x13\xbb\x86\xc8\xa9v9I&\xbb\xbekt\
\xe1\xa7\xdcfX\x1e\xf2\xcd'\xf7{q\xea\xb0[\x11\
\xc2\xf8\x14\x8e\x93)=\x1aT)H\xd9\x1b0h\xb9\
\x89.\xab\xe2@\xb0A7Yo'\xd9\xea\xa0\xb9\x0c\
\x8co\xba\xdbH\x9bl\xdb\x1e\xe8\xf4C@w?\xbd\
IDy\xbf\x05\xf2\x88%U\xbc\x1a\xb8\xc0\xd25\x89\
\x9b\xc2\x1bXQI\xab\x86\xf9\x8bf}\xc8e\x1f\xad\
&v\x8d\xef\x00x\x87\xb3\xddT\x03\xd9\x03\x9d\x16[\
\x15\xe1Z\x9c\x0f\xc0\xb1\x0fa\xac\x8aWO|\xeau\
l\x7f\x00\xd0\x8d\x96\x9e\xfbXT \x069O\xc60\
\x97\x13\xd0\xb0\x9e\xad\xec\xa3Uv\xb0\xb4\x94\x99\x1c?\
K\xd6m&\xfa5sm\xa0S\xa2r\x83\xc4YV\
\x97j\x94\x7f\x08\xb0\xd3G\x9fx\xb5?\x98 \x88K\
\x03\x1dz\xc2\xd2s\xb3dA\x88\x8b\x5cvm\xe9\xad\
\xac\x90x\xb4\xda\xefU6IT\x0d\xa9\xef\x1a\x0a_\
\x07\xc6\x89.>\x8d\x11h\xa0\x13\x92\x9d\xda\xbd6\xaa\
Q\xde\xe6\x12\xdc\x18\xbf\x06:Y\xc3\xfc\x1a\x03\xcb\x9d\
\xc0c\xa2#\xaa\xf9\x9ch\x06\xdf1\x97j\x98\x1b\x01\
4\xec\xa5\xe1\xf6h\x955\xcaK\x18,q&Bw\
\xd4w\x8d\x98\xa7\xc9\xc6a\xd12\x83\xe57\x12\xb3c\
\x1b?\x02VUt\xed\xe2 \xec\x0d\xe4\x1dD\x18\x22\
\xf3\xe2\xd4iM<3\xc5\xd2\xe7\x89hU#\xa0\x9d\
\x1e\xad\xc6\xdf5\xb0^\xa2\xef\xc7(1\x0d\xc4\xbd\xfa\
H\x107ZP:d\x9ax\x06\xf9A(0\x82\x8c\
?f\x95\xfe\x0eP\xf3\x16\xbc\x1d\xd4\x06:;8\xf4\
\x16\xe6z\x86\xe0\xb4W/.\xfd\xc2\xd2s\x0d\x9b_\
J\xef\x1a\x8c\xdbY\xa1\x81N\xa9[\x15\xd4\x0d\xde\xaa\
\x1e\xf76\xd0\xfc\x82\xa5\xf7\xfdc\xab\xf3\xec\x1e\x1f,\
A\x8a\xe6\x8d\xa0\xe6\xa7\x9b\x00*\x18\xc3lk\xa9\xf6\
|P\x0e\x84\xa5G-\x96n\x05QC\x124z\xb4\
\xaa\xef\x1a`\xc3\xb5\x9f9a\x171\x06&c9\xd0\
\xb0\xd6b\xb7^u\xb5\xb9?\xd2\xd8\x0a \xdbt.\
\xc6MV!\xb8\xa8\x8d`\x09b\x94\xcf\x03x\xbd\x13\
P\x04:\xb3\xa2\xe7~\x1a6\x98\xad\xe8w:\xddn\
\xf4h%\xbdk\x00\xb7\x81i\xa0[\xeb\x14\xb7\xb2&\
bl\xd6(\x9f\xc1`\x97\xa8pZh\xe9\xb9\xab[\
\x9d+\x94\x1dd\x22\x7f\xe11\xc7\x17u\xf0\x9a\xaa\xde\
\xb74(\x07\x82\xd6\x93-\x0e\x1d\xcbP6\x830\xbd\
\x81\xee\xbd\xfa\x8aO\xbck\xac\x06\xd8\xb1!\xa6h^\
#j\xf4N\xa6\xfe\x1cA\xe3.\xa3/c\x94V\x13\
\xc8\xb1\xcf\xcc\x9eU+et\xba\xc9\x04\xba\x83\x8c\xbf\
\x87\x98\x22\x89\xc5)\xee\xeaQK\xd7\x1a&\x00\xb9\x19\
\x1b\xc5\xef\xaaQ\xba\x05\xa0\xf75\x9ak\xcfG+\x0f\
\xbb\xc6\xaf`c`\xb2tv\x8ab\x0d\x9a\xcd\xa1\x1a\
\xa6\xf8\x02z\xb8\x83\x0d\x9e\xaa\xc7\xc8\xf8\x12\x06A\xae\
\x02\xf0o.\x93\xbf=\x8e]V\xd5b\xe9B\x10]\
\xd9\xc8\xf6\xdd\x8fV\x13\xa7\xe1\xe2\xd3\xad[\x1b\xe5a\
&\x0ctz\xc3L\x99\x9b(\x0a\x99\x89P\x1f\xb7\xf6\
q\xdf\xb2tmY\x90\xf6\x04O\x90\xa2y*\x08\x22\
\x99\xc8\xe1\xa2+-=\xf7\xf9 \x1diU\xd7\xcc5\
\x8f\xcf\xb3S\xa2d(\x1a}\x85\xab?Zy\xd85\
D\xc4\xaf\x080\x14em\x92+\x00\x04T\xa3\xfcu\
\x80/rT\xc5x\xb7U\xd0\x1c\xdbC{5%p\
\x82\xd4\x1f\xb3\x8a\xe6\x1fA8\xa2\xb91\xf4D\xcf\xce\
\x9do|\xe6\xa2\xa3\xdcZ\xf9z\xf5\xc7\xb7|\xd60\
of\xe0\xfd\xcd\x1e\xadjT?\xf0s\xdb5^\x12\
!\xe9U]kxv\xe2\xdb\xb8.\x1fx\xd0\x95\x0f\
O\x1f\x9d>\xfdO\x8e\xa7\xe7\x8cG\xac\x82vd\xd0\
P\x85B\x90\x8ca~U4\x8dt\xdcC\x98?[\
)\xf4\xdd\x10\xb4C~\xf4\xa9\xc5\xa1\x0b@\xca7\x9a\
=Z\xc9\x9d\x86\xe3\x17d\xf3@eq\x9f\x08\xb9I\
\xae\x00\x11\xc8\x16K\x9fa\xa2\xeb\x9dT\x8a~\x85U\
]\xfbb\x80\xd3\xd6U\x85B\x10\xa9\xe7E\xe6\x8dV\
\xa1\xaf\xe1\xcbp\xd0N:\xe9\x9b\xb9\xde<\xc6\xaeA\
4\xebit\xb8$\x22x\xddv\x8d\x17\x99y\xa0Z\
\xe8sMz\x8a\xd2\xaf\xc94\x97\xd3\x99\xd4\x1e~\x86\
\xf2^\x1b\x0aA\xea\x8fY\x86)\xaaj;V\xf6 \
V\xdeR)\xcc\x09\xb5u\x82\xdb\x8d\xe2\x9a.\xec\xf8\
o\x8b7\x92\xc2\x03\x95|\xff\xef\xdc\xe6I~\xf7\x87\
@\xb6\xb8\xe5X&\xdb\x0d\xdf{-];\xde\xdf\x0c\
\xce\xa3B#\x88S\x88\xf8+&\xb5\xf7e]5L\
\xd7\xbc\x82\x86\xf01v2\xf1@U\xefk\xf8\xc5+\
\x8c\x85\xeaV\x9d2/\xe7\x0c\x5c\x1c\xd6{_h\x04\
Q\xd7\x99sa\xe3Q\x97\x85}ZI\xf5\xcckG\
\x8b\xb5\x19\x83\xe6\x9b\x14\xae?Z\xed\xef\xed\xe6\xe3[\
\x89y\xa0R\xe8o\xeb\xce\xe7\xcd\xe6\xce\x94\xae\xd7\xee\
\xad\x8d\x8as\xb5\x83\x1d=Pp\xb8\xb5Hs<\xa0\
\xf6\x8b@h\x04\x11\x069}\x19z\xd9`\xb6\x07\xac\
B\xff\x0a\xbf\x0e\xf8\x1d\x971\xcc\x9f\x11\xf0\x01\x0f\xe3\
_\x00\xf3\x80U\xe8k\xf82\xefAO\x22*\x89\x80\
{]\xe2\xfaK\xf4-\x15];]R\xa5g\xb1\x90\
\x092t\x06Cq\xab\xa8\x18\xf9.\xa2\x16\xcde \
\x99\x9c\xf0q<\xc5\x22P\xad6\xb0}\xc9a-\xb5\
\xf3\xf2\xbc:]<@v\xf7 \xd8gV\xf4\xfe\xd0\
b\xfbB%\x88X_\xa7\xe2\xce/\xaf\x7f\x84U\x02\
g\x14\xb7\x1d\xad\xd0\x98x\xb4:@\xe2\xfe\xfb;\xc6\
w8\xc7\xfcg\x09=\x89\x88G\x04\xd4A\xf3r0\
\x9c\x9f,$2:=N\xfb*\xf1\x08\x08R\xfe(\
\xc6\x8b\xa29]\x91\xed\x22\x99\xa2\xf9S\x22\xfc\xb3\x1b\
p\xa2\xf0\x18\xa5\xb0b\xfbB\xed\xf7n\xb2\xc9\xef\xc1\
\x22 \xbb{\x80\xe9cV!wc\xb0\xb3\xef\xad-\
t\x82\xd4w\x91A\xf3.\xd7\x9c\xec\x08v\x91\x99\x86\
\xf9\x01\x1b\xf8\x99\x0b\xa0\x22WE\x84\x89tl\x05\x96\
0o\x98(tK\xed\x1e>\xabXz\xb5?\x12\x82\
d\x8b\xe5\x7fabQ\xee\xc6\xe9\xaaP*}|e\
\xe1\xac\xc7\xbd:!+\xaf\x1a\xa6\x08\xa2\x14\xc1\x94\x0d\
/\x06~\xce\x84\x15;\xf2\xdaC\xb2:\x13\xb9`\x11\
\xc8\xae\xdfv\x18\xd7\xc6\xc4\x19Z\xf3\xa4(\xf1^\xc8\
\xf4\xe9J!\xf7\xdd`g\x7f\xb5\xb6H\x08R\xdfE\
d\xfa\xd1\x85\xdc\xeeYt1RR\x10\x01\x89\xfb^\
\xcf\x811`\x15Z\xeb\xe7\x11\xf6bu\x83~u\xb0\
|=\x98?\xe3\xe2k\xcb\x9d\xbbd\xb1\x8c\x8e \xc5\
\xf2\xb9 v\xcf\xf4\x22\xfe\xb0\x95\xef\xfb\xb1\xac\x03^\
\xe52\x86\xb9\x99\x80\x93w\x8fc\xc6\xcf\x18\xe9\x15;\
\x0a\xb3\xfe\xe0UW\x22\x1f,\x02\xea`\xe9C`\xfa\
\x91\xabV\xa6\xf3\xacBN\xf4Y\x0f\xfd\x8a\x8c \xf5\
]d\xb0|+\x98\x1b\xe6y\xbf\xe2)\xdfo\xcd\x1c\
=\x1e\x1f9|WX\xdeO\xb4 \xfe\xdf\x0a\xb0u\
\xbb\xae\xfd<\xacy\x12\xbd\x1e\x10\xb8\xe9\xd1)\xea\xf6\
\x9e\xdf\x00t\xac\xe3(\xa2\x8dV>\x17Y\x0c_\xa4\
\x04\x99hxy7\x00\xc5\x05\x84/Y\xf9\x5cG\xb5\
4\xf6p+$\xa2\x0d\x10P\x07\xcb\x97\x81\xd9\xad\xd7\
\xa2\xcdD'FY\x09&R\x82\x8c\xbf\x8b\x94\xbf\x0c\
\xf0\xa5.w\xc9N\x9bpB\xf2\xb2\xdc\x1d\x5c\x9a\x08\
\xfb\xb9\x07hX\x07`\x0f\x10\xe8+\x96\x9e\xbb,J\
T\x22'H\xbdt}\xef\xf0\xdd \xccsr\x94\x80\
\xbb\xd2;_|_\x9c\x92\xaa\xa2\x5c\x98n\x99K$\
C\x8dM\x9fv+\x03\xce\x8d\x87\x18\x0fL\x1b\x99z\
b\xd4-4\x22'\x88Xx\x99\x06\x8c\xe37\x08_\
o\xe9}\xff\xda-7K7\xfa\xa9\x1a\xa5\xff\x00\xe8\
\xb3n\xbe\xb7\xab\x11l[\x082\xfe\xa8UZ\x0f\xd0\
y\xae\xc00]\x9a\x94\xe6tC\xa93\x7f\xcf\x16\xcb\
_d\xe2\xaf\xb8[\xcfW[z\xdfBw\xb9\xe0%\
\xdaF\x90\x19k\x1f{\xbd\xa2\xf4l\x020\xdb\xcd-\
f\xfeD\xb5\xd0\xf7\x037\xb9\xe4\xf7\xceA S,\
}\x9c\x88\xfeS\xc2\xe2\xad\xb6=\xba`\xc7\xe2\xb9\x7f\
\x96\x90\x0d\x5c\xa4m\x04\xa9\xef\x22\xeb\xcc\x0f\xc3\xc6\x06\
w\xaf\xb8B\xc4\xa7%\x99{\xeeHu\x82\xc4x\xdd\
c\xda\x08\x90\xe3iy\xdd\x17\x05gY\x8b4\xf7\xb3\
\x91\x90\x1co+A\xea\xef#E\xf3\x0a&\xb8\x97\xaa\
g<\x92J)\x1f\xfa\xdb\xa29fHX$j#\
@\xa0\xde\x07\xbef\xff\xd8\xb9\xea\xcd\xb8!\xc4\xf8Z\
\xa5\xa0}!\x02\xb3\x9aN\xd1v\x82\x8c\xbf\x8f\x98\xa2\
\x8e\xd6\xa9\x12@\x04\xd6\x18Eb\xaeD$\x04\x04T\
\xc3ti\xb4\xf4\xf2\xa4\xb7Y\xba\xd6\xb0\x9bp\x08f\
\xc5\x9b 3\xae\xdev\xb426v;\x80\x99n\xce\
\x8b\xcf\xbf\x15]{9T\xc4M>\xf9=>\x08d\
\x0d\xf3N\xd7\xcf\xb9\xe3\xe6n\xb7\xd3\xe9Sv\x9c\xd7\
\xfe\xf0\x9fX\xec \xf5]\xa4h\x9e\x0d\xc2\xb5\x92\xcb\
\xf9+K\xd7\xde#)\x9b\x88\xc5\x00\x01\xa7\xfe\xf2\xaf\
2\x8fq\x8eU\xd0\xae\x8b\x81\xd9\xe1\xd4\xc5\xf2\xebX\
v\xd0,2C\x97\x19\xcf@\xb1\xaak\x8bed\x13\
\x99\xf6\x22\x901\xcc\xb5\x04\x14d\xac \x82Q\xc9k\
R\xb22\xfaZ\x95\x89\xcd\x0eRwd\xc5\xa3S\xd4\
\x03{o\x05\xf8]2\x8e1pEU\xd7\x1c+8\
\xca\xe8Id\xc2C c\x98+\x09\x90|\xd1\xa6;\
\xacgG\xde\x87\x15\xe1\x05\xaaz\xf54^\x04\x11\x8f\
Z\xab\xcdC\x90\xa6_\x03\xdc'\xe3\x0c\x13\xd6V\xf3\
\x9ac\xcf\x08\x19=\x89L\xf0\x08d\x06\xcd5\xc4\x90\
\xdc\xe5\xa9\x841~\xa7\xb5T{*xK\xfck\x8c\
\x1dA\x84+3\xd7\x9a\xc7\xd8)\xba\x17\xccS\xe5\x5c\
\xa3\xefXz\xce-\xc9FNU\x22\x15\x08\x02\xaaQ\
\xbe\x01\xe0OK)#\x1aVj|\xdc\xf6\xc5\xf1\xcb\
\xff\x8f%A\x04\xa8j\xb1\xfc\x1e\x10\x8b\xda\xb8R\x97\
H\x97M\x8d\x8c.\xda\xbel\xee_\xa5\x06$B\xa1\
 0\xf3\xaa\xc7^[\xeb\xedY\xe7\xa9\xe6\x18\xd3{\
\xadBN\xb4\x8c\x88\xdd\x15[\x82\x08\xa4$s\xd9\xf7\
\x04\xf5A\x22[ON\xdc\xdbs\x9fMt\x066\x5c\
:\x8c\xede\x5cT\xb9\xe5~\x11\x895A&v\x92\
\x0bA\xec\xa1\x06.W\x98\xb1\xa4\xd3b\xb7\xea;&\
\xf8]\x0c\xecG\x84;-]\x93\x08\xc1\xf1\xbb\xec\xc1\
\x8f\x1b\x8f\xad\xc2\x1a\xa9\xf0\xeb\x96\xf4@\x00\x00\x06\x08\
IDAT\x91\xdd\xd33]d\x15r\xb1\xaeT\x19\
{\x82\x08,3\xc6\x96E\x04{\xd0\xcb\xb2R\x87D\
\x01\xcf\xb8j\xdb\x8cT\xef\xd8w\x19\xd8\xb7|\xe6}\
J\xaa\xe7\xccv\xd4-\xf6\x82\xf3\xc4N/\x19\x95\xfb\
\x8af\x86\x92\xaf\xeas\xd6y\x9d+j\xf9\x8e \x88\
\x00e\xc6\xda\xd2\x89\x8aBwy\x03\x88\xaf\xef\xd9\xf9\
\xd2\x928']\xa9\x86\xd9\xbc\xa7c\x9b\xea\x16\xcbb\
<\xde\xf9i?\xb1k\xb8\xe6s\xec\xa9\xd3\xb6\xf9\xa4\
\x1d\x8b\xfbD\xeau\xec\xaf\x8e!H\x9d$\xeb\xb6\x1e\
\xa5\xd85Q3\xa9Q\x1f\xc1\x86`\x8b\xd0\x94\x1aa\
Y\x5c\xd3wU\xa3T\x01Hm|\xa7\xd0\x13\x96\x9e\
\x9b\x15\xc7\xbbH\xa4\xc9\xa6\x18WI\x86\x8e\xecv\xe1\
\x05[I\x1d\xbfc\xd1\xec\x87\xe3\xe8S#\x9b:\x8a\
 \xc2\x81\x03\xd6<>+\x95J}\x0f\xc0;<\x80\
\xbc\x13D\xab\xac\xec\xc8\xaa0\xab\xa5x\xb0\xa7.\xea\
P\xa7\xebeUv\x0d\xf3w,\xd1D-\xe1x\x5c\
\xa2\xfaH\xa5w9\x98\x97\xbb\xe7\x90\xefe\xf2ok\
\xb5\xda\xa7\x9e[r\xd8\xb6x8\x22gE\xc7\x11D\
\xb8\xb5\xff\xb5O\xaa=\xbb\x86oh\xf0\xdc\xee\xe25\
\xdf\x0f\xc2\xaa0\xebn\xc9\xc1>.\xd5i\x04\x19\xaf\
[\x85\xe5\xae\xa5y\xf6\x01A\xd49\x1e\x9d2\xf53\
\xcf\x9fs\xa8\xe5\x05\x9f8\xc8v$A\xea\xc0\xad\xd8\
\x9c\xce\x1et\xc8\xb7ec\xb7\xf6\x02\x9b\xe8\x06RR\
\xab\xc2,s*\xb3\xb8\x9dB\x90z9P\xbb&v\
\x0d\xcf\x87\xb1\xf5\xd8\xaag\x9e\xfa\x1cV\xcc\x1f\x93\xc1\
$n2\x9dK\x90\x09$'\xa2\x80\xbf&\x13*\xbf\
\x0f\xf8\x15\xb0\xbdVI\xf7\xaeo\xd7\x97\xa2\xb8\x13\xa4\
^e}ld!H\x11\xe1\x22\xee\xd9\x7f{\x03\xbc\
\x1d\x8c\x8b\xe3\x12\x95\xeb\x97x\x1dO\x90\xfa\xa3\xcax\
>\x89\xe8M.\x93t\xb5/VO\x83\xedk\xdaA\
\x94\xb8\x12d\x0fb\x9c\xeb\xda\xfe\xac\xf1\x9dw\x9b\x9d\
N/\x8fC>\x87_b\xec\x1e7)\x08\xb2\xdb\x19\
\xe9\xf4\xdd\xc6\xa8EN\x94\xb8\x11$\x00b\xc4\x22M\
\xb6UR\xec9~R\x11D86Q\x08B\xec&\
\xae\xd5R\x9a\x00\xf94@\xdf'\xa6\x0da\xb7\xa8\x8e\
\x0bA\xc6[-\xf3Y\x00\x7f\xd2\xe7\x8e!\xa0\xdc\x0a\
\x05\xcb\xdbY`!HbL\xca\x1dd\xb7S\xe3%\
\x85\xd2\x97\xc8\xd4\xddr\x04\x95y#\x01\x1b\xd2/\xbe\
\xb4!\x8c\xc3\xc6v\x12\xa4^\xd1p\xda~g1p\
\x16\x88\x5c\x0a\x8a\xbb\xddz|\xb5m\x8f\xadlWi\
\x1e7\xebZ\xf9}\xd2\xed {\x82Q\xaf\xe0h+\
\x97\xb8\x959u\x07\x90\x9e\x00Dy\x22\xfe\x89\xa5k\
\xff\xed./'\xd1\x0e\x82\xa8\x86\xf96\x80>\x08A\
\x0c\xf0\x1b\xe4,m\x22\xc5x\x80\x14{e%\xdf\xef\
\xd6\xa8\xb5\xa5i\xda9xR\x13D\x00[\xaf\x05<\
u\xe4\x12\x80E\xe6\xa1sUy\xb9\x95x\x94\xc1\x9b\
\x14(\x9bx\x8c7YK5\xd1\xb2\xcd\xd7\x15\x05A\
\xd4\xd5\xe6\xfe\x94\xa6\x056\xec\x05\x04Z\x00\xe0p_\
\xc6\xee=\xc8\x06h\xe5\xb4\xe1\xde\x95Q\xd7\xca\x0d\xc0\
vO*&=Av\xa3Qo\xbd\x00\x5c\xe2\xde\x9f\
\xc4\x13~\x1506\xb3\x82MP\x94\xdfT\x17\xcey\
\xc4\xcb\xe8\xb0\x08\x92Y\xbf\xe5\x08\xd8\xf6\xf1dc\x01\
\x08\xf3}|\xa2m\xee\x06\xd1F\x06VF\xd9\x82\xc0\
\x0b\xa6A\xcbv\x0dAv\x03\xa7\x8ew\xba:\x1b\xc0\
[\x83\x06\x13\xc0\x93\x0c<Dl?\x04\xa6{\xa7\xf6\
<\x7f\xef\xd3\x0b\xe7\xbd\xd8l\x9e \x08r\xf0\xfa\x07\
\xa6\x0d\x8f\xee\x7f\x1c\x88\x8fcR\xdeD\xc0\x9b\x00\x1c\
\x1a\x82o\xf7\x81\xe9\xba\xa8:;\x85`\xbf/\x95]\
G\x90\xdd(\xd5\x93\xb1\x14>\xdb\xb5\xfb\xae/X_\
\x19D\xc0C\x0cle\xc6_\x15\xc2\xd36)\x7f!\
\x9b\xb7)\xe9]\xdb\xc6v\xf5\xf47\xe9\x99\xf8\xb2\x02\
\x11\x8b\x95\x9e2:d\x8fM\x99\xc5\x0a\xcdR\xd8~\
\x9d\xcd8\x98\x08\xaf%`6\x8f\x13\x22\xbc\x8bp7\
\xd9t]\x14\x0d3\xc3s\xc2\xbf\xe6\xae%\xc8\x1e;\
\xcaG\x01\x165\xb9N\xf1\x0f\xe3$\x1c\xc9\xb8\x1d\xa8\
\xef\x18\xa1\xf6!\x8f;r]O\x90\x97w\x14c\xe8\
\x0c@9\x9b\x81\xf7\xc7}\xd1\xc2\xb4\x8f\x80[\x00\xfb\
\xba\x8a\xde\xff\xd30\xe7\xe9\x14\xdd\x09A\xf6Y)u\
\x9d9\x97m\x9cN\xe3\x19~\xc7u\xcaB\xb6h\xe7\
\xbd\x0c\xdcL\x0an\xb6\x16i\x8f\xb5\xa8kR\x0dO\
\x08\xe2\xb0\x9c\xe2\xcc@\x84\xd4\x13\xe3t\x99j\xe4\x1d\
ug0\x1ea\xc2\xcd\x22\x14=\xc8\xb3\x9d\x8e\xc2@\
\xc2\xd8\x84 \x12 \x09\x11\xb5h\x9e\x0aE\xb4\xb0\xa6\
\x93\xc18JrX\xbc\xc4\x08\x0f\x03|'l\xdah\
\x15\xb4\xdb\xe2e\x5c<\xadI\x08\xe2c]2\xc6\xd6\
#\x89\xecS\xc0\xf6\xfc:a\x5c\xbb\xb3\xfa\x98$\x98\
!;\xeb\x84 e3\xb3r{U\x9f\xfd\xc7`\xd4\
v\x8f\x96\x84 \x01\xacu}w!>\x05\xa0\x13\x01\
\xf4\x8b\xcc\xe0\x00\xd4\xfaQ\xf1\x1c\x80!\x80\xef\x06\xd3\
\xed\xc9.\xe1\x07\xc2\xbd\xc7$\x04i\x1d\xc3Wi8\
\xf0\x9a\xad\x07\xed\x1a\x19\xebW\x14\xea\x03\xb8\x9f@\xfd\
\x8c\xf1\xbf\x83\x99\x8e\x86\x08\x5cb\xf0\x10@C\xb6\xcd\
\xa5)\xbd\xe9\xa1g\xcf\x9d\xfdL0\xfa\x13-\xbb\x11\
H\x08\x12\xf1\xbd\x90[m\xf6Vz\x95\xa9Sl\xee\
\xdd\xa5\xd0\xd44\xa3wl\x14SS=\xe8\xad\xd5P\
\xafE\x9cJa\xb86\x8a\x91t\x0f\x86\xc7\x08#S\
l\x1e\xde\xa5\xd0Hv\xc4\x1e./\xd5F\x226\xb9\
\xab\xa7K\x08\xd2\xd5\xcb\x9f8\xef\x86@B\x107\x84\
\x92\xdf\xbb\x1a\x81\x84 ]\xbd\xfc\x89\xf3n\x08$\x04\
qC(\xf9\xbd\xab\x11H\x08\xd2\xd5\xcb\x9f8\xef\x86\
@B\x107\x84\x92\xdf\xbb\x1a\x81\x84 ]\xbd\xfc\x89\
\xf3n\x08$\x04qC(\xf9\xbd\xab\x11H\x08\xd2\xd5\
\xcb\x9f8\xef\x86@B\x107\x84\x92\xdf\xbb\x1a\x81\x84\
 ]\xbd\xfc\x89\xf3n\x08$\x04qC(\xf9\xbd\xab\
\x11H\x08\xd2\xd5\xcb\x9f8\xef\x86@B\x107\x84\x92\
\xdf\xbb\x1a\x81\x84 ]\xbd\xfc\x89\xf3n\x08$\x04q\
C(\xf9\xbd\xab\x11\xf8\xff\xbf\xb0O\x9b\xe3\x8dNE\
\x00\x00\x00\x00IEND\xaeB`\x82\
\x00\x00\x13n\
\x89\
PNG\x0d\x0a\x1a\x0a\x00\x00\x00\x0dIHDR\x00\
\x00\x00\xc8\x00\x00\x00\xc8\x08\x06\x00\x00\x00\xadX\xae\x9e\
\x00\x00\x135IDATx^\xed\x9d]v\xdbF\
\xb6\x85\xf7\x01e\xbfF=\x82\xf0\xf5^+\xb13\x02\
\xcb#\xb0\xefs[\x965\x02;#\x882\x82(#\
\xb0\x14\xbb\xdf\xe9\x1145\x82P\x1d\xfb\xf6\xe3\xa5F\
p\xa5W\x8bD\xf5:\x05\x80\x82(R\x04P\x05\x10\
(l\xac\x95\x15\xaf%\xd4\xdf>\xe7c\xfd\xa2\x8e\x80\
\x0f\x15\xa0\x02k\x15\x10jC\x05\xa8\xc0z\x05\x08\x08\
\xbd\x83\x0a<\xa0\x00\x01\xa1{P\x01\x02B\x1f\xa0\x02\
\xd5\x14`\x0fRM7\xa6\xea\x89\x02\x04\xa4'\x86f\
3\xab)@@\xaa\xe9\xc6T=Q\x80\x80\xf4\xc4\xd0\
lf5\x05\x08H5\xdd\x98\xaa'\x0a\x10\x90\x9e\x18\
\x9a\xcd\xac\xa6\x00\x01\xa9\xa6\x1bS\xf5D\x01\x02\xe2\xd9\
\xd0\x1f\xfe4\xbb\x83\x01\x9e\xae\xcaV\x04\xcf\x10a\xd7\
\xa9\xc8\x18W\xc6`\xb2*\x8f\xf9\x1c\x17G?\xc9\x95\
S\xfeL|G\x01\x02\xf2\x80C\xfc\xe3\xaby6\x9f\
\xe3;}E\x06\xd8\xd7\xff\x1b\x83]\x01\x9ee\xc9\x04\
\x18\x1a`\xd8F\xbf\x12`j\x80iV7\x03LD\
`\x012s\x8c\xf5\xff\x83\x01\xae\xff\xfeDV\x02\xd7\
\xc665]\xa7\xde\x02\x92\xfd\xd2G\x11\x86F0\xcc\
9\xbe\xfe\xc2/\x00h\xda [.OA\xb9\xca@\
\x12\x83i\x1cc\xda\xe7\x9e)x@\xfe\xf8\x97y\x9e\
A\x80\x18\xcf v\x88c{\x03>\xa5\x15\x18\xc3\xe0\
\x0a\x11&\x19<o~\x94\xf3\xd2\xb9t(A0\x80\
d=\x82\x1d\x0a% \xe8\xb0\xa7\xaf=A\xd3.8\
\x11`b\x04S\x1d\xba\x85\xd4\xe3t\x16\x10\x9d\x1f\xc4\
1\x9e\xdb\x89/\xb0\xdf\xd6y@\xd3\x9e\xda\x96\xf2t\
\xfe\x03`\xac\x0b\x0aQ\x84\xf3\xae\xces:\x03H\x06\
\x84\x1d\x1e\x09^\xb5\xc5\x11X\x8f\x12\x0a\x18\x8c\x14\x9a\
.\x01\xd3j@\xce\xbe\x9a\x97\x03ca`\x0fQ\xc2\
\x0f\xbb\xf0j\xd6\xc3\xcc\x05\xa3\xc3'\xf2\xb9\xadun\
\x1d \x19\x14\x06\x16\x0c\xb7=\x83\xb6\xaa\xcez-+\
p%\xc0\xa8\x8d\xb0\xb4\x02\x10\x1d>\x19\x83w\x84\x82\
\xe4\xe82\xb3\xc2\x22\x82\xdf\xdb0o\xd9* \x9f\xbe\
\x98C\x03\xbc\xe7j\x13\xc1X\xa3\x80\xae\x8e\x9d\xbc\xde\
\x93\xb3m)\xb4\x15@\x14\x0c\x00\xc7\x5cy\xda\x96\xd9\
\xbbUn:_9\xde\x06(\x8d\x02\x12(\x18\x17H\
\x8foX\xb73\x98\xda\xff\x96\x1e=\xe2\xb1\xee\x0cU\
Yw\xd5\xa5m\xdd\xf9\xbf\x97N\xf7~\x92\xfd\x9f\xe4\
I\xdeYy.\xacl\x99mx\xdf\x1e\x9d\x89\xf0\xf3\
\xc1\x7f\x8b\xae\x865\xf24\x02\xc8\x87\x7f\x9b\xe1\xce\x1c\
\x1f:\xb4\x83\x9d8\xfd]g\xb7g\x97\xf49\xf8A\
\x16\xffn\xc4J\x9e\x0a\xf9\xf8\x97\xc9\x9f H\xfe\x9d\
A\xd5%\x98\x0cF\xb3\x19\x8e\x9a8\x98Y; \x1f\
\xff\xd7\xbcBl\xe1h\xd3\x8a\xd4%\xc4\xfe\xcaO\x10\
\xdb\xc3{\xd6\xe1\xbb\xea\xf8\x9e\xf8Yd\x93\x03i?\
=}\xfc\x0c\xc6\xf6L\xdf\xfb.\xcb!\xbf+#\xf8\
\xf9\xcd\x139u\xc8cc\xd2Z\x01\xf9\xf8\xd5\xfc\x02\
\x83\xe3\x8d\xb5\xa8\xef\x85K{\x04\xc2`b\x22L%\
\xc6\x94\x10\xb8\x89\xad\xf0\x98\x08C\x891D\x84\xfdm\
\x83c\x04GuBR\x1b \x9f\xbe\x98\x0f\x06x\xeb\
f\x8eR\xa9\x170h\x8f0\x9ba\xd2D\x17\x5c\xaa\
\x86\x81\xbe\xac\xe7\xe0vv\x92#?v~\x94\x9c\x81\
k\xac\xb7\x11\xe0\xf4\xf5\x9e\x1c\xd5!o-\x80|\xfa\
b\xde\x1b\xe0\xb7:*\x9c\xcbS\x87I#=\x9a=\
\x8f0>\xfa/\xb971\xae\xb9|f\xff\x80\x02:\
\xef\x1c\xc4\xd8\x17cON\xeb\x7f\xb5\x02SWO\xe2\
\x1d\x10{f\xca\xe0\xcf\x1a\xbc\xe7Z\x80q,\x18\x11\
\x88\x1a\xd4\xad9\xcb\x0c\x98\xc8\xe0\x95I\x80\xb1\x1f\xa2\
\xf9|\x22\xc1O\xbe7\x17\xbd\x03\xf2\xf1\x8b\xf9\xa7\xc7\
\xd5\xaak\x00#D\x185\xb9\xb4\xe7\xd3h\xcck\xb5\
\x02\xe9\xe2\x8d\x1e'\xd2\xff|\xc12>\xd8\x93\x17>\
5\xf7\x0a\x88]\xfd\x10( n\x8f\xe0\xdc\x00\xa7u\
N\xbe\xdc*\xc8\xd4>\x15\xf8\xe3\xaby+:_5\
x\xee\x9c\xaf\xc1\x0b\x9f\x0b1^\x01\xf9\xf4\xc5\xe8\x9c\
\xe0\xa5C#\xcff\x03\x1cs>\xe1\xa0`\x87\x93\xa6\
\xfbe\xba\xea\xa9'-\xaa>g\x07{\xe2mq\xc8\
+ \x1f\xbf\x98\xff\xaf\xb8\xdfA0\xaa\xbaC\x80\xe9\
\x1cA\xb9:\xd8\x93\xbf\xf9\x92\xc5\x1b i\xa3\xfe\xaf\
d\xc5.a\xf0\xd6g\x97X\xb2|\xbe\xdeb\x05\xd2\
!\xbbn\x04\x96Z\x01\x9b\xdd\xe0o\xbe\x96\xf8\xbd\x01\
Ra\xfeq1\xbb\xc1\xbe\xaf\x86\xb4\xd8\xce\xac\x9a\x83\
\x02v\x8f\xe5\x91=\xe9P\xfcL\x99\xc7y\xc86\x01\
\x99D\x82#\xdf\xcbr\x0e\xb6`\xd2\x16*\x90n\x1b\
\xe8\xc2O\xf1\xa3J\x81\x00\xa2\xe6\xd0\x03\x81\xc7\x07?\
\xc8\xef-\xb4\x0d\xab\xb4e\x05>\xfee\xdeA\xecQ\
\xa5\xe2ph\x9d\x03\x02$3\x81\xde\xb7\xf4+\xe7\x22\
[\xf6\xc8\x96\x14\x9f\x0e\xd7\x7f\xa9\xbc\x9f\x16  \x0b\
P\xd2s5[\xfb\x82\xac%>\xd2\xcbj\xa4_\x98\
\xea\x12\xad\xdb\xc5~\x01\x03b\x1dC?\x8c\x89\xf5#\
\xfe\x01~\xe7\x9eH\xd8\xac\xd8\xfb\x8f\x0d\x0e#\xd8#\
(~\xee8\x0e\x1d\x90%\x97\x98\xc0\xe0\xb4Kw)\
\x85\xed\xd2\xee\xad[\xdcq&\xf6\xb4\xb7\xff\xdb/{\
\x06\xc8\xc2\x22Y\xcfb\x04\xe3\xf8\x1b\xce\xb9D\xec\xee\
\xacM\xe4\xa0K\xb5\xd1c<\xd7\x93\xbd^{\x8au\
\x95\xef+ +\xf4\x98\x18\xbd\xde\x92\xc04\xe1\xe7\x85\
\xcb\xc8\x03!\xc9|\xc2\x7f/\xf1Pm\x08\xc8ju\
\xf2\xf7\xc1\xeaW\x84\xa1\xdf<^\xd8ck~Qo\
\xd0\xcf\xeeHN?\x98\xf23\x97\xa8Zo\x02R\x5c\
\xb9E\x10\x19\xc1\xb8/W\xf6\x17W\xa7\xdc\x9bwB\
I\x18\xec\xb76x\x10\x01)g\xd85o\xebe\x0d\
z1\xd9T\xaf\xed_\x04\x8by\x84\xcb\xbe\xae\x9c\xd9\
\x8f\x9an\xf0}\x16OE\xcc\x22z\x96\x0e\x91\xcam\
\xd6y1Q\xc5L\x08HE\xe1\xca%\xb3\x00i\x92\
|\xe8\xb2X\xa1\x9a'a\xcc\xba\x10\x07#\x1f3\xd1\
\x0c\xb0\x1b\xa5\xf3\x81\xa5Pr\xdd\x02`\x93\x1d\x09\xc8\
&\x85\xb6\xf6w\x1b\xc2,_z\xd6C\xd5Q\xa3\xdc\
/|>\xfb>\x87\x90Kt\x08\x04\x90\xcb\xb2\xc7\x98\
\xebp2\xe6\xd9\x09\x05\xca\xf9J\x10\x80\x18\xbc\x98\xed\
`\xba3\xb7\x87\xd1|~\x97\xdc\x09\x8b\xb3\x92\x1b\x15\
\xb0\xf7\x11\xe8\x17\xa6;3{\xa5j\xf1O\xb9C\x01\
$;\x9ch\xc7\xc9\x8f\xf1J\x8c\xbd\xe9\xbd\xf8\xb9\xff\
\x8d\x1a\xf3\x85\x0e*pa\x04'\xf3o\x18e\x1b\xc1\
\xa5\xbf5\x0a\x0d\x90\xbc\x11u%\xe5\xd1\xdc\x9e\xcb\xd1\
c\x08\x84\xa5\x83\x1e^\xa1\xca\x17zH\xf5f\x80\xd1\
\xaa\x15D\x02\xb2F\xd1&\xeeR\xaa`L&qW\
\xa0\xd4\x1dg\x04\xa4\xa0\xe0\xe9\xa5\xcaz\xa1\xb2\xde\x09\
\xeb~EL\xc1r\xf9\x9a\x07\x05\x04\xe7\x88\xed\xa7\xb3\
\xe3\xb2\xdf\xfd\x10\x90\x8a\xfa\xa7\xa1\xdb4\xc0\xa7\xbd\x17\
\x96\xabb\x15\x85\xf4\x9fLW\x9d\xc6zq\xb8\x08\xc6\
\xae\x9fU\x13\x10O\x06\xca.Q^\x5c\xa0\xac\xb1/\
\xd8\xd3xRwM6\xda3\x18L\xb3[\xf4\xeb\xb8\
4\x9c\x80\xd4kB\xa4\xdf\x1f\xe8\x06Z\x9b\xe3]\xd4\
\xac\x82S\xf6\xf7\xe2\xa9D\x11\xae\x5c{\x86\xa25\x22\
 E\x95\xaa\xe1\xbd\x0c\x9eE\xcc\x8b.F\x5cr\xd7\
\xe5ND\xad,\x96J\x93\x10<\xd4\x04\x02\xe2n\xe0\
Zs\xb0\x97\xe2\xe9f\x95\x9eb\xc8\x82\xc7d%\xea\
\x82A\xfe\xd9\xee\x90\xee\x1a\x92\x9c\x1f[<\xc9\xc4\xd8\
>\x99\xe3\xeb\xbf\xeb\x18\x0a\xd5e\x04\x02R\x97\xb2-\
\xca7\x0f\x99k\xb5\xf4\x04B\x9fN\x1c\x13\x10W\x8f\
a\xfa\xa0\x15  A\x9b\x97\x8dsU\x80\x80\xb8*\
\xc8\xf4A+@@\x826/\x1b\xe7\xaa\x00\x01qU\
\x90\xe9\x83V\x80\x80\x04m^6\xceU\x01\x02\xe2\xaa\
 \xd3\x07\xad\x00\x01\x09\xda\xbcl\x9c\xab\x02\x04\xc4U\
A\xa6\x0fZ\x01\x02\x12\xb4y\xd98W\x05\x08\x88\xab\
\x82L\x1f\xb4\x02\x04$h\xf3\xb2q\xae\x0a\x10\x10W\
\x05\x99>h\x05\x08H\xd0\xe6e\xe3\x5c\x15  \xae\
\x0a2}\xd0\x0a\xf4\x13\x10`2\x1b\xe0\x7f\xfa\xf4]\
C\xd0^\x5cS\xe3\xd28\xe9\x1fJ\x05\xe1\x09\xe2\xe2\
\xb8D\xd0+\x01\xde\xbf\xde\x13F\xb5\xad\xc9\xc1\xba\x9c\
-\xe3\xa4\xdfZ\x8fq\xd2\xbb\xec\xc9\x9e\xeb\x9e\x0e\xa9\
~+\xd5k\xe4\xeb\x10P\x0f\xb2,\xed8\x16\x9c\x1c\
>\x91\xcf\x9e5gv\x1dP\x80q\xd2\x0b\x1a)\x8d\
\xa9q:\x8bp\xc69JA\xd1:\xfa\x9a\xbd^v\
\x8ew^\xa3\xdf\x06\xdc\x83\xac2\xb3\x8d\x93>\xdb\xc1\
g\xc2\xd2Q\x0a\x96\xaam'\xde\xc0K\x18\x1b\xf6\xc2\
\x7f\x04\xdc\x9e\x01\x92\x97\xd7\x86}F\x8c\x11#\xd8v\
\x07\x96,,\xf4 \x01B\xaf\x8a\xad7\x0an\x8f\x01\
\xb97g\x81`l\xe6\x18w!^`w\x5c\xda\xad\
\xa6\x8c\x93\xbeB\xbf\xd2\x9b9n6X\x99\xda\xce]\
\x0c&\x880!45\x08\xbc\x22\xcb,H\xa8\x0c\xb0\
\x8f\x18\xcf\x18'}\x8d\xeem\x00dU\xd5\x18'\xdd\
\x1f(\x8c\x93\xee\xa0e[\x01y\xa0II\x98g\x83\
+\xedq\xb28\xe9\x83\x01\xae\x9b\xba\x94\xd9A\xeeZ\
\x92\xea\xe4y>\xc7wY\x9ct\xed\x11 6>z\
\xb7\xc2Ds\x0eR\x8b\x7f\xac\xca\xd4\xdek\xbb6N\
\xfa#\x5c\xb6}e\xcd.\xa3\xde\xe0{m\xc7\xc2\xf1\
\xb5M\x06\xbbr\xbb\x82t\xf7~\xe1\xc6\xe4\xad\xa9 \
\x02R\x93\xb0\xee\xd9&\xbd\xd2\xd2\x93\x07\xcc\xbd\x88$\
\x87%\x07\xcfg\xdb\xad_{_\x82\xe4\xf3\x09\x04\x90\
r\xb1\xaf\xeb\x10\x92yvE\x81r\xbe\x12\x04 \x06\
/4\xfeD\x9c\x84~>\xec\x8a\xa5X\xcf\xc6\x14`\
\x9ct\xc6Io\xcc\xd9\xbaT\x10\xe3\xa4'\x83h\xbc\
X\x15\xed\x94q\xd2\xbb\xe4\xcb\xde\xea\xca8\xe9\xf7\xa4\
,0N\xcc`I\x8f'\xbc\xf4f\x0ef\xb4m\x05\
\x18'}\xa3\x05\x0a\x00\xb2\x9c\x07\xe3\xa4oT\xb5\xbd\
/0N\xba\xd9\x87\xe0\x9f\x85-T\x01\x90\xe5\xbc\x19\
'\xbd\xb0\xdaM\xbfx\xa1\xcb\xdd\x8c\x93\x9e\x93\xbd\xf4\
N\xba\x07@\x96\xad\xce8\xe9Ms\x00`)N\xfa\
\xaay\xa5k\xad\xb6\xe9[\xe2Z\xf9,\xfd6\x1b\xb1\
\xa9\x0d\xb9\x00\x9a\x8c\x93\xbeI\xac\xd5\x7f\xbf\x17'\xbd\
\xc9@\xa2\xdb\xf4\xad^\x00\xf2\x90O\xdc\x8b\x93\x1e-\
\xce\x1e\xe9J\xdb\xf3j\xfe\xd4\xb1T\xda\x0b$+\x8b\
S\xfd\x8fq\xd2o\xed\xd7{@\x8a\xb8r6t\xb3\
>\xb4\x14'\xdd\x1e\xefN\x0e\xf4%\x8f\xb1\x1f\x03\xd9\
\xb3O[x\xb2_\xfa\xdb\xa2\x19'\xdd\xc9\x0c\x04\xc4\
I\xber\x89\xd3U\xb8r\x89V\xbc=\x9bar\xf4\
\x93\xe8\xb9\xaf^<\x1cb\xf5\xc2\xccldU\x05\x08\
HU\xe5\x98\xae\x17\x0a\x10\x90^\x98\x99\x8d\xac\xaa\x00\
\x01\xa9\xaa\x1c\xd3\xf5B\x01\x02\xd2\x0b3\xb3\x91U\x15\
  U\x95c\xba^(@@zaf6\xb2\xaa\
\x02\x04\xa4\xaarL\xd7\x0b\x05\x08H/\xcc\xccFV\
U\x80\x80TU\x8e\xe9z\xa1\x00\x01\xe9\x85\x99\xd9\xc8\
\xaa\x0a\x10\x90\xaa\xca1]/\x14  \xbd03\x1b\
YU\x01\x02RU9\xa6\xeb\x85\x02\x04\xa4\x17ff\
#\xab*@@\xaa*\xc7t\xbdP\x80\x80\xf4\xc2\xcc\
ldU\x05\x08HU\xe5\x98\xae\x17\x0a\xf4\x13\x10`\
2\xbb\xc1\x8b>}:\xda\x0bo\xf6\xdcH{\x1f\xc0\
#{\xdfZ\xf1h\xb8\x1e\xaf\x94\xda\xde7\xe9\xf6J\
%\x1bS\xf0\xa8\x8e\xbb\x94<\xdb\x89\xd9mA\x01\xed\
9D\xf0\xa1tT\xdcP\x00\xc94\x17\xe0\xf4f\x80\
_\xdb\x1e\xadi\x0b>\xd2\xcb\x22\xd3{\xcc~\x83\xd8\
\xb0\xd1\xe5\x9f\xd0\x00!(\xe5} \xc4\x14\xe9U\xb2\
\xef\x0c\xf0\xd6\xa9}\xa1\x02\x92\x13e\xac\xbd\xca\xeb=\
9s\x12\x8a\x89[\xaf\x80\xce1\x1e=\xc2\xcb\x14\x0a\
?\xb1\x12{\x00Hf\xd8+\x01Fs\xc1\xe8\xf0\x89\
|n\xbd\xb5Y\xc1B\x0a(\x14\xd1c<\x1f\x18\xbc\
2\xb0\xc3\xa8\xdb\x8b\xf7\x0a\xe5\xb0\xe1\xa5\x1e\x01rW\
\x09\x83\x91\x08F7\x03\x9cs\xbe\xe2\xc3\x93\x9a\xcb#\
\x9dWh\x8c\x17\x8d\x02PmnQ\xb4\xba\xbd\x05$\
'\x90\xae\x80\x01\xd00\xcdc\x02S\xd4s\x9a{/\
\x0d~\xa4w\x1b\xeb\xb0i\xbf\xf4J\x94KU\x09\xc8\
J\xf5\x92\x10\xcc\x82q\x0cL\xe2\x08\x17\xece\x5c\xbc\
\xacxZ\x85!\x8a\xf14\xd2\xbd\x0ac\x81\xd8n(\
j\x02R\xd8x\x0bh\xc4`\x1a\xc7\x98\xbe\xf9Q\x92\
\x9b\xcc\xf9\x94V@\xe7\x0e\x83\x01\x9e\xa6\x17v\x0f%\
\x01a\xbb0\xacj\x05\x01)m\xdb\xe5\x04\x16\x1c\xbb\
Q)\x98f\xf0\xcc\xe7\xb8\xe8\xfb\xce~\x06A\x14a\
h\x04C1\x18\xa6\xc3\xa3\xf6\x81\xb0\xce\x0d\x08\x883\
 \x0ff`\xc1I\xe68\xba\xdd\xaf\xf3\x1cd\x10\xe9\
\xbf\xe7\x8fp\xd9\xb5\xe1\x9b\xee1\xcc\xe7\xf8N\xeb\x9f\
9\xbfm_2$\xd2\xa7;\x00l2?\x01\xd9\xa4\
P\xe3\x7f\xb7\x10eO\xd63\xad\xaa\x85\xce\x8fd\x8e\
J\xa1\x0b\xcc\x00\xbbv\x9c\xbf\xe2\xc9\xfd\xd2\xe7\xff\xea\
g_\xa1q9\x1d\x0b\x0c\x04\x90k \xf9E\xe3C\
\x056(P\xceW\x82\x00\xc4\xe0\x05\x06\xd8\x85\xc1\xfb\
\xde\x84:#\x07\xe5\x14\xd0\xd0p\x82\x13h\x8f\xdbp\
\x04\xe5\xdch\xa0\x5c\x9d\xd7\xbd\xedrf?\xddDz\
\x0b\xb1gp\xb6\x15\xbe\xcc\x8f\x10\xcc\xc5U\x81K\x18\
\x9c\xcevp\x9a\xcd\xf3\x5c|\xcb\xb52\xdb;\xee\xbe\
\xa6\x1bL\xc5PPt\xb7\x95C0W\x0bw#\xbd\
\x0e\xa1F\x0a\xc6\xaaO\x1f\x08\xc8\x1a#\xda\x08\xb4z\
\xb23Yiy\xda\x0d[\xb3\x96\x05\x15\xb8\xd0\x15\xc2\
\x088\xfd\xfb\x13\x99<\x94\x86\x80\x14PT\x87a\x83\
\x18\xfbr\xbbSK`\x0a\xe8\xd6\xa2W.t\xef\xc9\
\x08\xc6\xf3\x08\xe32\xcb\xe4\x04\xa4\x82\x15s\xa1\x99\xf7\
\x11a\x1f\xc6.\x7frHVA\xcb\x1a\x92\x5cC0\
A\x12\x82z\xec\x1a\x95\x97\x80x\xb2\x90\x1d\x92\x09\x86\
\x98\xe3Y\x0a\xcd6c\x96{jU\xeb\xb3Ib\xb3\
+\x0c\x03L\x22\x83\xe9\xa6!S\xd9\x16\x11\x90\xb2\x8a\
\x95x?\xebiL\x84\xa1\xc4\x18\xdasD\x80\x82\xc3\
!Z\x09\x1d!8\x17\x83+c01\x11\xa6\x12c\
\xea\xda3\x14-\x9e\x80\x14U\xca\xf3{\xe9\xf2\xf2\xd0\
\xee\xc7$\xbd\x8e~\xb8\x93\xecT\x1b\xe8Q\xed\xfe<\
\xba\xe7\xa0O2,\x82\xf6\x06\xba\xff0\xdb\xc1\xb4\xcc\
|\xa1\x0e\xc1\x08H\x1d\xaaz\xca37\xd7A\xd6\x0b\
-\xb2\xd6\xb9O\xfei\x0bT\x99\xb3gu\xcb\x9c>\
\xe7\xf8\xfa\xcf\xa6z\x00WS\x10\x10W\x05[\x9c~\
\xd1K\xd5P\xc76\xfc\xba\xd7\xd0\xac{Y\x12\x90&\
Tf\x19\x9dU\x80\x80t\xd6t\xacx\x13\x0a\x10\x90\
&Tf\x19\x9dU\x80\x80t\xd6t\xacx\x13\x0a\x10\
\x90&Tf\x19\x9dU\x80\x80t\xd6t\xacx\x13\x0a\
\x10\x90&Tf\x19\x9dU\x80\x80t\xd6t\xacx\x13\
\x0a\x10\x90&Tf\x19\x9dU\x80\x80t\xd6t\xacx\
\x13\x0a\x10\x90&Tf\x19\x9dU\x80\x80t\xd6t\xac\
x\x13\x0a\x10\x90&Tf\x19\x9dU\x80\x80t\xd6t\
\xacx\x13\x0a\x10\x90&Tf\x19\x9dU\x80\x80t\xd6\
t\xacx\x13\x0a\x10\x90&Tf\x19\x9dU\x80\x80t\
\xd6t\xacx\x13\x0a\xf4\x12\x10\x0d\xf3|s\x83\x9f\xfb\
\x1e\xb0\xa6\x09\x07\xebr\x19i\x98\xe8\xdfJ\xc5No\
\xe3\xed\xee\xf6N*\x83?K\x1ac\x12\x09\x8e|\xdf\
\xa3T\xb2\x0e|\xbd\xa5\x0a\xa4>\xf5aq\xd3L\xc1\
zF\x82\x9f|\xf9\x94\xb7\xcb\xab\xb5\xee\x1f\xbf\x18S\
\xb0\x0dw_\x13\x1c\xcf\xbe\xe1w\xf6&\x95\xd4\x0b.\
\x91\xbdI\xe61\xde\xc1\xe0\xb8J\xe3\x0e\xf6\xc4\x9b_\
{\xcbH\x1b\xf2\xe9\x8b\x19\x19@caWy4\x06\
\xc4\xc9,\xc2\xd9\xb6\xefa\xaaRy\xa6qW\xc0\xde\
\x00\x13\xe3\xd0\xc6\x8c\x81\xbd\xa3\xac\xf4#\xc0\xe7\xd7{\
\xe2-\x0e\xbbW@\xfe\xf8j\xde\x8a\x81v\x89N\x8f\
\xceO\x8c\xc1\xd9\xaa\xab\xf0\x9d2f\xe2V*p\xf6\
\xd5\xbc\x1c\x18\xbc*5\xcfX\xd3\x12#8z\xf3D\
N}5\xd4+ \xe90K\x83_z\x09\x82\xa3\xb1\
\xfeb`4\x10\x9c\xf9\x1aS\xfa\x12\x8e\xf9\xb8)`\
\x83\x8a\x1a\x1cF\xb0`\xe8U\xb0>\x9e\x8b\x83=Y\
\x19\xc3\xb1j\xe6\xfe\x01\xf9\xcb\xec\x97\x0a\x97U\xb0\xe6\
\x0a\x8b\xde\x14>\x17\x8c\xe2o8\xe7|\xa5\xa0p-\
yM\xe7\x15\xd1c<\xd7\x9e\x02\xc0\xbeG(n[\
\xe8q\xf5*\xcb\xd4; \xb6\x17\xf9\xcb\x1cC\xf0K\
\xcd\xb6\x99\x18`\xac\xf1&\x08L\xcdJW\xc8>\x03\
B\xe3\xb9\x08\xec\x15\xad^\x7f\xd9\xefU\xc9\xe0\xd7\x83\
\x1f\xa4\xd2\xa4\xfe\xa1\xe6\xd5\x02H:\xd4\xd2q\xe0a\
\x05m\xab&\x99\x88\x06h\xd1\xdb\xc7\x0d&o~\x94\
\xe42f>\x8d(\xf0\xc7\xbf\xccs\xbd9?\xbd=\
_a\xa8\x17\x88\xbb\xad:;\xd8\x13\x0d\xdb\xe7\xfd\xa9\
\x0d\x90-A\xb2,\xd0\x04\x06SD\x98h|\xf2\x1d\
\xe0\x92s\x197\x1f\xb2s\x879\xbe\x93\x81\x8d\xf65\
4\x09\x08M\xc2\xb0\xdc\x80\xda\xe0\xd0\x82j\x05D\x0b\
HW\xb6NZ\x16\xfdIc\xe2\xe9\xb2\xf2\x18q\x12\
\xf3b0\xc05\xe1I|o\x01\x81\xa4!!\x92\xb0\
w\xb7\xa1!\xdc\x18\xf3\x95\xfa\xda\x08\xde\xfb\x5c\xb1Z\
U\xb1\xda\x01\xc9\x04\x8f\x81\x93\x8e\xc4\xdc\xb8\xd2Xz\
Zo\x03LDp%\x06\xd38\xb6\x8b\x04\xe82H\
6\xce\xe3M\xb2\xc2\x18E\x18\x1a\xc1\xd0\x18\xec\xcam\
\x0f\xa0=A\xa5\xfd\x07_^_(\x1f\xc1y\x04\xbc\
o\xe2\x07\xad\x11@\xb2F\xb7\xb47)d\x935/\
-`Z\xfc]{\xa5\xe5'\xed\xa5\x5c\x0aZN\xab\
c\xfd4\xe0\xcf\xdd?%\xbf\xf6\xf9\xa7\x1bN_L\
\x9cK#8\xae\xbb\xd7\xc8W\xa5Q@\xb4\xe04 \
\xcd{\x88\xdd-e\xd0\xcdb\x8e\xd1\xf7\xb7\xaeap\
2\x9b\xe1\xa4\xe9\xe5\xfd\xc6\x01\xc9,\xad\xa0\x0c\x1e\xe3\
\x95$\xe7m\xbcl,\xf6\xdd\x8b\x02l\xbf\xed1\xe6\
\xdf0j\x1a\x8cL\xcb\xad\x01\x927fz\xde_\x97\
\xe9\x9a\x5c\x16\x0e\xd0\x9f\x82i\xd2\x19\x0cN\xdbp\xd4\
\xa8\x15\x80,\xf7*Qr.\xa7\xea\xa1\xc7`\xbc\xa4\
O\x0d\xd1C\x86\xb1`\xb4\xcd\xdeb\x95\xde\xad\x02$\
_\xc1\xdc\x10L'\x9dz<\x81\xf3\x95\xb0\x88\xb9\x06\
0\xd2\x93\x10m\x83b\xab\x93\xf4\xaa6\xd6\xb5yc\
\xb0o\x04\xaf:\xb2\x5c\x5c\xb5\xa9\xe1\xa6Kb\xad\x8f\
D0nb\x89\xd6\x87\x90\xad\xedA65n\x01L\
\xb2\x86\xaf\xbd\x0c'\xfa\x9bDk\xf6\xef\x97z\xb84\
;\xfe\xd3\x86\xf9D\x95\xe6w\x16\x90\xe5\xc6\xe6\xe2\x99\
\xef\xa7\xe7\x81\xf4\x08\xf5\xd3*\xa20Mi\x05.\xf4\
\xb4\xb5\x9eHP(\xba\x12\x7f\xbdH+\x83\x01d]\
cu\x85\xccD\x18J\x8c\xa1\x05G\xb0\xcb!Z\x11\
\xd7X\xf1N2D\xb2GsL\x84\xa9\xc4\x98v\xb5\
g(\xaa@\xf0\x80\xac\x13\xc2~\xde9\xc30\x83'\
\xdd\x95~\x06c\x8fZ\xf4\xb5\xe7\xb9\x80 9\x1d\xa0\
\xbb\xff)\x04\xb3\x1dL\xfb\xfa\x19to\x01)\xf2\x0b\
b\xf7gn\x9f\xe4\xdf\xd1\xd2\xa1=c\xbf\x86k\xeb\
\xfc\xe7\x12\x92\x9c!K\x1f\xeb\xf8\xe9\xbf\x17GbB\
\xef\x05\x8a\xd8z\xdd;\x04\xc4E\xbd\x15iss\xa1\
{\x7f]\xf4V\x0eef\xbf\xea\xab\xb2\x08i\xec\xef\
 \x91\xd7\xa4\x04\xc4\xab\x9c\xcc,4\x05\x08Hh\x16\
e{\xbc*@@\xbc\xca\xc9\xccBS\x80\x80\x84f\
Q\xb6\xc7\xab\x02\x04\xc4\xab\x9c\xcc,4\x05\x08Hh\
\x16e{\xbc*@@\xbc\xca\xc9\xccBS\x80\x80\x84\
fQ\xb6\xc7\xab\x02\x04\xc4\xab\x9c\xcc,4\x05\x08H\
h\x16e{\xbc*@@\xbc\xca\xc9\xccBS\x80\x80\
\x84fQ\xb6\xc7\xab\x02\xff\x01\x9aw:n\x8b\xc9\xdc\
c\x00\x00\x00\x00IEND\xaeB`\x82\
\x00\x00\x12\x9e\
\x89\
PNG\x0d\x0a\x1a\x0a\x00\x00\x00\x0dIHDR\x00\
\x00\x00\xc8\x00\x00\x00\xc8\x08\x06\x00\x00\x00\xadX\xae\x9e\
\x00\x00\x12eIDATx^\xed\x9d\x7f\x8c\x1c\xe5\
y\xc7\xbf\xcf\x1c\x18\x88R\xc3\xceB\x8c\x82\xa1$\xbe\
\xb93\xb8\xd0\x868\x0a\xb4J\x0aIk\xec\x8a\x9f\x06\
\xac\xb4J\xa2\xb6\xa0\xe0\x9b\x85\x90\x1fm\xa1jI\x9d\
\x10)\x904N\xc0\xec\xdc\x05\xa5\x8a\x14\xaa$\x82\xda\
\xe1\x97\xc2\x8f(1M\xd4\x02\x0a\xd0\x96\xd41ws\
n(\x18\xc4\x81w\xd6\xb8i\x0a\x86\x9b\xa7\x9a;\x1b\
\xceg\xdf\xed\xcc;\xef\xec\xee\xcd~\xf7\xdf{\x9e\xe7\
}\x9f\xcf\xfb~vfgf\xf7\x04|\x91\x00\x09\xcc\
I@\xc8\x86\x04H`n\x02\x14\x84\xbb\x83\x04\xe6!\
@A\xb8=H\x80\x82p\x0f\x90\x80\x19\x01\x1eA\xcc\
\xb81\xabG\x08P\x90\x1eYh\xb6iF\x80\x82\x98\
qcV\x8f\x10\xa0 =\xb2\xd0l\xd3\x8c\x00\x051\
\xe3\xc6\xac\x1e!@Azd\xa1\xd9\xa6\x19\x01\x0ab\
\xc6\x8dY=B\xa0;\x05\xd9\xb0m\x91{\xdc\x11K\
\x9c>Y\xf2\xc6\xeb\xf1\xdb{d-z\xb2\xcd\xc3\x0e\
w~\x15O\xeaD\xf4\xf2k\x13\xd8\xb0bo\xb7A\
\xe8\xb8 \xd5M\xa3\xcb\xd5\x91sU\xe4\x22\x01\x96\x00\
8\x1e@\xa5\xdb@q>m!\xd0\x04\xf0\xa2\x02\x13\
\xa2z\x97\xc4\xfa`\xe3\xea\xc1\xa7\xdb2\xf2\x1c\x83t\
D\x10\xb7>\xbeZ\x1c\xfd\xfd8\xc6*\x11\x9c\xd1I\
\x00\x1c\xbb\xbb\x09\xa8\xe2I\xc7\xc1C\x1a\xcb?G\xb5\
\xfe\x07\xda=\xdb\xb6\x0aR\x1d\x1e\xff\x90j\x5c\x03d\
m\xbb\x1b\xe5xe \xa0[D\x9czc\xa8\xff\xc7\
\xed\xea\xa6-\x82\xb8Ax\xa6\x02\xbe\x00\x1fkWc\
\x1c\xa7\xbc\x04\x14\xb8]\x80 \xf2\xbdG\x8b\xee\xb2p\
A\xaaAx\xa3\x02\xd7\x16\xdd\x08\xeb\xf7\x1e\x01\x01n\
j\xf8\xdeuEv^\xa8 n\x10\xde\x01\xe0\xb2\x22\
\x1b`\xed\x9e'pg\xe4{\xeb\x8a\xa2P\x98 n\
\x10>\x0e\xe0\xbdEM\x9cuI`\x06\x81'\x22\xdf\
[Y\x04\x91B\x04q\x830\xe2\xa5\xda\x22\x96\x8b5\
\xe7!\xd0\x8c|\xcf\xb5M\xc8\xba n}\xecy\x88\
\xbc\xd3\xf6DY\x8f\x04Z\x12P}!\xaa\x0d\x9c\xd0\
2.C\x80UA*\xf5\xf0.\x11\x5c\x98a|\x86\
\x92\x80U\x02\xaa\xb8\xbbY\xf3.\xb2U\xd4\x9a n\
\x10~\x15\xc0glM\x8cuH \x07\x81\x8d\x91\xef\
}6G\xfe\x9b\xa9V\x04q\x87\xc7\xbf\x00\xd5\xebm\
L\x885H\xc0\x0a\x01\x91\x1b\xa2\xa1\xfe\xcf\xe5\xad\x95\
[\x90\xe4& \x80G\xf2N\x84\xf9$P\x00\x81\xb3\
\xf2\xdeL\xcc-H%\x08\xbf\xcd;\xe4\x05,-K\
\xe6&\x90\xdcqo\xfa\xde\xc7\xf3\x14\xca%\xc8\xf4\xb3\
U\xfa\xa3<\x13`.\x09\x14I@D>\x9c\xe7\xd9\
\xad\x5c\x82\xb8\xc1\xd8f\xfb\x0f\x1e\xca3\xaaz\x1f\x80\
\xed*\xd8\x89I\xec1\x01\xe88\xf1\xd9\x10\xe7\xefL\
r\x93\x9cx\x12\xe7\x98\xe6.\xc4<\xa7\x0f[\x8d\xe7\
\xad\xf1\xe7\xe3\xd8y\xd8(\xbf\x0f\x8bE\xb1\x14\xc0)\
\x22r\x1e\xa0'\x1b\xd5\x993I\xb7D\xfe\xc0%\xa6\
5\x8d\x05qG\xc6W#\xd6\xfbM\x07\x9e\x9d'\xc0\
\xbd\xb18\xb75\x87\x96%r\xe4~\xb9\xf5\xd1\x0dy\
\x05\xd9}\xb5g\xb6\xe8\xb9g\xdf\xde\x02\xc7l\x0a\xcf\
\xce+HT\x1b\xdc`c\xd6\x95\xe1\x1d\xe79\x1a\x7f\
B\x81\xf3m\xd4\x9b\xaa\xe1\xc8\x9ah\xbd\xd9\xa3\xf2\xe6\
\x82\x0c\x87\x1b\xa1\xf8\xb4\xa5&\xd6E\xbew\xa7\xa5Z\
Se(Hz\x9a\xdd$\xc8\xfeY\xbbA\x98<\xc3\
\x97<\xcb\x97\xff%\xf8Z4\xe4\x19\xdd\x820\x17\xa4\
\x1e\xfe'\x04+r\xcf\xde\xc1\x8ah\xbd\xf7\x8b\xdcu\
f\x15\xa0 \xe9\x89v\xa3 Sor#\xe1\xa9\x88\
\xb1-}'sD*\xb6E5\xef\xb7L\xea\x18\x09\
R\x09\x9e>]\xd0\xf7\x1f&\x03\xce\xcc\x11\x89\x976\
\x86\x06\x9f\xcf[\xe7P\xf9\x14$=\xd5n\x15$\xe9\
\xa0:<z\x82\xaa\xb33}7\x87\x8eTL\xfev\
\xd3_\xfeT\xd6:f\x82\x0c\x8f\xff\x95\xa8\xde\x94u\
\xb0\x03\xe4\x88\xe3\xb5\x8d\xab\x06\xbf\x9f\xa7\xc6|\xb9\x14\
$=\xd9n\x16dJ\x92[G/V\xc7\xd9\x92\xbe\
\xa3\x83#U\xe4\xda\xe6P\xff\x97\xb3\xd60\x13$\x08\
\xb7\x0apv\xd6\xc1\xf6\xc7'\x1f\xc8\x1b\xbew\x81i\
~\x9a<\x0a\x92\x86\xd2tL\xb7\x0b2%I\x10\xde\
\x93\xe7\x83\xbb\x02\x0f7}/\xf3\x95I#A\xdc \
L>3\x9c\x92~\x09\x0e\x8cTq\xce\xb7u\xb5j\
\xae9P\x90\xf4\xab\xb3\x10\x04I\xaen\x89\xc6\xf7\xa6\
\xef\xea\xa0\xc8\xed\x91\xef\x9d\x9a5\xdfT\x10\xf3\xef{\
\x08vFC\xde\x89Y'\x9a5\x9e\x82\xa4'\xb6\x10\
\x04I\xbaq\x87\xc3\xe70}\xcf\xc4\xe4e\xf4}\x91\
\xec\x82$?\xea\xf6\x8eE\xaf\x99\xcc0\xc9\x11\xc8H\
\xc3\xef\x1f2\xcdO\x9bGA\xd2\x92Z\x18\xa7X\xd3\
\xa7Y\xe3\xc3\x0a]\x9f\xbe\xb3\x03#\xa3\x97\xf6\x1e\x91\
\xf5\xc7\xe92\x0b\xe2\xd6\xc7O\x84\xe8\xb3\xa6\x93TE\
\xadY\xf3\x02\xd3\xfc\xb4y\x14$-\xa9\x85#H\xa5\
\x1e\xfa\x22\xa8\xa7\xeflV\xa4\xcaIQ\xad\xff\xb9,\
\xf9\x99\x059vd\xc7\xca8\x8e\x7f\x96e\x90\x99\xb1\
1p\xe1n\xdf\xbb\xc74?m\x1e\x05IKj\xe1\
\x08rL\x10^\xe0\x00w\xa7\xef\xec\xc0H\xc7q\xde\
\xb7k\xfd\xb2\xe4\xb7\x12R\xbf2\x0b\x92\xf7|5y\
\xc6\xa9\x1d\x8fpP\x90\xd4{`A\x5c\xc5J\xba\xe9\
\xc4\xde\xa3 s\xec\xa3v\x89\x9c~\x1b\x17\x17\x99w\
\xe3A\xe3\xcf\xdbz\x16k\xbe.\xf3\xce\xd3dM)\
\xc8\x02\x16d\xf1\xc6mn\xdf\x91G-m\xfa\xef\xce\
|\x87xf\xdby7\x1e\x05\x99A3/L\x13\x8b\
M\xde;\xcbz\x8aU\xd9\xb4\xe34\xe9\x8b\xff\x14@\
\xf2M\xce\xdf\x9db\xa3\x98\x80\xe8V\xc0\xd9\x1a\xf9\xfd\
\xb7e\xe5\x95wM)\x08\x05\xc9\xba\xe7\x0a\x89\xaf\xd6\
\xc3/\xa9\xa0\xd5Om>\xa1}\xce\xda\xe6\x95\xcbR\
_i\xa4 s/\x17O\xb1\x16\xc8)\x96\x1b\x84_\
\x03\xf0\xa9\xb4\xe6E}\xaf,\xc2\x95+_O\x13O\
A(H\x9a}r@L\xbbN\x05\xd3L\xac\x12\x8c\
\xaf\x11\xe8\x0f\xd2\xc4\xee\x8f\x11\x91/7\x86\xfaS\xfd\
h8\x05\xa1 Y\xf6\xd6Tl\xb7\x08\xe2\xde\x12.\
\xd6\xc3\xf0\x84\x00\xfd\x99\x9b\x10\xac\x8e\x86\xbc\x07[\xe5\
Q\x10\x0a\xd2j\x8f\x1c\xf4\xf7n\x11\xa4\x1a\xec\xf8\x03\
E\xfc\xc3\xcc\x0dL}xOw\xf9\x95\x82P\x90\xcc\
\xfb\xabk\x04\xa9\x8f\xff\x8d\x8a~1s\x03\xd3\x09\x0f\
F\xbe\xb7\xbaU.\x05\xa1 \xad\xf6H\xf7\x1eA\xea\
\xe1=*\xc6?`\xb0'\xf2\xbd\xa3[5OA(\
H\xab=\xd2\xb5\x82Tr~9-\xf2\xbd\x96W*\
)\x08\x05\xa1 \xf3\x10\xa0 \x14\x84\x82P\x10\xa3+\
\x93-\x0f\xbf\xb3\xb9\xe6}\xb7i\xd7\x87\xdf\xb2<j\
\xc2S\xac\xb7v`'\xf6\x1e\x05\x99\xe3\x9d\xb5]\x22\
\xb7:\xb4Q\x10\x0a\xd2j\x8f\x18\xfd\x9dG\x90il\
\xfc\x90\xfe\xd6\xf61y\xd3\xe3\x11\x84G\x90\xdc_D\
J{C\xd2\xe8\x9dnF\x12O\xb1\xf2\x12\x9c\x91\xcf\
#\x08\x8f \xb3\xb7\x13\x8f \x14\xe4\xa0\xb7\x18\x9eb\
\xf1\x14\xeb\x90\xc7\x1d\x1eAx\x04\xe1\x11d\x9eS2\
\x0aBA(\x08\x05i\xf9\xa9\x8d\xa7X<\xc5\xe2)\
\xd6<\x9aP\x10\x0aBA(H\xcb#i\x12\xc0\xab\
X\xbc\x8a\xc5\xabX\xf3\xa8BA(\x08\x05\xa1 \xa9\
\x8e\xa6\xa5\xf9'\x9e|\x16\xeb\xad\xf5\xe6\x9d\xf4t{\
?U\x14/\xf3\xf22//\xf3\xf6\xc0e^7\x08\
\xbf\x09\xe0\xf2T\xef\x0a\xb3\x82D\xb0\xa31\xe4\xb5\xfc\
5\x94\xbc\xef\xcc|\x16k\x06\xf8\xbc0M>(\x99\
l\x8e\xb2\x1cA\xaaA\xf8Q\x05n7a \xd0\x91\
\x86?\xd0\xf2\x9f\x15\xe5]S\x0aBAL\xf6\xa7\x95\
\x9c\xea\xa6\xd1\xe5\xda\xe7l7+\xa6\x7f\x1e\xf9\x03\xdf\
j\x95KA\xe6&\xc4\xc7\xdd\xe7`\xd3\xae#]\xab\
\xcd\x9b\xfc\xdd\x0d\xc6\xbe\x0b\xc8G\xd2\xc4\xce\x88y\xe1\
p\x91\xf7L\x0c\xf5\xbf\xd4*\x8f\x82P\x90V{\xe4\
\xa0\xbfw\x93 \xd3\x92\x8c\xff/\xa0oK\xdf\x88\xf3\
\xe9\xc8_\xf6\xf54\xf1\x14\x84\x82\xa4\xd9'\x07\xc4t\
\x9d \xb7\x86g\xc1\xc1\xbf\xa6iD!w5\xfd\xfe\
\x8b\xd3\xc4&1\x14\x84\x82\xa4\xdd+o\xc6u\x9b \
\xc9\xc4\x96n|\xee\xa8_\x1f\xf9\xea-\x00\xae\x98\xa3\
\xa1\xdd\xa2zy\xa36\xb0%K\xc3\x14\x84\x82d\xd9\
/S\xb1\xdd(\xc8\xfe&\xaa\xc1\xe8E\x80sj\x0c\
,\x17\x91*\xa0\xa3\x88e\xbb\xca\x1b\x8f5\xfd\xe5\x99\
\xff\xdb\x14\x05\xa1 \xa5\x12$s3-\x12(\x08\x05\
\xc9\xbc\xa7\xba\xf9\x08\x92\xb9\x19\x0ab|VP\xda\xcb\
\xbc\x95 \xbcV\x80\x1b\x8d7S\xca\xff\xada\x5c\xbf\
\x8b\x12\xdd\xe1\xf0\x5c(\x1e0\x9d\x92\x02\xd75}\xef\
&\xd3\xfc\xb4yy\x8ft&oz\xa5\x15\xc4\xad\x87\
\x97BpgZ\xf8\x07\xc5)\xae\x88j\xde?\x18\xe7\
/\xa0D\xb7\x1e^\x0eA\xf2H\x8b\xd9KqYT\
\xf3\xfe\xc9,9}\x16\x05I\xcf\xaae\xe41\xc3\xe1\
{\x1c\xc5\x93-\x03\xe7\x0aH\xf9\xcfg\x8c\xebwQ\
b\xee\xc7r\x04g\xec\x1e\xf2\xfe\xad\xe8\x96(\x88E\
\xc2\xee?\x86\x8b\xb1\x07\xaf\xe4(\x99\xea\x9f\xcf\xe4\xa8\
\xdf5\xa9n\x10&\xa7W\xe7\x1aOh1\x8e\x8e>\
\xea\xed1\xceO\x99HAR\x82J\x1b\xe6\x06\xe1\xcb\
\x00\x8eM\x1b?+n\x8f\xf69\xa7e\xf9w\xca\x86\
\xe3t4\xad\xf2\x8d\x1d'\xc9d\xfcs\x00\x8b\x0d'\
\xb2+\xf2\xbd\xe3\x0cs3\xa5Q\x90L\xb8Z\x07\xbb\
A\xf8(\x80\xf7\xb7\x8e\x9c#B\xf5\x1bQm`\xbd\
q\xfe\x02Ht\xebc#\x10\xb92\xc7T\x1f\x8b|\
\xef\xcc\x1c\xf9\xa9S)HjT\xe9\x02\xdd`\xec\x06\
@\xfe6]\xf4\x1cQ\xa2\x97FC\x03\x9bs\xd5\xe8\
\xd2dwx\xec\x12\xa8\xe4\xfcp\xad_\x8c\xfc\x81\xeb\
\xdb\xd1\x22\x05\xb1L\xd9\x0d\xc2\xe4\x9d\xed\x91\x9ce\x1b\
\x91\xef\x99\x9e\xa6\xe5\x1c\xba\xd8t7\x08w\x01\xa8\xe6\
\x1c\xe5\xac\xc8\xf7\x92#u\xe1/\x0aR\x00b7\x08\
\xff\x1b\xc0I9K\xff\x0b\xde\xc0\x1fE\x9f,\xfe\x83\
h\xcey\xa6JO\xfe\xf7:\x0e\xc3\x0f\x00\xfc^\xaa\
\x84\xb9\x83\x9e\x8d|\xef7s\xd6H\x9dNAR\xa3\
J\x1fX\x0d\xc6\x87\x15j\xe3s\xc4.(\xae[\xe8\
\xf7F\xf6\xdd\xf3Hn\xa0\xe6>*\x0ad\xa4\xe1\xf7\
\xb7\xfc\xc6b\xfa\xd5\x9a?\x92\x82\xd8\x229\xa3Ne\
x\xf4#\xa2\xcew-\x96~PT\xbe\xf3\x1bo\xeb\
\xbb\xe3\x99?{\xd7\xab\x16\xeb\x16V\xea\xe4o\xfd\xf2\
\xc8\xff\xf9\xf5\xe4:\x15\xfd\x93\x5c\x97sg\xcdP%\
\xfe\xe3\xe6\xd0\xe0\xf7\x0a\x9b\xf8\xac\xc2\x14\xa4 \xd2n\
0\xfe\x13@?`\xb5\xbc`/\x14[\x01\xec\x84\xc6\
;\xad\xd6\xb6UL\x9c\xa5\xc9S\xf2\x10\x9c\x03\xc5\x22\
[e\xa7\xeb\xc8O#\xbf\xff\x83vk\xf2\x08\xd2\x91\
\xc7\xc8\xed\x5c\xadi\xe7VX\x00cu\xe0\xea\x1e\x8f\
 \x05\xee\x0b7\x08\x93\xcb\x99\x97\x148D/\x95\xde\
\x1c\xf9\xde\xa5\xedn\x98\x82\x14H\xbc\x12\x8c~@\xe0\
\xfc\xa4\xc0!z\xa6\xb4\x22\xfe`\xd3\x1f\xfci\xbb\x1b\
\xa6 \x05\x13w\x83\xb1\xaf\x00\xf2\x17\x05\x0fS\xf2\xf2\
\xfa\xf7\x91?\xf0\x97\x9dh\x92\x82\xb4\x81\xba\x1b\x84\x0f\
\x02X\xd5\x86\xa1\xca8\xc4C\x91\xef\x99?\xd4\x98\x93\
\x08\x05\xc9\x090m\xba[\x0f_\x84`I\xdax\xc6\
\x01PLD5\xef\xf8N\xb2\xa0 m\xa2\x7ft0\
\xf6\xee>\xc8\x8e6\x0dW\x8aa&\xa1\xcb^\xf1\x07\
\xfe\xab\x93\xcdP\x906\xd2\xaf\xde:\xf6~u\xa4-\
\xcf\x10\xb5\xb1\xadB\x86\x92X\xcfl\x5c5\xf0X!\
\xc53\x14\xa5 \x19`\xd9\x08=:x\xaa\xd2\x87\xa3\
\xee\xcf\xf5H\xbc\x8d\x89to\x8d\xc7&\xf1\x7fk^\
\xf1Oov\xc3\x14)H\x87V\xa1\x1a\x84\x81\x02m\
{\xa6\xa8Cmf\x1aV\x80\xe1\x86\xef\xf9\x99\x92\x0a\
\x0e\xa6 \x05\x03\x9e\xaf\xfc\xf4\xf7\xb2\xfb>\x09h\xa5\
\x83\xd3\xe8\x82\xa1\xa5\x09\x9d\xbc%\xaa\x0dn\xe8\x82\xc9\
\x1c0\x05\x0a\xd2\xe1\x1596xzP\xd1wM\xaf\
\x1eM\x92\xa3\x86`\xf2\xe6]\xfe\xf2\xd1\x0e/\xc5!\
\x87\xa7 ]\xb2*\xfb\xee\xba_\xd3C\x8f\xa6lV\
\xc47w\xe2\xeex\x96%\xa7 Yh\xb5!\xf6\xd8\
\x91\x1d+5\x8eW\xc5\xc0\x1f\x0apv\x1b\x86l\xdb\
\x10\x0a<\xec\x00?\x14\xc7yh\xd7\xfae\x8f\xb7m\
\xe0\x1c\x03Q\x90\x1c\xf0\x8aN]\xfc\xcd\xe7\xdc\xbe\xd7\
_]#\xaa\xbf\xa3\x90%\x82\xe4F\xa3\x1e\x0f\x95%\
]{\xd3Q1\x01\xd1\x09@^T`B\xa0\x13*\
\xf2\xef\x93\x87\x1fy\xff\x9e+N\x8c\x8aff\xbb>\
\x05\xb1M\x94\xf5JE\x80\x82\x94j9\xd9\x8cm\x02\
\x14\xc46Q\xd6+\x15\x01\x0aR\xaa\xe5d3\xb6\x09\
P\x10\xdbDY\xafT\x04(H\xa9\x96\x93\xcd\xd8&\
@Al\x13e\xbdR\x11\xa0 \xa5ZN6c\x9b\
\x00\x05\xb1M\x94\xf5JE\x80\x82\x94j9\xd9\x8cm\
\x02\x14\xc46Q\xd6+\x15\x01\x0aR\xaa\xe5d3\xb6\
\x09P\x10\xdbDY\xafT\x04(H\xa9\x96\x93\xcd\xd8\
&@Al\x13e\xbdR\x11\xa0 \xa5ZN6c\
\x9b\x00\x05\xb1M\x94\xf5JE\x80\x82\x94j9\xd9\x8c\
m\x02\x14\xc46Q\xd6+\x15\x01\x0aR\xaa\xe5d3\
\xb6\x09P\x10\xdbDY\xafT\x04(H\xa9\x96\x93\xcd\
\xd8&@Al\x13e\xbdR\x11\xa0 \xa5ZN6\
c\x9b\x00\x05\xb1M\x94\xf5JE\x80\x82\x94j9\xd9\
\x8cm\x02\x14\xc46Q\xd6+\x15\x01\x0aR\xaa\xe5d\
3\xb6\x09P\x10\xdbDY\xafT\x04(H\xa9\x96\x93\
\xcd\xd8&@Al\x13e\xbdR\x11\xa0 \xa5ZN\
6c\x9b\x00\x05\xb1M\x94\xf5JE\x80\x82\x94j9\
\xd9\x8cm\x02\x14\xc46Q\xd6+\x15\x01\x0aR\xaa\xe5\
d3\xb6\x09P\x10\xdbDY\xafT\x04(H\xa9\x96\
\x93\xcd\xd8&@Al\x13e\xbdR\x11\xa0 \xa5Z\
N6c\x9b\x00\x05\xb1M\x94\xf5JE\x80\x82\x94j\
9\xd9\x8cm\x02\x14\xc46Q\xd6+\x15\x01\x0aR\xaa\
\xe5d3\xb6\x09P\x10\xdbDY\xafT\x04(H\xa9\
\x96\x93\xcd\xd8&@Al\x13e\xbdR\x11\xa0 \xa5\
ZN6c\x9b\x00\x05\xb1M\x94\xf5JE\x80\x82\x94\
j9\xd9\x8cm\x02\x14\xc46Q\xd6+\x15\x01\x0aR\
\xaa\xe5d3\xb6\x09P\x10\xdbDY\xafT\x04(H\
\xa9\x96\x93\xcd\xd8&\xb0 \x049vd\xc7\xca8\x8e\
\x7ff\xda|\x0c\x5c\xb8\xdb\xf7\xee1\xcdg^\xef\x12\
8&\x08/p\x80\xbbM\x098\x8e\xf3\xbe]\xeb\x97\
=\x9e%_\xb2\x04'\xb1n}\xfcD\x88>\x9b5\
o\x7f\xbc*j\xcd\x9a\x17\x98\xe63\xafw\x09T\xea\
\xa1/\x82\xba1\x01\x95\x93\xa2Z\xffsY\xf23\x0b\
\x82\x0d\xdb\x16\xb9\xefX\xf4Z\x96Af\xc6\xaa\xe2\xd6\
f\xcd\xbb\xda4\x9fy\xbdK\xa0R\x0f7\x89\xe0*\
S\x02\xd1K{\x8f\xc0\x86\x15{\xb3\xe4g\x17$9\
\x8a\x04a\x04\xa0\x92e\xa0\xb7b\xe5\x99\xc8\xef\x7f\x97\
Y.\xb3z\x99\x80\x1b\x8c\xff\x12\xd0\x93\x0d\x194#\
\xdfs\xb3\xe6\x9a\x0a\xf2\x0b\x00\xa7d\x1d\xec\xcd\xd3,\
q\xceo\x0e-\xbb\xcf4\x9fy\xbdG\xa02\xbc\xe3\
<\xd1\xf8\xde\x1c\x9do\x8f|\xef\xd4\xac\xf9F\x82T\
\x82p\xab\x00gg\x1dl\x7f\xbc\x00\xf76|\xef\x02\
\xd3|\xe6\xf5\x1e\x81j\x10\xde\xa3\xc0\xf9\xa6\x9d+\xf0\
p\xd3\xf7\xce\xc9\x9ao$\x88[\x1f\xbb\x06\x22_\xcf\
:\xd8\xac\xf8u\x91\xef\xdd\x99\xb3\x06\xd3{\x80\x80\x1b\
\x84\x97\x01\xb8#W\xab\xaa\x9f\x8aj\x037g\xada\
$Hu\xd3\xe8r\xeds\xb6g\x1d\xec\xa0x\x07+\
\xa2\xf5^r\xba\xc6\x17\x09\x1c\x92\x80;\x12\x9e\x8a\x18\
\xdb\xf2\xe2\x91\xc9\xf8\x94\xc6\xd5\x83Og\xadc$H\
2H\xa5\x1e>!\x823\xb2\x0e8;^$^\xda\
\x18\x1a|>o\x1d\xe6\x97\x8f@ux\xf4\x04Ug\
g\xde\xceT\xf1d\xb3\xe6\xbd\xd7\xa4\x8e\xb1 \xd5\xe1\
\xf0K\xaa\xb8\xced\xd0\x83$\x89\xe3\xb5\x8d\xab\x06\xbf\
o\xa3\x16k\x94\x83@\xf5\xd6\xd1\x8b\xd5q\xb6\xd8\xe8\
F\x0476\x86\xbc\xbf6\xa9e,\x88[\x1f_\x0d\
\xd1\xfbM\x06=TN\xf2\xc1=\x16\xe76^\xdd\xb2\
Eta\xd6I\xaeV9\x1a\x7f\x22\xcf\x07\xf2\x83:\
WY\x13\xd5\xfa\x1f0!b,H2\x98\x1b\x8cm\
\x06d\xad\xc9\xc0s\xe6\x08v\x8a\xca}\xb1\xea\xcfU\
\xb0\x13\x93\xd8c\xb5>\x8bu\x17\x81>,\x16\xc5R\
G\xe44\x15=\x0f\x8a\xa5v'\xa8[\x22\x7f\xe0\x12\
\xd3\x9a\xb9\x04\xa9\x0e\x8f\x7fHU\x7fd:8\xf3H\
\xa0h\x02\x22\xf2\xe1\xc6P\xff\x8fM\xc7\xc9%H2\
h%\x08\xbf-\xc0\xc7L'\xc0<\x12(\x8a\x80\x02\
\xb77}\xef\xe3y\xea\xe7\x16\xc4\x0d\xc23\x01<\x92\
g\x12\xcc%\x81\x82\x08\x9c\x15\xf9\xde\xa3yj\xe7\x16\
$\x19\xbc\x1a\x847*pm\x9e\x890\x97\x04l\x12\
\x10\xe0\xa6\x86\xef\xe5\xbe\xcajE\x90\xe9\x0f\xecar\
\xa73\xb9\xe3\xc9\x17\x09t\x9a\xc0\x9d\x91\xef\xad\xb31\
\x09k\x82\xec\x93$\xf92\x8a\xd1\x0d\x19\x1b\xcd\xb0\x06\
\x09\x00x\x22\xf2\xbd\x95\xb6HX\x15d\x9f$9\x1e\
\x85\xb7\xd5\x16\xeb\xf4(\x01\xa3G\xda\xe7ce]\x90\
)I\xeac\xcfC\xe4\x9d=\xbaHl\xbb\x13\x04T\
_\x88j\x03'\xd8\x1e\xba\x10A\x92IV\xea\xe1]\
\x22\xb8\xd0\xf6\x84Y\x8f\x04f\x13P\xc5\xdd\xcd\x9aw\
Q\x11d\x0a\x13d\xdf\xe9\xd6W\x01|\xa6\x88\x89\xb3\
&\x09\xec#\xb01\xf2\xbd\xcf\x16E\xa3PA\xa6$\
\x19\x1e\xff\x02T\xaf/\xaa\x01\xd6\xeda\x02\x227D\
C\xfd\x9f+\x92@\xe1\x82\xec;\x92\x9c\xa9\x80\xcf;\
\xeeE.e\xef\xd4N\xee\x90\x0b\x10\xe4\xbd\x09\x98\x86\
X[\x04\xd9?\x91\xe9g\xb7\xe2\x9a\xf5\x07\x1c\xd3t\
\xca\x98\x12\x10\xd0-\x22N=\xcf\xb3UY!\xb4U\
\x90\xfd\x93sG\xc6WCu\x15b\xac\x82`E\xd6\
I3\xbe\x87\x08(\xb6\xc1\xc1C\x10y(Zo\xf6\
\xc8z\x1eZ\x1d\x11d\xe6\x84+\xc1\xd3\xa7C\x0eK\
\x84Y#\xc0\x12\x00\xc7\x9b\xff\xa4P\x1e\x14\xcc\xed\x02\
\x02M\x00/*0\x01\x91\xfb\xa1o<\xd0\xf4\x97?\
\xd5\xc9yu\x5c\x90C6\x9f\xfc8\xddqG,q\
\xfad\xc9\x1b\xaf\xc7o\xef$ \x8e],\x81\xc3\x0e\
w~\x15O\xeaD\xf4\xf2k\x13Y\x7f\xd4\xad\xd8\x99\
MW\xefNA\xda\xd19\xc7 \x81\x14\x04(H\x0a\
H\x0c\xe9]\x02\x14\xa4w\xd7\x9e\x9d\xa7 @AR\
@bH\xef\x12\xa0 \xbd\xbb\xf6\xec<\x05\x01\x0a\x92\
\x02\x12Cz\x97\x00\x05\xe9\xdd\xb5g\xe7)\x08P\x90\
\x14\x90\x18\xd2\xbb\x04(H\xef\xae=;OA\x80\x82\
\xa4\x80\xc4\x90\xde%@Azw\xed\xd9y\x0a\x02\x14\
$\x05$\x86\xf4.\x81\xff\x07o\xcc\x86\x8c\x91\x80\xc2\
\x8f\x00\x00\x00\x00IEND\xaeB`\x82\
\x00\x00\x15\x96\
\x89\
PNG\x0d\x0a\x1a\x0a\x00\x00\x00\x0dIHDR\x00\
\x00\x00\xc8\x00\x00\x00\xc8\x08\x06\x00\x00\x00\xadX\xae\x9e\
\x00\x00\x15]IDATx^\xed\x9d\x0b\xb4\x1cu\
}\xc7\xbf\xbf\xb9\x89X\x0eHv6A@\x90@v\
\xee%\x82\x17\x10\xe4\xd1@\xe5\xa19R\x10*\x05\xc5\
\x07\x15\x8a\x0d\xd9\xd9\x9bP\x88Z\xf4\x18Ln\x8b\x96\
b\xa1&\xd9\xd9\x84X^\xc5Z\x10\xa8\x82\x05,\xb4\
i\x95\xc3\x01\x05\x8e\x01ydg\xf3P\x10!\xb9;\
{y)1w\xe7\xd7377\x08\x94\xcc\xeccf\
\xfe\xff\xb9\xfb\xdbsrNr\xef\xff\xf7\xfa\xfc\xfe\xdf\
\xec<\xfe\xf3\x1f\x82|\x84\x80\x10\xd8)\x01\x126B\
@\x08\xec\x9c\x80\x08Df\x87\x10\x08! \x02\x91\xe9\
!\x04D 2\x07\x84@g\x04\xe4\x1b\xa43nb\
\xd5#\x04D =\xd2h)\xb33\x02\x22\x90\xce\xb8\
\x89U\x8f\x10\x10\x81\xf4H\xa3\xa5\xcc\xce\x08\x88@:\
\xe3&V=B@\x04\xd2#\x8d\x962;# \x02\
\xe9\x8c\x9bX\xf5\x08\x01\x11H\x8f4Z\xca\xec\x8c\x80\
\x08\xa43nb\xd5#\x04D =\xd2h)\xb33\
\x02\x22\x90\xce\xb8\x89U\x8f\x10\x10\x81\xf4H\xa3\xa5\xcc\
\xce\x08\x88@:\xe3&V=B@\x04\xd2#\x8d\x96\
2;# \x02\xe9\x8c\x9bX\xf5\x08\x01\x11H\x8f4\
Z\xca\xec\x8c\x80\x08\xa43nb\xd5#\x04D =\
\xd2h)\xb33\x02\x22\x90\xce\xb8\x89U\x8f\x10\x10\x81\
\xf4H\xa3\xa5\xcc\xce\x08\x88@:\xe3&V=B@\
\x04\xd2#\x8d\x962;# \x02\xe9\x8c\x9bX\xf5\x08\
\x01\x11H\x8f4Z\xca\xec\x8c\x80\x08\xa43nb\xd5\
#\x04D =\xd2h)\xb33\x02\x22\x90\xce\xb8\x89\
U\x8f\x10\x10\x81\xf4H\xa3\xa5\xcc\xce\x08(\x15\xc8n\
\xcb\xdc\x19\xbbL\xf1\xe70\x8c\x99\x00\xf6g\xd0L\x80\
\xa7uVJ\xf7VD\xb4v\xecw[\x87_\xba\xe4\
`\xaf{o\xe2a2\x10H] \x81(\xa6\xf6\xf1\
\x99Dt&\x80\xb9\xfaA\xa4\xc7@\xfe\xb0W\xec\xbf\
M\xbf\xdc$\xa3\xb4\x09\xa4&\x90\xe9\xab6\xed\xed\x8f\
m\xbd\x10d\xfc\x15\x80}\xd2.\xb4\xddx\xccp\xde\
a\xd0\xd2\x17\x8a\x85\xcd\xed\xda\xca\xf8\xc9C \x15\x81\
\x98\xe5uK\xb2\x22\x8c\xb7\xb4\xf6)&\x1an\x14\x0b\
\xff6yZ.\x95\xb4C q\x81\x98\x8e{\x0b\x80\
\xb3\xdbIJ\xbf\xb1t\x0dQs\xb8^\x1c\xf8\xb5~\
\xb9IFI\x12HT \xa6\xe3>\x0c\xe0\x88$\x0b\
H\xcb7\x035\x830\x5c/Z\xff\x92VL\x89\xa3\
\x9e@b\x021\x1d\x97\xd5\x97\x97H\x06\xd7\xf946\
<Z\x9c\xbd)\x11\xef\xe2T+\x02\x89\x08\xc4t\xaa\
k\x01\x1a\xd4\xaa\xd2x\x93\xf9%|\x0c{C\xd6\xb5\
\xf1\xba\x15o\xba\x11\x88] 9\xc7\xbd\x91\x80s;\
,t\x03\x03\xbf\xea\xd0\xb6c3\x02N\xe8\xc4\x98\x80\
\x9b\x0c\xc3\x18\xde2\x7f\x96\xdb\x89\xbd\xd8\xe8O V\
\x81\x98Nm\x1e\xc0\xab\xda(\xfb?\x89\xf9\xe7l\xd0\
#\xc6\xd8.\xf7\x8f,x\xefsm\xd8\xc664W\
v?FD\x8b\x01\xfe`\xdbN\x99\x9f\x03\x19K=\
\xbbpM\xdb\xb6b\xa0=\x81\x98\x05\xd2\xfaI9\x01\
Cu\xdb*\xebBh\x9fU\x0f\xef\xbaul\x8f\xc5\
L\xb8\xb4\xc3\x9cn\xc6\x18\x86\xbd\x85\xd6\x93\x1d\xda\x8b\
\x99\x86\x04b\x13H\x1b\xdf\x1e\xcf\x19\xbeq\xe2\xc8\xd0\
\xac\xaa\x86<\x90_\xb9\xfed\xf8\xfeb\x06>\xd4A\
~\x9b\x09\x18\xd6I\xf8\x1d\xd4 &o \x10\xa3@\
Z\xfa\xf6\x18\xf1lkF\x16:`V\xaa\x8b\xc1\xc1\
a\x17\xa6\xb6\x9f/\xdf\xce\x98\xb2\xb4a\x1f\xf8X\xfb\
\xb6b\xa1\x13\x81X\x04\x92+\xaf?\x8e\xc8\xffId\
aLs\xbcR\xe1\x81\xc8q\x9a\x0c0\xcb\xb5?\x06\
q \x92\x8f\xb6\x9f\x125\x00\x1e\xf6l\xeb\x9f\xda\xb7\
\x15\x0b]\x08\xc4#\x90\x8a{)1\xbe\x11Z\x14\xd1\
j\xafX\x98\xa7K\xe1\xed\xe4aVj\x8b\xc0|\x19\
\x80w\xb5c\x17\x8c%\xe0\x0e\x02\x0d\x8f\xd8\x85G\xda\
\xb5\x95\xf1\xea\x09\xc4\x22\x10\xd3q\xef\x070'\xa4\x9c\
\xb5}\xfc\xfb\xe3\xb6\x94\x0e~E}\xc9\x9de0\xad\
\x5c=\xcc #\xb8\xd2\x15\xacBn\xf7\xf3\x0a\x83\x87\
\x1bv\xff\x95\xed\x1a\xcax\xb5\x04\xba\x17\xc8\x925S\
\xcc=\xf7\xdd\x16Q\xc6\xb7=\xdb\x0aV\xf1f\xfe\x93\
+\xbb6\x11\x82\xc3\xae\xbd\xda/\x86\xee\x9e8\xecz\
\xb0}[\xb1PA\xa0k\x81\xec\xbej\xdd\xf4\xa9M\
cKD\xf2\x8b<\xdb\xbaJE\x81I\xc4\x9c~\xcd\
\xfa~\xde\xd6\xbc\x8c\x89>\xd3\xae\x7f\x06\xb6\x1a\xbe?\
\x5c\x1f\x1a\xf8z\xbb\xb62>}\x02]\x0bdF\xb9\
Vh\x12\x87\xdfI6\xe8\x14o~\xe1\x9e\xf4\xcbK\
6b\xbeR;\x8fy\xfc$\xfe\xc0\xf6#\xd1}\x8c\
\xe6p\xc3\x1e\x88\xbe\xb8\xd1\xbes\xb1\x88\x89@\xd7\x02\
\x99\xbe\xfc\xe9#\xfd\xbe\xbe\x9f\x85\xe5\xe3\xfb}3G\
\x87\x0e\xfceL9k\xe5\xc6,\xd7\xf6\x83\xc1\x8b\xc1\
\xe8\xe4\x10\xd2\x07\xb0\xd4\xb3\xada\xad\x8a\x92d^'\
\xd0\xb5@\xa6-wO0\xfa\xb0&\x8c\xa9g[]\
\xc7\xd1\xbdgfy\xdd'1~\x12\x8f\x83u\xcf5\
\x86\xfc\x1a\x00&\xfe\xb0\xcb0nl\xd8\x85\xbbc\xf0\
\xab\x9d\x8b\xae'\xae\x08\xe4\x0f=\xdd}\xc5\xb3\xf9\xa9\
}\xaf-\x06\xf3E\xdau:\xf9\x84\x9ea\xf0\xf7\xfb\
`\xdc0\x99.i\x8b@\x12\x988]-~L \
\x9f\xf4]\xf25\x06\x8ck&\x83PD \x09\xcd\x9e\
\x18\x16?&\x94Yzn\x09\xb8\xa2n[\x9d.\xfe\
L/\xd1\x90H\x22\x90\x84\xdb\xd0\xe5\xe2\xc7\x84\xb3K\
\xc1=\xe3\x16\xafd}2\x85H\x89\x84\x10\x81$\x82\
\xf5\xff;\xedn\xf1cJI&\x14\x86\x81\xffi\xd8\
\xd6\x89\x09\xb9O\xd4\xad\x08$Q\xbcov\xde\xdd\xe2\
\xc7\x14\x13M \x14\x83\x977\xec\xfe\x85\x09\xb8N\xd4\
\xa5\x08$Q\xbco\xef\xbc\x9b\xc5\x8f\x0a\xd2\x8d1$\
]\x98\xb5'/E 1\xb6\xbf\x1dW\xc1\xe2G\xf8\
\xa4l\x1f\xe2vr}\xebX\x9a\x82c\xc086\xf8\
C\x84\xf6\x9e\xefa:\xc7+\x15n\xee&~\x9a\xb6\
\x22\x904iO\xc2X\xe6\x0a\xf7X6p9\x01\xad\
\x9ec<\xe2\xd9\xd6\x91YA!\x02\xc9J\xa74\xcf\
3\xef\xb8\x0e\x03\xc5\xd6\xd2\xcc\xce\xa1\x96\x08\xa4\xb5\x8e\
\xca\xa8\x16\x08\xe4Wm<\x9a\x9bc\xad,\xe5\xcf\xcc\
\xb7\x88\x08\xa4\x85\xc6\xcb\x90\xd6\x09\x98+\xdd\xf7\xc1\xc7\
\x13Q\x16\xcc\xc6\xa7\x1b\xa5Y\xdf\x8d\x1a\xa7\xfa\xf7\x22\
\x10\xd5\x1d\x98\x84\xf1'v\xf3\xffZhi\x8ck\xbd\
\x92u\x81\xee\xe5\x8b@t\xefP\x06\xf33\x97\xb9\xef\
\xc2\x14\x04\x9bs\x84\xadl\xfe\x95g[\xfb\xeb^\x9e\
\x08D\xf7\x0ee4\xbf\x5c\xa5\xfa%b\xba\x22,}\
\x7f\xcc?lt\xe1\xc0Z\x9dK\x14\x81\xe8\xdc\x9d\x0c\
\xe7\x96\xaf\xac\xfb8\xb3q{X\x09L\xfe\xa7\x1a\xc5\
\x01\xad_N$\x02\xc9\xf0$\xd49\xf5\x19+\xd7[\
M\xdf\x0f\xdd=\x93\x19_n\x94\xac\xbf\xd7\xb9\x0e\x11\
\x88\xce\xdd\xc9xn\xa6S}\x19\xa0\xddvV\x06\x81\
V\xd6\xedB\x8b\xf7N\xd4\xc0\x10\x81\xa8\xe1\xde\x13Q\
M\xa7\xf6\xd3\x88\x1d\xf3\xef\xf1l\xeb\x14\x9da\x88@\
t\xeeN\xc6s\xcb9\xee\x9a\xb0w\xafda\x19\xbc\
\x08$\xe3\x93P\xe7\xf4E \x00d\xd3\x06\x9d\xa7\xa8\
\xda\xdcD \x22\x10\xb53P\xf3\xe8\x22\x10\x11\x88\xe6\
STmz\x22\x10\x11\x88\xda\x19\xa8yt\x11\x88\x08\
D\xf3)\xaa6=\x11\x88\x08D\xed\x0c\xd4<\xba\x08\
D\x04\xa2\xf9\x14U\x9b\x9e\x08D\x04\xa2v\x06j\x1e\
]\x04\x22\x02\xd1|\x8a\xaaMO\x04\xa2\x91@\xcc\xb2\
;\x97\x09\x87\x13\xe3\x03 \x1c\x0e\xc0R;=$z\
\x14\x81`\xa9I\xd4\x987\xfe\x9e\x18\xdb\x88x\x0b\x83\
6\x03\xf4\xd4\xd8;v\xb9\xf5\xa5\xcf\xef\xe7\xb5\xe3\xa3\
\xdd\xb1\x99_j\x92s\xdc\xcf\x12\xe8s\x00\x7f\xb8\xdd\
\xe2e|\xf6\x09\x10\xe3;\xcc|\x837\xd4\x7fo\x12\
\xd5dV \xd3\x9d\xda\x11>a%\x983\xb3\xc7R\
\x12\x0d\x14\x9f\x13\x04\x18W{%\xeb\x92\xb8ydR\
 \xf9\xca\xd3'1\xf7\xdd\x08\xe0=q\x03\x11\x7f\xd9\
%@\xc0\x9du\xdb:=\xce\x0a2'\x90|\xb9z\
&\x13\xdd\x04\xe0\x8f\xe2\x04!\xbe&\x07\x01&\x9e\xdf\
(\xf6\xaf\x8a\xab\x9aL\x09d\xe6u\x1b\xdf\xf9\xd2\xef\
\xb6=\x04\xd0`\x5c\x00\xc4\xcf\xe4#\xc0\x06No\xcc\
\xb7\xee\x8c\xa3\xb2L\x09\xc4,\xd7\xbe\x00\xe2+\xe3(\
\x5c|Lf\x02|\x9fg\xf7\x7f$\x8e\x0a3#\x90\
=Wox\xf7\xd8\xb6\xe6C\x00\xb4\xdfK)\x8e\xc6\
\x88\x8f\xee\x08\x10\xf3\xf9\xf5R\xff\xf5\xddy\x012#\
\x10\xd3q\x83+\x14\xff\xd8b\xc1w\x83\xfd\x9f\xb68\
V\x86e\x85\x00\x19{\x008\x01\xc0a-\xa4\xfc\x80\
g[sZ\x18\x17:$C\x02\xa9\xfe\x18\xa0\xe3#\
\x0a\xbe\xa7\x8fi\xc1\x96R\xa1\xd6-\x18\xb1\xd7\x97\x80\
Y\xae-\x02\xf17#2|\xc5\xb3\xad\xdd\xbb\xad\x22\
\x13\x02\xc9Ujs\x88\xf9\xfe\xb0b\x99\xf0\xe8\x14\x7f\
\xca\xa9[J\x07<\xdf-\x14\xb1\xd7\x9f\x80\xe9\xb8\x7f\
\x0d\xe0\xea\xd0L\x0d\x1c\xec\xcd\xb7\x9e\xec\xa6\x9aL\x08\
\xc4t\xaaW\x02\xf4\x85\xd0B3\xf6\xe6\xa2n\x9a&\
\xb6\xc0\xf4U\x9b\xf6\xf6\x9b\xdb\x9e\x0bc\xe17q\xe2\
\xe8\x02\xab\xad\xe5,o\xf5\xa7\xbf@\x96\xac\x99\x92\xdb\
s\xdf\xa7\x08(\x84\xc0\xd8h\x8eavm\xa1\xb5U\
&Oo\x10\x98Vyj\xa6\xc1S6\xf6\xbc@\xcc\
\xb2{\x16\x08\xdf\x8b8\x93\xba\xda+\xc6\xbf\xcc\xa07\
\xa6Z6\xab\xcc9\xd5S\x09\xf4\xc3\x9e\x17H\xbe\xec\
\xde\xc4\x84\xcf\x84\x82\xf0\xf9C\xa3C\xfd?\xcef\xab\
%\xebN\x08\xe4+\xeeM\xcc\x11\xf3\x82\xc6\x0e\x18-\
\xce\xde\xd4\x89\xff\x1d6Z\x1fb\x99\xe5\xda~0P\
\x05\xf3;C\x8a\x8c\xe5r^7\x10\xc56]\x02\xb9\
\xca\x93\x87\x10O}\x0c\xe1\xb7)~\xe1\xd9\xd6\xfb\xbb\
\xcdLk\x81\xe4\x9d\xda\x02\x06/\x8b89\xff\xa2W\
*D]\xf2\xeb\x96\x93\xd8kD \xe7\xb8\xc1[u\
\xbf\x12~\xd8M\xdf\xf2\x8a\x85\xe0JWW\x1f\xad\x05\
b:\xee\x7f\x018i\xe7\x15R\xb3\x8fq\x90\xdc\xf7\
\xe8j\x0ed\xcaxFy\xf3nM\x1a}\x1c\xa0\x99\
a\x89s\x9fq|\xe3\xc2Y\xa1\xb7\x06Z)\x5c[\
\x81\xe4+\xeb\x8eb6\x82\xa5%!\xfa\xc0\xad^\xd1\
:\xbb\x95Be\xcc\xe4 `:\xd5y\x00\x85\xaf\xd6\
%\xba\xcb+\x16N\x8d\xa3bm\x05\x92s\xdc\xaf\x13\
\xf0\xe5\xd0\xff%\x18\x9fm\x94\xac\xef\xc4\x01B|d\
\x83@\xd4s\xeeA\x15\x0c\x9c\xdb\xb0\xad\xe0\x91\x88\xae\
?\xda\x0a\xc4tj\xeb\x00\xee\x0f\xa9\xf0\x99\xa9\xaf\xfe\
v\xf6\x0b_<\xf4\xd5\xae)\x88\x83L\x100\xcb\x1b\
\xe6\x82\x9a?\x8aH\xf6\x09osa\x10K\xc8\x8f\xa3\
(-\x05\x92_\xe9\x9e\xc1>\xbe\x1f~xE\xcb\xbc\
b\xe1\xa28 \x88\x8fl\x100\x9d\xea\xf5\x18\xdf\x7f\
 \xe4\xa8\x9b\xe9\xab\xf5R\xe1\xf2\xb8*\xd2R f\
\xa5v\x1d\x98\xcf\x0b+\xd2`:i\xa4TX\x13\x17\
\x08\xf1\xa37\x81\xe9\xce\x86\x01\x9f\x9a\x8f\x81\xf1\x8e\x9d\
f\xca\xfcj\x930\xf8\xa2\xdd\xbf!\xaej\xb4\x13\xc8\
\x8c\xf2\xc6\xbd\x9aFsc\xc4\xbd\x8f\x87<\xdb:&\
.\x08\xe2G\x7f\x02\xa6\xb3n)`\x5c\x16qT\xb1\
\xda+\x16\xe6\xc5Y\x8dv\x02\xc99\xd5\xf9\x04\xaa\x84\
\x15\x99\x85\xb7\xa3\xc6\xd9\xa4^\xf7\xb5\xfdQ\xeb\xb1\xe0\
\xc6`\xe8^gI\x1cUh'\x10\xd3\xa9\xdd\x1b\xb5\
\xc7\x155\xfd\xd9\xf5\x05\x03O\xf7\xfa\xc4\xe9\x95\xfaM\
g\xfd\xf9\x80\x7fmh\xbd\xcc\xf7z\xa5\xfe\xb9q3\
\xd1J \xd3*\xee\xe1\x06\xe3\xd1\x88\xaf\xd1\x7f\xf7\x8a\
\x853\xe3\x06!\xfe\xf4%`:\xd5{\x01\x0a\xdd\x18\
\x90\x88\xce\xaf\x17\x0b]?b\xfbV\x0aZ\x09\xc4t\
\xdc\xa5\x00B\x8f3\x89\xe9s\xf5R!\xd8\x13K>\
=@ _\xa9\x9d\xc4\xcc\xc1\x8a\x8a\xb0O\xd5\x1b\xc3\
 \x12x\xdcA3\x81D\xdd\xfb\xa0\xe71\xc6\x03\xde\
B\xeb\xa5\x1e\x98\x1bR\x22\x00\xd3\xa9\xad\x06\xf8\xf3\xe1\
G\x15X\xe2\x15\xad\xe0?\xd7\xd8?\xda\x08$\xb7r\
\xfd\x9f\x92\xef\xffGX\x85Dp\xeaE\xab\x14;\x05\
q\xa8%\x81=\x96\xb9\xb3\xfa\xa6 89\xdfug\
\x09\x12\xb0\x95|cpdhV5\x89\x22\xb4\x11\x88\
Yq\xff\x19\x8c\xbf\x0c-\xd2\xe7\xb9ImR\x9c\x04\
\x5c\xf1\xd9\x1d\x81\xbcS\xfb*\x83\xff6\xd4\x0b\xf3\xf5\
^\xa9\xff\xfc\xee\x22\xed\xdcZ\x0b\x81\xec\xbe\xe2\xd9\xfc\
\xd4\xbe\xd7\x9e\x0d\xbb\xf7\x11l\xca\xd0(ZG$\x05\
B\xfcjF\xe0\x16\xee3G\xdc`\xd5\xee\xec\xd0\xcc\
\x8c\xbe\xb9\xde\xfc\x03\x13\xd9\xd9=\x88\xab\x85@\xcc\xb2\
{\x01\x08\xdf\x0e=\xbc\x8ay\x09\x81f\xd3A\xd2y\
\x0b\x81|\xc5=\x97\x19\xa1\x17c\x18X\xd3\xb0\xad\x90\
\xc7!\xba\xc7\xaa\x87@Z\xb8\xf7\x01\x1f\x87xC\xd6\
\x13\xdd\x97,\x1e\xb2@\xc0tjw\x01|J\xf8\xe1\
\x95?\xcf+\x0d\xacN\xb2\x1e\xe5\x02\xc9Uj\x87\x10\
\xf3\xe3\xa1\xdf\x1e\xc0\x0f\xeb\xb6\xf5\xb1$A\x88o}\
\x08L[Q\xfd\x13\xc3\xa0\xff\x8d\xc8h\xc3\xd4\xddv\
\x1f|\xe1/\xf6Jt5\xb7r\x81\x98\x15\xf7k`\
,\x09?9\xc7\x05\xde\x90\x15~'U\x9f\xfeJ&\
]\x12\xc8;\xb5\x0a\x83\xe7\x87\xb9a\xe2\xcb\x1b\xc5\xfe\
\xafv\x19*\xd2\x5c\xbd@\x22\x9f\xfb`\xaf\x89]\x0a\
/\xda\xfb7\x22\xab\x91\x01\x99'\x90[\xb5\xfe\xbd\xd4\
\xe4\xc7\x00\x0e\xf6\xe1\xdd\xd9\xc7\x87\x81\xf7w\xbbkb\
+\xb0\x94\x0a$x\xf1&\x08\xe1\x0f\xc0\x10\xad\xf2\x8a\
\x85\xd0\xffMZ)T\xc6d\x83@\xae\xec^J\x84\
oD\x1cr\xdfT\xb7\xads\xd3\xa8H\xad@Z\xb9\
\xf7\xc1t\x8aW*\xdc\x93\x06\x0c\x89\xa1\x9e\x80\xe9\xd4\
\xd6\x02\x1c\xfa\x82$\xf6\xfdS\x1bC\x03w\xa5\x91\xad\
2\x81\xe4V\xad\xdf\x83|~>\xf4\xb9\x0f\xa2\xc7\xbd\
bA\xde&\x95\xc6L\xd0 F\xaeR;\x87\x98\xbf\
\x1b\x9a\x0a\xf3\xfd^\xa9?j\x97\xff\xd8\xaaQ&\x90\
\xd6\x960c\x89WJf\x8dMl\x04\xc5Ql\x04\
\xf2\x8e{\x07\x03\xa1W+\x99`7\x8aV\xe8\xf3B\
\xb1%\xa4\xf2Fa+\xcf}0\xfa\x0em\xd8\x07\x06\
kq\xe43\xc9\x09\x98+\xddc\xe1\xe3\x81\x882\x9f\
\xf1\xb7\xbe28z\xf1\xe1\xa3i\xe1P\xf2\x0d\x92_\
\xbe\xee \xee3\x9e\x8a(\xf2G\x9em}4-\x10\
\x12G-\x81\x5c\xd9]N\x84\xa1\x88\x93\xf3+\xea\xb6\
ui\x9a\x99*\x11HK\xf7>\x98\xe6y\xa5B\xa2\
wI\xd3\x04-\xb1vN`\xfa\xf2\xa7\xf7\xf1\xfb\xfa\
\x82#\x85|\x18'\xdf\xf0\x0f\x1b\x9d?\xb06M\x96\
j\x04\x12y\xef\x03/\xff~\x0c\xb3^YhmI\
\x13\x86\xc4RC\xc0\xac\xd4\x16\x81#_\xa9v\xb3g\
[\xe7\xa4\x9da\xea\x02\xc9\xaf\x5c\x7f2\xfb\xfe}\xe1\
\x85\xf2u\x9e\xdd\x1f\xbe\xf4=mR\x12/1\x02\xb9\
\xb2\xfb\x08\x11>\x10\x16\xc0\x00\xce\x18\xb1\xad;\x12K\
b'\x8eS\x17H+\xcf}0\x8c\xd3\x1a\xf6\xac\xd0\
\x87\xa7\xd2\x06%\xf1\x92!\xd0\xd2\x0b\x92\x80\x07=\xdb\
:6\x99\x0c\xc2\xbd\xa6*\x90}V=\xbc\xebk\xfe\
\xb4z\xf8\x9eW\xbc\xce\xb3\xfb\x0fR\x01Cb\xa6O\
\xc0tj\xb7\x01\x1c\xba\x09\x07\xf9|Q}\xa8?\xfc\
5\x18\x09\xa5\x9e\xaa@Z\xba\xf7\x01\xfa;\xcf.,\
N\xa8^q\xab\x11\x81|y\xdd\x07\x99\x8c\xf0\xf7\xd9\
\x13\xfdf\x9b\xd1\x1c|\xf9\xc2\x81\x11\x15\xa9\xa7,\x90\
\xe8=\xaf\x0c\x1fG\x8c\x0cY\xe1[\xff\xa8 %1\
c'`:n\xf0\x1a\xe7\xa8\x97\xdc\x5c\xe5\xd9\xd6\xa2\
\xd8\x83\xb7\xe805\x81\xccX\xb9\xdej\xfa~\xc4\x83\
\xf5\xf4\xdf\x9e]8\xb9\xc5\xdceX\x86\x09\xec\xb9z\
\xc3\xbb\xc7\xb65\x83K\xbb{\x86\x9f\x9c\xd3\x91#v\
\xe1\x11U\xa5\xa6&\x90V\xee}\xa4\xbd\x8c@\x15t\
\x89\x0b\x98\x15\xf7b0\xae\x8a`q\x9bg[g\xa9\
\xe4\x95\x9e@\xa2\xef}\xbc\xd6\xc7S\x0e\xd8R:\xe0\
y\x95@$v:\x04L\xc7}\x18@\xf8&\x1c\xc4\
gy\xc5\xfe\xdb\xd2\xc9\xe8\xed\xa3\xa4\x22\x102\x8c\x0f\
G\xdd\xfb  \xb55\xfe*\x81Kl\xa0\xc5K\xbb\
\x8fx\xb6u\xa4j^\xa9\x08\x04\x84k\xa3\xf6\xbc\x22\
\x1f\x7fV\x1f\xb2~\xa0\x1a\x88\xc4O\x9e\x80Y\xa9\xdd\
\x0e\xe6\x8fGDZ\xe4\xd9V\xd4!X\xe2\xc9\xa6$\
\x10z-\xe2}\x1f\x1b<\xdb\x9a\x95x\xb5\x12@9\
\x81\xfc\x8a\xea\xd1l\xd0\x83\x11\x89\x8c\x18[\xb7\x0d\x8e\
\x5c\xfc\xbe\xdf\xa8N8\x1d\x81DTI\xcc\xffP/\
\xf5\xff\x8dj\x18\x12?y\x02f\xb9\xf6-\x10/\x0c\
\x8dD\xfa\xbc^O\x13\x81\x18G\xd5K\xb3~\x96|\
{$\x82J\x02\xd3Wm\xda\xdbon\x0b.\xedN\
\x8f\xc8\xe3X\xcf\xb6\xa2\xbeeR)E\xbd@R~\
\x842\x15\xaa\x12\xe4m\x09\x98\xe5\xea\x17@te\x18\
\x1e\x06\xeeh\xd8\xd6\x19\xba T.\x10\x22\xba\xa8^\
,(Yg\xa3K\x13z%\x8f\xbc\xe3>\xca\xc0\xe1\
\xa1\xf52\x9d\xe3\x95\x0a7\xeb\xc2D\xb1@\xa8\x891\
\x9e\xe9-\xb4\x9e\xd5\x05\x88\xe4\x91\x0c\x01\xb3\xe2~\x02\
\x8c\xa8\x89\xbf\xd6\xb3\xad\xc3\x92\xc9\xa03\xaf\x8a\x05\x02\
%\x0f\xc1t\x86J\xac\xba!\x90s\xdc\x1f\x10pz\
\xc4\xe1\xd5\xa5\x0d\xdb\xba\xa2\x9b8q\xdb\xaa\x15\x08\xe3\
l\xafd\xdd\x1awQ\xe2O/\x02\xadm\xc8@\xa3\
`\x0cz\xa5\xc23:e\xafR \xcfx\x9b\x0b3\
\xb1\x84|\x9d\x80H.\xf1\x13\xc8U\xdc\xe5\xc4\x91\x1b\
2T\xea\xb6e\xc7\x1f\xbd;\x8f\xea\x04B\xb8\xda+\
Z\x97t\x97\xbeX\xebN\xc0\x5c\xe6\xee\x8b\xed\xafQ\
\xcb\x85\x1e^\xf5\x19\xc77.\x9cu\xbfn\xf5\xa8\x13\
\x08\xd3\x1c\xafT\x88\xda\x07I7^\x92O\x9b\x04r\
\xe5\xea\x97\x88(\xfc\xbc\x82\xe8.\xafX8\xb5M\xd7\
\xa9\x0cW%\x90\x87<\xdb:&\x95\x0a%\x88R\x02\
\xa6\xe3\xfe\x1c\xc0\xa1\x11'\xe7\xe76l\xeb&\xa5\x89\
\xee$\xb8\x1a\x810\x7f\xd1+\xf5\x7fSG \x92S\
|\x04r\xe5\xea\xa7\x88\xe8_#<>\xe1m.\x0c\
\xeaz.\xaaD >\x8d\x1d0Z\x9c\xbd)\xbeV\
\x88'\x1d\x09\xe4\x1d\xf7N\x06N\x0b\xcb\x8d4\x7f\xf7\
\xa4\x02\x81\xd0\xed\x9e]\xf8s\x1d\x1b*9\xc5G \
W\xa9\xcd!\xe6\xf0\x93n\xe6W\x9b\x84\xc1\x17\xed\xfe\
\x0d\xf1E\x8e\xd7S\xea\x02a\xc3\xf8tc\xfe\xac\xf0\
-\xee\xe3\xadQ\xbc) \x90\xaf\xb8ef\x84_\xb6\
%Z\xed\x15\x0b\xf3\x14\xa4\xd7r\xc8\x94\x05B\xcf{\
\x9b\xb7\xee\x8f%\x07\xff\xbe\xe5\x0ce`\xe6\x08l\x7f\
\x8d\x9a\x1f\x5c\xda\x0d{\x8d\x1a\x0c\xa6\x93FJ\x855\
:\x17\x98\xaa@\x98\xb0\xa2Q\xb4\x16\xe8\x0cDr\xeb\
\x9e@+\xbbg\x82\xf9^\xaf\xd4?\xb7\xfbh\xc9z\
HU >p\xc2\xa8mE\xbd\xde7\xd9\x8a\xc5{\
b\x04f\x947\xee5Fc\x0b\x08\xf8JT\x10\x22\
:\xbf^,\x5c\x1f5N\xf5\xefS\x13\x08\x13\x1e\xed\
\x03\x16\xc1'b\x03\x04\x22\x82\x0fb\x83\x08\xdb\x9a\x06\
\x0c\x22\xa6\xe6\xf8\xcf\x82\xbf\x07#\x82\xb1}\x14\x8c\xd9\
\xfe\xf7\x1d?\xfb\x83}\x93\xc0\xbe\xf1\xa6\xdf\xf3\xf6q\
\xc6\x84\xfd\xb8M\xe0\x83\xfd\xd7cn\xff\x09\x11\xfb\xfe\
x&;r\x19\xb7\x99\xb0\x07\xf9\xc4A.A\x9e\xe3\
?\x7fC\xce\xc1\xbf\xc1F\xf0\xb3q\x1b\x04\xbf\xe7\xed\
q\xde\xe8c\xdc~\xc2\x8ew\xfc\x8e\x0dc\xdc\xd7v\
\x9b\xf1\xf1\xe3\xf6\x13q\xde.\xd6x-ll\x8f\xc5\
\xc4;\xec\x83\xdc\x82\xbf\x8f\xdb\xbf%V\xf03\xec\x88\
\xf5\x06\x1bL\xd8Ld\xb6\xdd~{\xec\x1d~\x8d\x09\
.\xfc\xba_\xda\x1ec\xc7\x9f\x1d,&r\x1d\x1fG\
\xbc\x07q\xf8\x06\xd4o\x98\xecUo\x0c\x83Xhm\
U-\x80\xa8\xf8]\x0bd\xe2)\xb1\xe7\xa2\x02\xc9\xef\
\x85\xc0\xeb\x04\xd8_\xea\x95\x06\x96d\x81H\xd7\x02\x09\
\x8a\xcc\x95\xdd\xcdD\x98\x91\x85\x82%G\xb5\x04\x08\xb8\
\xb3n[\xa1\xcb\xde\xd5f\xf8\xe6\xe8\xb1\x08\xc4tj\
?\x01\xf88\x9d\x0a\x93\x5c\xb4$\xf0\x1c\x0c|\xc4\x9b\
o=\xa9evo\x93T,\x02\xc9\xad\xa8\x9eF\x06\
\xdd\x99\x95\xa2%Oe\x04>\xe1\xd9\xd6\xf7\x94E\xef\
 p,\x02\x09\xe2\xe6\x1d\xb7\xc4\xc0\x8a\x0er\x10\x93\
\xde \x909q\x04m\x89M \xe3\x22)W\xcfc\
\xa2\xebz\xa3\xdfReK\x04\x08\xcf\x82qI\xd6\xbe\
9v\xd4\x16\xab@\x02\xa73\xca\xb5B\x938\xd8\xa5\
\xe4\x94\x96\x00\xca\xa0\xc9J\xe0\x17`\xbea\xdb\x14\xbe\
^\xd5\xcbo\xe2\x00\x1b\xbb@v$\x15l1\x09\xc3\
8\x0a\xccG\xfb\x84\xf7\xc4\x91\xac\xf8\xd0\x97\x00\x11\xfd\
\x16\xe0u\xe4\xfb\x1b|\x8365^\xf8\xf5=Xr\
\xe2\x98\xbe\x19\xb7\x96Yb\x02i-\xbc\x8c\x12\x02z\
\x13\x10\x81\xe8\xdd\x1f\xc9N1\x01\x11\x88\xe2\x06Hx\
\xbd\x09\x88@\xf4\xee\x8fd\xa7\x98\x80\x08Dq\x03$\
\xbc\xde\x04D z\xf7G\xb2SL@\x04\xa2\xb8\x01\
\x12^o\x02\x22\x10\xbd\xfb#\xd9)& \x02Q\xdc\
\x00\x09\xaf7\x01\x11\x88\xde\xfd\x91\xec\x14\x13\x10\x81(\
n\x80\x84\xd7\x9b\x80\x08D\xef\xfeHv\x8a\x09\x88@\
\x147@\xc2\xebM@\x04\xa2w\x7f$;\xc5\x04D\
 \x8a\x1b \xe1\xf5& \x02\xd1\xbb?\x92\x9db\x02\
\x22\x10\xc5\x0d\x90\xf0z\x13\x10\x81\xe8\xdd\x1f\xc9N1\
\x01\x11\x88\xe2\x06Hx\xbd\x09\x88@\xf4\xee\x8fd\xa7\
\x98\x80\x08Dq\x03$\xbc\xde\x04D z\xf7G\xb2\
SL@\x04\xa2\xb8\x01\x12^o\x02\x22\x10\xbd\xfb#\
\xd9)& \x02Q\xdc\x00\x09\xaf7\x01\x11\x88\xde\xfd\
\x91\xec\x14\x13\x10\x81(n\x80\x84\xd7\x9b\x80\x08D\xef\
\xfeHv\x8a\x09\x88@\x147@\xc2\xebM@\x04\xa2\
w\x7f$;\xc5\x04D \x8a\x1b \xe1\xf5& \x02\
\xd1\xbb?\x92\x9db\x02\x22\x10\xc5\x0d\x90\xf0z\x13\xf8\
?\x14\xfc\xce2GG!+\x00\x00\x00\x00IEN\
D\xaeB`\x82\
\x00\x00\x17B\
\x89\
PNG\x0d\x0a\x1a\x0a\x00\x00\x00\x0dIHDR\x00\
\x00\x00\xc8\x00\x00\x00\xc8\x08\x06\x00\x00\x00\xadX\xae\x9e\
\x00\x00\x17\x09IDATx^\xed\x9d{\x94\x1cu\
\x95\xc7\xbf\xb7zB4\x18\x98\xae\x9e\x80'\x12E\xa6\
\xab\x11\x11\xf1\x01(.\xacp\xd0 p6`t\x11\
\x81\xd5\x05\x95\x99\xae\x1e\x22\x08F\x05\xd4\xcc\xec\x8a\x8b\
F\xc3#]\x9d\x01\x22\xe2\xf1\xb1\x9a\xa8G\xf0\x89\xa8\
,gq\x1f\xb8.\xe2\x06\x98\xa9\x1e`\xc5\xcd\xa2\x99\
\xa9\x0e\x1b!\x90L\xd7\xddS=I\x0c!3S\x8f\
_uU\xf5\xdc>'\x7f\xcd\xbd\xdf\xdf\xbd\x9f_}\
S]]\xf5\xab\x1fA>B@\x08LK\x80\x84\x8d\
\x10\x10\x02\xd3\x13\x10\x83\xc8\xd1!\x04f  \x06\x91\
\xc3C\x08\x88A\x929\x06\xf2\xc3c/\xd7\x18\xc7\xb9\
n\xb3\x97\x98\x0f\xf4\xaa\xe0\xae\xae5\x8d\xbe\xde\xa7\x92\
\xa9HF\x0dJ@\xce A\x89\xf9\x88o\x19\xa3\xe9\
~\x9c\x81\xf3\x01\x1c\xbcO\xcaf\x00\x9fwL\xe3z\
\x1fR\x12\x920\x011\x88\xe2\x09\xc8W\xed\x0b4\x0d\
\x83\xcc\xe8\x9dEz\x83c\x1a\xe7*\x1e^\xe4\x14\x13\
\x10\x83(\x02\xfa\xd2/\xd9\x8bv>KC\x0c\xee\x0f\
 )&\x09\x00+\x89P1\x88\x02\xea\x85\xea\xe8r\
\x06\x0d\x81pt 9\xe6\xc9\x1dMZ\xfc\xa7\x15\xc6\
\x96@y\x12\xdc6\x02b\x90\x08\xa8{\xae{d\xa1\
{Pn\x10\x8c\xcb\xc3\xca0k\xe77*\xbd\xdf\x08\
\x9b/y\xf1\x12\x10\x83\x84\xe4\x9b\xb7\xeag\x10\xb3w\
\xd68.\xa4\xc4T\x1a\xe3KN\xc5\xf8@$\x0dI\
\x8e\x8d\x80\x18$(\xdaU\xbf\xe8\xca\x1f\xb2d\x90\xc0\
W\x05M\xdd_<\x03\xf74L\xe3T\x15Z\xa2\xa1\
\x9e\x80\x18$\x00\xd3\x9e\x9a}\x8a\xcb4\x04\xf0\xc9\x01\
\xd2f\x0c\x15\x83\xa8\x22\x19\x8f\x8e\x18\xc4'W\xbd:\
\xfaIh\xe4]o(e&\x06\xf19\x01\x09\x85)\
\x9d\xec\x84z\x88u\xd8\xc2\xf0co\xe2\xe6\xe4\x10\x80\
\xa5q\x0c$\x06\x89\x83\xaa:M1\xc8\x0c,\xf5\xea\
\xe8\x95 m\x10\xe0\x05\xea\x90?_I\x0c\x12\x17Y\
5\xbab\x90\xfdp\xec\xbeq\xe4X\x9a\xa7\x0d\x12\xe3\
l5\x98\xa7W\x11\x83\xc4M8\x9a\xbe\x18d\x1f~\
\x05\xcb\xae0x\x08 =\x1aZ\x7f\xd9b\x10\x7f\x9c\
\x92\x8a\x12\x83\xec\x22\xdf\xb3\xf6\xe1\x92\xab\xcd\xf3\xbeN\
\x9d\xd7\xce\xc9\x10\x83\xb4\x93v\xf0\xb1\xc4 \x00\xf4\x9a\
}1\x18\xde\x85\xf8\xcb\x82#\x8c\x96!\x06\x89\xc6/\
\xee\xec9m\x10\xbdZ_\x02\xb8C \xfa\xdb\xb8A\
O\xa7/\x06I\x8a\xbc\xbfq\xe7\xacA\xf2\xeb\xc6\xde\
\x0b\xd7\x1d\x22\xa0\xe8\x0fU<Qb\x90x\xb8\xaaR\
\x9ds\x06Y8<\xd2s@S\x1bb\xa0\xac\x0ab\
\x14\x1d1H\x14z\xf1\xe7\xce)\x83\x14\xac\xfa9L\
\x18\x02\xf31\xf1\xa3\xf57\x82\x18\xc4\x1f\xa7\xa4\xa2\xe6\
\x84A\x0e\xfd\xca\x93\x07\xee\xfc\xd36\xef\x22\xfc#I\
\x81\x96k\x90\xb4\x91\xf7WO\xc7\x1bD\xaf\xd6\xdf\x01\
\xe2A\x00'\xf8C\xd2\xde(9\x83\xb4\x97w\xd0\xd1\
:\xd7 \xabX\xcb\x1fj\x0f\x11\xd3\xd5A\xa1\xb43\
^\x0c\xd2N\xda\xc1\xc7\xeaH\x83t[\xf6[\xb5\xd6\
b&\xfa\xcb\xe0H\xda\x9b!\x06i/\xef\xa0\xa3u\
\x9cA\x0a\xb5\xfa\xd5\xec\x99\x03\xd0\x82\xc2H\x22^\x0c\
\x92\x04u\xffcv\x8cA\x0a\xb5\x91\x13\x985\xcf\x18\
\xa7\xfbo?\xf9H1H\xf2s0S\x05\x1da\x10\
\xdd\xb2\xbd_\xa7<s\xb4\xde^\x98\xa5\x8fg\x10b\
\xf7\x9f\xbc\x9a\x99rOk\x84-.\xdcq\xad\x89-\
\x93\xda\xfc-\xb9\xc9\x1d\xe3\xce\x0a\xe3\xff\xb2\xd4S'\
\xd5\x9ai\x83\xe4\x87\xc7\x8eA\xb3u7\xfc\x9cN\x9a\
\x94}{!\xe09&l\x01c\x1c\xcc\x9bA\xda&\
b\xf7! \xb7\xa9\xeb\x99?=\xf4\x87\x8f\x1e\xfbt\
'\xf7\x9fdo\x995H\xbej\x9bD\xf0~\xbe\xed\
I\x12`:\xc6\xa6\xc7\xe1\x19f\x97q\x5c\xea\xfau\
\xc3<\xe2\xc1t\xd4\x96\xed*2g\x90E\xd5z\xb1\
\xa9\xb5\xee\x86\xbf7\xdb\xe8c\xae\x9e\xf1\x07&\xdc\xa5\
\xb1{\xb7\x86\xc9_n\xa9\x1c]\x8fy\xc4\x8e\x94\xcf\
\x94Atk\xf4\x22\xa0\xb5\x04vIG\xceF\xacM\
\xf1\x83`\xed\x1e\x00\xbf\xf4\xfe9\x95\xe2\x13\xb1\x0e\xd7\
!\xe2\x990\x88~\xa3}\x18r\x18\x04\xe1\xe2\x0e\xe1\
\x9e|\x1b\x84\x8dpi\xa3\xb3\xa8w#\xce\xa5f\xf2\
\x05\xa5\xb3\x82\xd4\x1b$_\xab\x9f\xd7z\x83!`\xa4\
\x13a\xd6\xab\xa2\x11&ld7\xb7qk\xe5\x95\x0f\
d\xbd\x1b\xd5\xf5\xa7\xd6 \x0b\xd7>\x5c\xe8\xd2\xba\x06\
\x09\xa8\xa8nZ\xf4\xf6O\x80\x98\xef\x04x\xe3\xfc\xae\
m\x1b7\xf7\x1d\xf7\x8cp\x82\xda\x97\xa0\xa9\x02ZX\
g\x9f\xcdn\xeb\xc5\x09\xafU\xa5):A\x08\xf0\xe3\
\x00}\x85s\xda\xfaF_\xef\xef\x82dvZl\xaa\
\xce \x8b\x87\x7f\xb5\xe0\xd9\xc9\x83\xbd\x17B_\xd1i\
\xa03\xda\xcf8\x01\xeb5\xa6[\xb7T\x8as\xf2W\
\xb0\xd4\x18D\xaf\xdaK\xe1-f\x02\xde\x94\xd1\x83\xa9\
\x93\xcb\xde\x06\xc2\xadhb\xbd3`l\xea\xe4F\xf7\
\xed-y\x830\x93^\xb3\xbd\xafS\xd7\xcc%\xf0Y\
\xec\xd5\xbb\xa3\x0f\xc2zjb\xfd\xf8\x80\xf1\xeb,\xf6\
\x10\xb4\xe6D\x0d\x92\xb7\x1e=\x19hz\x8f\x8a\x9c\x12\
\xb4p\x89O\x9a\x00\xad\xce\xf1s_\xd8R9\xfa\xc9\
\xa4+\x89s\xfc\xc4\x0cR\xb0\xec\xabx\xea\x01\xc3\x5c\
\x9c\x0d\x8av\xac\x04\x1ee\xd2V7\xca\xbd\xb5XG\
IP\xbc\xed\x06)TG\x8eg\xcayw\xc3\xcfH\
\xb0o\x19Z)\x01\xba\x1b\xc4\xab\x9d\xb2\xf1\x13\xa5\xb2\
)\x10k\xabA\xf4\x9a}9Z7\xfd\xe8%)\xe8\
]JPN\x80o\xcei\xb9\xd5[\xfa{m\xe5\xd2\
\x09\x09\xb6\xc5 \xf9Z\xfd5\xe4\xb6\xde`\xf8\xce\x84\
\xfa\x94a\xdbF\x80\xc7\x99\xe8S\x8d\xb2\xd1\x11_\xbb\
b7H\xde\x1a\xeb\xd7\xe0z/j[\xd4\xb69\x92\
\x81R@\x80nv\x9f\xdb\xf6\xb1\xad\x97\xbf~k\x0a\
\x8a\x09]Bl\x069x\xd8\xee\xedj\xf2\x10\x83\xce\
\x0f]\x9d$f\x9c\x00\xdf\xef6i\xe5\xd6K\x0d\xef\
)\xe2L~b1H\xc1\xaa\xbf\x7fj\x8f\x0d\xbc<\
\x93T\xa4h\x95\x04v\x02X\xe9\x98\xc6\xf5*E\xdb\
\xa5\xa5\xd4 =7=\xb2\xd8\xcd\xe5<c\xc8\xbe\xdf\
\xed\x9a\xc1\xcc\x8cC\xb7\xcf#\xac\xfcC\xb9\xf8\xc7\xcc\
\x94\x0c\x85\x0f+\xea\xd5\x91\xf7`\xea\xe7\xdb#\xb3\x04\
@jm#\x01\xc2o\xa8\xc9}\x13\x03\xa5\x7fk\xe3\
\xa8\x91\x86\x8a|\x069\xd8\xfa\xef\xbc\xc6;\x86\x880\
\x10\xa9\x12I\x9e\x1b\x04\xbc\xa5\xc0\x1a\x7f\xb0Q.}\
?\x0b\x0dG2H\xf7M\xf6)Z\x0ek\x00\xbc.\
\x0b\xcdJ\x8d\xa9!\xe02\xe1}\x8d\xb2\xf1\xb5\xd4T\
4M!\xa1\x0d\xa2\xaf\xb3_\x0d\x17s\xea\xc9\xce\xb4\
Of\xe6\xea#\xba\xc4)\x17oIs\xdd\xa1\x0cr\
\xd0\xadO\xe8];\x9e\xbd\x17\xc0\xd1inNj\xcb\
\x04\x81\xcb\xd3\xfc\x0bW(\x83\xe4k\xf6\x05\xc4\xf8j\
&\xf0K\x91\xa9'@\xc0\xd5\x13\xa6qm\x1a\x0b\x0d\
g\x10k\xf4F\x02]\x9a\xc6\x86\xa4\xa6\x8c\x12`\xed\
2\xa7\xd2{C\xda\xaa\x0fe\x10\xdd\xb2\x7f\x08@\x9e\
\xc6M\xdblf\xbc\x1erq\xce\xc4\x80\xf1\xbd4\xb5\
\x11\xce \xb5\xfam`Nl\xeb\xe44\x01\x94Z\xd4\
\x12 M{\xdbD\x7f\xef\xcf\xd4\xaa\x86W\x0bg\x10\
\xab~\x09\xc0\xc3\xe1\x87\x95L!0=\x01f\xed\xe4\
F\xa5\xf7\x9f\xd3\xc0(\x94A\xbak\x0f\x1f\xaeq\xd7\
cih@j\xe8D\x02\xd4$\xa6\x13'*\xbd\xf7\
'\xdd](\x83xE\xeb\xd5\x91U \xed\xd3I7\
 \xe3w&\x01\x02\xc6\x9a\x93\xee\xbb\xb6\xae8\xf27\
Iv\x18\xda ^\xd1yk\xb4\x9f@\x1d\xb10&\
\xc9I\x90\xb1\xa7#\xc0\x0fj\xb9\xc9w\x8c\xf7\xbd\xfa\
\x7f\x93b\x14\xc9 \xad3\x89e_\x06\xb4\xf6\xe98\
(\xa9&d\xdc\x0e&@\xf4\x0d\xa7\x5cLlMQ\
d\x83xS\xd3c\xd5\xdf\xe8\xb6L\xc2gu\xf0T\
Ik\x09\x11 \xf0''\xcc\xd2\xdf'1\xbc\x12\x83\
\xec.<o\xd9\x1f\xd3\x80A\x06\xe6'\xd1\x8c\x8c\xd9\
\xb9\x04\x88h\xf9D\xb9\xf8\xddvw\xa8\xd4 S\x17\
\xef\xf5\xb7\xa0\xb55\x1a\xbf\xad\xdd\xcd\xc8x\x9dL\x80\
\x1e\xd70\xf9\x8eq\xf3U#\xed\xecR\xb9Av\x17\
\xaf[\xf6\xa7v]\x9b\xb4\xb3\x1f\x19\xab\x93\x090\xff\
\xd0\xa9\x94\xda\xfa5>6\x83\xb4\xaeM\xaa\x8f\x9c\xea\
\x92\xb7e\x1a\x9d\xdc\xc9\xf3&\xbd\xb5\x93\x00}\xde1\
\x8b+\xdb5b\xac\x06i5\xf1-\xce\xe5\xc7\xeb\xde\
\xfbw\xafjWS2N\x87\x13`\x9c\xeeT\x8c\xbb\
\xda\xd1e\xfc\x06\xd9\xd5\x85^\xb3O\xdf\xf5V\xc5\x13\
\xda\xd1\x98\x8c\xd1\xd1\x04~\xee\x98\xc6i\xed\xe8\xb0m\
\x06\xf1\x9aY<\xbcy\xc1\xb3\xcdg\xbc\x0b\xf8+\xdb\
\xd1\x9c\x8c\xd1\xd1\x04\xda\xb2\xd0\xaa\xad\x06\xd9=]=\
\x96\xbdl\xea\xbe\x89\xace\xef\xe8C8\xde\xe6\x9el\
\xe6p\xd2S}\xc6X\x9c\xc3$b\x10\xaf\xa1\xd6\xdb\
P\xb0s\x90\xc0\xb2\xf0*\xce\x19\xeedm\xc6-N\
\xc5\xb8$\xce\x16\x133\xc8^?\x07\xff\xf5\xae\x9f\x83\
\x8f\x8a\xb3Q\xd1\xeeL\x02\xccX\xd6\xa8\x18w\xc6\xd5\
]\xe2\x06\xf1\x1a[T\xdd\xf4\xd2&\xcd\xf3~\x0e\x8e\
\xf5\x7f\x83\xb8 \x8an\xa2\x04\xeesL\xe3\xa4\xb8*\
H\x85Av7\x97\xb7\xec\x0bi\xea\xda\xe4\x88\xb8\x1a\
\x16\xdd\xce#@D\x17M\x94\x8b_\x8e\xa3\xb3T\x19\
\xc4k\xb0{\xedC\xaf\xd0\xb4.\xefl\xf2\xfe8\x1a\
\x16\xcd\x0e$@\xb8\xd7)\x1bo\x8d\xa3\xb3\xd4\x19d\
\xcf\xb5I\xd5\xfe\xc0\xd43]xY\x1c\x8d\x8bf\x87\
\x11 ~\xb7S.}[uW\xa95H\xeb\xdad\
\xdd\x98\xd1t\x9b\xde\x96m\xe7\xa9n\x5c\xf4:\x8b\x00\
\x01\xdf\x9f0\x8d\xbfR\xddU\xaa\x0d\xb2\xe7\xda\xa46\
V&n\x19\xa5G5\x00\xd1\xeb \x02\x1a/u\xfa\
K?U\xd9Q&\x0c\xe25\xdc\xda\xe7\x90[\x8f\xd1\
/W\x09@\xb4:\x87\x00\x01_\x9f0\x8d\x0bTv\
\x94\x19\x83\xec\xb96\x91%\xbe*\xe7\xbf\xe3\xb4\xc8\xe5\
7\xab\xdc\x7f$s\x06\xf1fT\x96\xf8v\xdcq\xad\
\xac!\x06\xdd\xd40\x8b+T\x09f\xd2 {\xaeM\
d\x89\xaf\xaa\xe3\xa0\x93t\x1euz\x8a%\x9cKM\
\x15Me\xda \x1e\x80\xac/\xf1e\xe0\x1e\x8d\xf1\xaf\
\x0c^\x00M{1\x81\x17\xb8\x8c\x03\x89\xf9@\x10y\
[g\x1f\xee\xdd\x1eR1\xd9sEC\x03\xce\x1e7\
\x8d;T\xf4\x9by\x83\xecum\x92\xc9%\xbe\x9eA\
\x1a\xa6q\xeaL\x93\xd9\xbd\xe6\xb1n\x1c\xb0\xf3\xf0\x1c\
\xf1\xe1\x0c\xedp\x80\x8f\x02\xe8\x8d\x00\xbc\x7f\xf2y\x01\
\x01\xbe\xd91K}*\xc0t\x8cAZ\xd7&\x19\x5c\
\xe2\xeb\xc7 \xd3M\xb4\xb7\xbef\xfb\xe4\xf67hZ\
\xf3\x0d\xccx\x03\xa0\x9d\x08pI\xc5\x81\x91q\x8d\xff\
yQ\xee\xc0\xd2\xe6\xbe\xc5\xcfD\xed\xa3\xa3\x0c\xd2\x82\
\x91\xb1%\xbeQ\x0c\xb2\xbf\xc9/\xac\x1b;\x0d\xccK\
\x99y\xe9\x1c_os\xaec\x1a\x1b\xc4 \xd3\x10\xc8\
\xca\x12_\xd5\x06\xd9\x1b\x87\xbe\xce>\x11\x8c\xa5\xc48\
\x9b\x81\xd7G=X\xb2\x95\xcf\xb7;f)\xf2\x16\x1d\
\x9dw\x06\xd9k\x16\xb3\xb0\xc47N\x83<\xcf,k\
G\xdf\xce9Z\xe6\x99\x05\xc0\x92l\x1d\xeca\xaa\xe5\
\xf1&\xe6\x97\x9e2_\xd1\x08\x93\xbd;\xa7\xa3\x0d\xb2\
\xbb\xc94/\xf1m\x97Av\xb3X<\xfc\xab\x05\xdb\
\xddn\xcf(\xef\x03\xb8\xb3w\x09s\xf1\x1eg\xc0\xf8\
\x96\x18\xc4\x07\x81\xb4.\xf1m\xb7A\xf6FU\xb0\xec\
\x0b\x19\xb4\x02\xe0\xe3} \xcc^\x08\xd1\x0dN\xb9\xe8\
\xbd\x5c=\xf4gN\x9cA\x9e\xf7U\xc3\xb2S\xb5\xc4\
7I\x83\xb4\xb8\xacbM?\xe4\xd1\x15\x80\xeb\xdd}\
~e\xe8#)\x95\x89t\xbfc\x16#\xbdfj\xce\
\x19\xc4\x9b\xc74-\xf1M\xdc \xbb\x0e\xecCk\xf5\
C&\x81+\x98\xb9mo-l\x87\xa7\xb4\xdc\xbc\xc5\
\xe3}\x87\x87\xde_dN\x1ad\xf7\xc4\xa4a\x89o\
Z\x0c\xb2\x87I\xad\xfe\x17`^I\xc0\xb2v\x1c\xc0\
\xb1\x8f\xc1t\x9eS)~3\xec8s\xda \x1e\xb4\
\xa4\x97\xf8\xa6\xcd \xbb\x0f$\xbdf_\xec\x19\x05\xa0\
#\xc3\x1e\x5ci\xc8c\x86\xd5\xa8\x18\x95\xb0\xb5\xccy\
\x83\xec9 \x12Z\xe2\x9bV\x83x\x5c\x16\x0e\x8f\xf4\
\xcck\xd2g\xb2\xfd\xb6\x19z\xd01\x8b\xc7\x8aA\xc2\
\x12\xd8+/\x89%\xbei6\xc8\x9e\xff<\xa6\xd6\xe0\
\xacQ\x808\x11\x89&\x0e\xd0\xc3\xde\x0f\x913\xc8~\
\xa6,\xdf\xc6%\xbeY0\x88\x87h\xea\xc9\x84\x96I\
2\xf7\x82?\x06\x9d\xd90\x8b?\x0a\xe3N1\xc84\
\xd4\xda\xb5\xc47+\x06\xf9\xf3\xf5\xda\x01_\xcc\xdc\xb2\
g\xe6\xcb\x9cJ\xe9\x061H\x18\x02\xb3\xe4\xc4\xbd\x8b\
o\x96\x0c\xb2\xd7W.\xef\xee\xb4w?)\x13\x1f\x06\
\xaa\x0d\xd3\x18\x08S\xac\x9cA|P\x8bs\x89o\x16\
\x0d\xd2\xfa\xcae\xd9\xd91\x09\xf3O\x9dJ\xc9{\xba\
9\xf0G\x0c\x12\x00Y\x1c\xbb\xf8f\xd5 \x1e\xb6\xbc\
U\xbf\x9d\xc0\xef\x0b\x800\xa1Pz\xdc1\x8b\xa1\x9e\
\x12\x10\x83\x04\x9c2\xd5K|\xb3l\x90\xd6\x99\xa4:\
\xb2\x0a\xa4}: \xc6\xb6\x87;\x7f\xdc1\x1f\xab\x8e\
\xde\x11t`1HPb\xbb\xe2\x95\xed\xe2\x9b\xc0\xce\
\xad![\x9e6M\xb7l\xef\xd7\xadH\x0f\x05\xaa\xae\
\xe9\x05z.^\xe3\x0c\x18\x9b\x82\x8e#\x06\x09Jl\
\xafx%K|\x09k\x9c\xb2\xf1\x91\x08e\xa4\x22U\
\xb7\xec/\x01\xb8(\x15\xc5\xec\xa7\x08r\xdd\xe5\x13\x03\
G~7h}b\x90\xa0\xc4\xf6\x8d\x8f\xb8\xc4\x974\
\xed]\x13\xfd\xbd\xdf\x89ZF\x1a\xf2\x0b\x96}\x07\x03\
\xca\xdf\x8f\xab\xa27f\xfeX\xa3R\xfa\x5cP-1\
HPb\xd3\xc4\x87[\xe2\x1b\xfdqlE\xe5+\x91\
\xd1\xab\xf5%\x00\xff\x00\x84c\x94\x08*\x14a\xe0\xda\
\x86i\x5c\x1dTR\x0c\x12\x94\xd8\x0c\xf1\x01\x97\xf8n\
\x82\x86s\x9d~\xe3!\x85%$.\x95\xb7F\xcf\x22\
\xd0\xf7\x13/\xe4\x85\x05|\xd11\x8d+\x82\xd6%\x06\
\x09J\xccG\xfc\xd4\x12_\xbaf\xda\x95zD_v\
\xb1spk\xf9\xa8\xc7}\xc8e.D\xaf\xd5\x87\xc0\
\xfc\xc94\x15\x1e\xf6f\xa1\x18$\xc6Y,\xac\x1b[\
\x8e\xa6\xbb\x9c\xc9[\xfbMO\x13\xf0\x80K\xda\xcd\x8d\
ro\x1a\xff\x87UJB\xaf\x8e\xde\x05\xa2\xb7+\x15\
\x8d&\xb6\xde1\x8d\x0f\x06\x95\x10\x83\x04%&\xf1\xbe\
\x08\x14\xaa#\xc73iw\x038\xc8WB\xccA\x04\
|u\xc24\xfe&\xe80b\x90\xa0\xc4$\xde7\x01\
\xbdZ\xbf\x02\xc4\xab}'\xc4\x19\xc8\xd8\xe8T\x8c\xc0\
\xcf\x8f\x89A\xe2\x9c\x14\xd1\x86^\xb5\xef\x02!\xf1\xaf\
Z\x04\xdc9a\x1a\x81\x97\x11\x8bA\xe4 \x8e\x95@\
\xf7M\xf6)Z\x0e\xbf\x88u\x10?\xe2!\x1fX\x14\
\x83\xf8\x81+1\x91\x08\x14\xaa\xf6g\x99\xf0\xf1H\x22\
\x91\x93\xf9n\xc7,\x05>\x93\x89A\x22\x83\x17\x81\xd9\
\x08\xf4\x5c\xf7\xc8B\xf7%\xda\xbd z\xddl\xb1\xf1\
\xfd\x9d\xbe\xe9\x98\xc5\xc0\xbb%\x8bA\xe2\x9b\x11Q\xde\
\x8b@\xc1\xaa_\xca\xe0\x1b\x93\x82B@m\xc24\xcc\
\xa0\xe3\x8bA\x82\x12\x93\xf8P\x04\xba\xd7\xfcg\xb76\
\xff%\x0f\x00xE(\x81\x88IL\xfc\x99F\xb9t\
MP\x191HPb\x12\x1f\x9a@\xc2w\xd8\xafp\
L\xe3\x8bA\x8b\x17\x83\x04%&\xf1\xa1\x09,\xaa\xd6\
\x8bM\xe2\xdf\x00X\x10Z$d\x221_4Q)\
}9h\xba\x18$(1\x89\x8fD\xa0`\xd5k\x0c\
\xee\x8f$\x12\x22\x995,k\xf4\x1bw\x06M\x15\x83\
\x04%&\xf1\x91\x08\x14\xaa\xa3\xcb\x99\xe8\xdb\x91DB\
$\x13\xe5\xde4Q>\xe2\xdf\x83\xa6\x8aA\x82\x12\x93\
\xf8H\x04Z?\xf9.\xcc=\xd9\xee\xafYMl\xd7\
\x9f2_\x1bx\xb7)1H\xa4\xe9\x96\xe40\x04t\
\xcb\xfe1\x80\xd3\xc3\xe4\x86\xc9a\xc6\x96F\xc58$\
L\xae\x18$\x0c5\xc9\x89D \x81\x87\x18\xefsL\
\xe3\xa40E\x8bA\xc2P\x93\x9cH\x04z\xd6\x8e\x95\
\x5c\xcd\x1d\x89$\x12,\xf96\xc74.\x0e\x962\x15\
-\x06\x09CMr\x22\x13\xd0-\xfbw\xed\xdam\x97\
\x09\x9fh\x94\x8d\x7f\x08S\xb4\x18$\x0c5\xc9\x89L\
@\xb7\xec\x7f\x04\xf0\x9e\xc8B~\x04\x88\xdf\xed\x94K\
\xa1~9\x13\x83\xf8\x01,1\xca\x09\x14j\xf5\x15\xcc\
\x1c\xea\x8d\xeb\x81\x8b\x99\xc4\x12g\x85\xf1\xfb\xc0y\xf2\
\x15+\x0c2\xc9QA\xa0g\xdd\xd8q\xae\xeb\xde\xaf\
BkF\x0d\xc6&\xa7b\xbc&\xec8r\x06\x09K\
N\xf2\x22\x13\xd0k\xf6s`\x1c\x10Yh&\x01\xc6\
\x17\x9c\x8aqe\xd81\xc4 a\xc9I^d\x02y\
\xcb\xfe\x05\x01\xa7D\x16\x9aA\x80\x19\xcb\x1a\x95\xe0\x8f\
\x98\xec\x96\x14\x83\xc49;\xa2=#\x81\xf8/\xd4\xa9\
\xb9\xd3\xddy\xe8\xb6\x81\xa3&\xc2N\x85\x18$,9\
\xc9\x8bL@\xaf\x8e\xde\x00\xa2\x15\x91\x85\xa6\x13`\xfc\
\xd4\xa9\x18\xa16\xce\x913Hl\xb3\x22\xc2~\x09\x14\
,\xfb*\x06>\xe37>p\x1c\xbb\x83N\xe5\xc8U\
\x81\xf3\xf6J\x903H\x14z\x92\x1b\x89\x80>\xb57\
\xfd\xad\x91DfJ\xd6\xf0\x16\xa7\xdf\xf8\x97(\xfab\
\x90(\xf4$7\x12\x81\xbc5v\x16\xc1\x8d\xe95\xac\
\xfc\x80c\x96^\x1f\xa9@\xb9\x0f\x12\x15\x9f\xe4G!\
PX7v\x1a\xbb\xae\xf7zR\xe5\x1f\x02\xae\x9b0\
\x8d\xc8\xaf\x1a\x923\x88\xf2\xa9\x11A\xbf\x04\xe2\xdc*\
\x81\x88N\x9b(\x17\x7f\xee\xb7\x96\xe9\xe2\xc4 Q\x09\
J~h\x02\xb1\xad.$<\xe2\x94\x8d\xa3B\x17&\
\x17\xe9*\xd0\x89FT\x02\xf9\xea\xd8{\x89\xdc\xafG\
\xd5yA>\xd3\x8dN\xa5\xf8a\x15\xbar\x06QA\
Q4B\x11\xd0\xad\xd1\x8b\x00\xf26\xffT\xfaq]\
~\xeb\xd6\x81\xd2\xbd*D\xc5 *(\x8aF(\x02\
yk\xb4\x9f@\xb5P\xc9\xd3'\xdd\xe5\x98\x86\xb2\xe5\
\xbcb\x10\xc5\xb3#r\xfe\x09\xe8\xd5\xd1\x0f\x83\xe8z\
\xff\x19~\x22\xf9b\xc7,\xdd\xe6'\xd2O\x8c\x18\xc4\
\x0f%\x89\x89\x85@\xbeV_I\xcc\xd7\xa9\x12'`\
\xec\xc5\xcf\xbe\xe8\x98\xdf\x7fd\xc9v\x85\x9a\xaa\xa4D\
G\x08\x04#\xa0[\xf6\xa7\x00\x0c\x06\xcb\x9a>:\xec\
\xfbwg\x1a_\xce \xaafGt\x02\x13\xd0\xad\xd1\
o\x00\x14xK\x82\xe9\x06b\xa2c\x1a\xe5\xe2\x7f\x05\
.d\x86\x041\x88J\x9a\xa2\x15\x88@\xde\xb2m\x02\
\x8a\x81\x92\xa6\x0d\xe6\xeb\x1d\xb3t\xb9\x1a\xad?\xab\x88\
AT\x13\x15=_\x04\x0e\xb9\xe5\xd1C'w6\xbd\
7,\xaa\xf8l\xe6\x9cvb\xa3\xaf\xd7{S\x8a\xd2\
\x8f\x18D)N\x11\xf3K \xbfv\xe4L\xd2\xb4\x1f\
\xf8\x8d\x9f)\x8e\xc1+\x1bf\xe9\xf3*\xb4\xf6\xd5\x10\
\x83\xc4AU4g%P\xb0F\xafa\xd0\xdf\xcd\x1a\
8[\x00\xe3W\xce\xab\x8b'\xe2T\x9a\x9c-4\xcc\
\xdf\xc5 a\xa8INd\x02z\xad\xfe\x1d0\xbf3\
\xaa\x103.lT\x8c\xafE\xd5\x99._\x0c\x12\x17\
Y\xd1\x9d\x91\x80^\xb5\x9f\x00\xe1\xb0(\x98\x98\xf0\xbd\
F\xd98'\x8a\xc6l\xb9b\x90\xd9\x08\xc9\xdf\x95\x13\
\xc8\xdf4v\x0c\xe5\xdc\x07#\x0a\xbb\xd0pR\xd4\x15\
\x83\xb3\xd5 \x06\x99\x8d\x90\xfc]9\x01\xbdV\xbf\x02\
\xcc\xab\xa3\x083\xf0\xd9\x86i\x5c\x15E\xc3O\xae\x18\
\xc4\x0f%\x89QJ@\xaf\xd9\xbf\x04\xe3\xc4\xd0\xa2D\
\xbfe\x8dNn\xf4\xf5>\x15Z\xc3g\xa2\x18\xc4'\
(\x09SC@\xc52[&\x5c\xd8(\xc7wa\xbe\
w\xa7b\x105\xf3.*>\x09\x14,\xdbb\xa0\xec\
3|\x7fa\xdftLC\xd9\xe3)\xb3\xd5!\x06\x99\
\x8d\x90\xfc]\x19\x81\x85k\x1f.\xcc\xd3\xba\x1e\x02\x10\
j;4\x00O2r\xa77\xcc#\xa2^\xe0\xfb\xee\
I\x0c\xe2\x1b\x95\x04F%\xa0[\xa3\x97\x004\x1cV\
\x87\xc1\x174\xcc\x92\xfa%\xba3\x14$\x06\x09;[\
\x92\x17\x98@\x94\xcd;\xdb\xf5\xab\xd5\xbeM\x89A\x02\
O\xb3$\x84!P\xa8\x8e\x1d\xcf\xe4\x06\xde\xa7\xdc\x1b\
\x8b\x80;'LcY\x98q\xa3\xe6\x88A\xa2\x12\x94\
|_\x04\x0a\x96\xfd5\x06\xce\xf7\x15\xfc\xfc\xa0\xc7r\
\x9av\xfa\x96\xfe^;Dn\xe4\x141Hd\x84\x22\
0\x1b\x01\xbd6\xf6.\xb0\xbbq\xb6\xb8\xfd\xfd\x9d\x88\
\x96O\x94\x8b\xdf\x0d\x93\xab\x22G\x0c\xa2\x82\xa2hL\
O`\xd5*M?\xe4\x82\xfb\x00\xbc90&\xe6\xcb\
\x9cJ\xa9=\xfb\x18NS\x9c\x18$\xf0\xacIB\x10\
\x02y\xab\xfeQ\x02\x7f.H\xceT,\xadv\xcc\xe2\
G\x83\xe7\xa9\xcd\x10\x83\xa8\xe5)j{\x11XT\xad\
\x17\x9b\xc4\xde\xd9#\xe8}\x8f\xb6\xde\x0c\x9ci\xd2\xc4\
 rH\xc7F\xa0`\xd5k\x0c\xee\x0f4\x00\xe3\xc7\
N\xc58#PN\x8c\xc1b\x90\x18\xe1\xceei\xbd\
j/\x05\xe1'A\x180pO\xc34N\x0d\x92\x13\
w\xac\x18$n\xc2sP\xbf\xfb\xb6\xc7\xba\xb5\xed\x93\
\x9e9N\xf0\xdb~\x1a\xcd\xd1\xba\x12\xf2\xdb\x80\xc4\x09\
\x01\xbf\x04\x82\xee^\x9bVs\x88A\xfc\xce\xb8\xc4\xf9\
&\x90\xb7\xeck\x09\xf8\x84\xdf\x844\x9bC\x0c\xe2w\
\x16%\xce\x17\x81B\xad\xfeNf\xfe\x8e\xaf`\x00i\
7\x87\x18\xc4\xefLJ\xdc\xec\x04\x86y^\xa1Y\xdf\
\xc6\xc0\xfc\xd9\x83[\xe6\xa86Lc\xc0Ol\x921\
r\x0d\x92$\xfd\x0e\x1a[\xaf\x8e>\x0c\xa2W\xf9j\
\x89\xf8\xddN\xb9\xf4m_\xb1\x09\x07\x89A\x12\x9e\x80\
N\x18>o\xd5o$\xf0\xa5>zy\x12\x1a\x96\xc7\
\xfd&\x12\x1fu\xf8\x0e\x11\x83\xf8F%\x81\xfb#P\
\xa8\xda\x9fe\x82\x9f\xed\x96\xefri\xb2ok\xf9\xa8\
\xc7\xb3DR\x0c\x92\xa5\xd9JY\xadz\xb5~\x03\x88\
W\xccZ\x16\xf3\xb0\xb3h\xe7\x0a\x9c{\xf4\x8eYc\
S\x16 \x06I\xd9\x84d\xa5\x1c\xdd\xb2o\x01\xf0\xc1\
\x99\xea%\xe090]9Q)\xae\xcdJ_\xfb\xd6\
)\x06\xc9\xea\xcc%U\xf7\xb78W\x18\xaf\x7fe\xf6\
\xc5O\xf4\x1fn\x93\xaf\xdcz\xa9qOR\xa5\xaa\x18\
W\x0c\xa2\x82\xe2\x1c\xd1XT\xdd\xf4\xd2&\xcd\xbf\x15\
\xe0\xb3fn\x99n\xdf\x99k^\xb9\xad\xef\xc8\xf1\xac\
\xa3\x11\x83d}\x06\xdbT\x7f\xf7\xba\x91c5\x97n\
\x06h\xa6\xe7\xablf\x5c\xdf\xa8\x18V\x9b\xca\x8a}\
\x181H\xec\x88\xb3?\x80^\x1d\xf9\x10H\xbb\x16@\
\xcf4\xdd<\xcd\xc4\xd7O6\x17\xac\xd96p\xd8D\
\xf6;\xfes\x07b\x90N\x9aM\xc5\xbd,\x1c\x1e\xe9\
\x99\xe7\xe6\xae\x05\xf3\x87\xa6\x97\xe6\xdb8\x97[\xd3\xe8\
\xeb\xfd\xad\xe2\xe1S!'\x06I\xc54\xa4\xaf\x88]\
[\xa4yg\x8dc\xf7_\x1d\xfd\x00\xc479e#\
\xd0\x9a\x8f\xf4u:\xcb\xd5T\xd6\x0a\x96z\xe3'\xa0\
\xd7\xecO\x83\xb1j\xbf#\x11\xfd\x0cpkYyT\
$*-9\x83D%\xd8A\xf9=V\xfd\x8d.a\
\x08\xccg\xbe\xb0-\xba\x8f\x89k\xedz\xabzZ\xb0\
\x8aA\xd22\x13\x09\xd6\xd12\x06\x5c\xef\xbd\xb9\x97\xbc\
\xb0\x0c\xbe\x1fL\xc3N\xc5X\x9f`\x89\x89\x0d-\x06\
I\x0c}\xf2\x03\xcf`\x8c\xa7A\xb4\x81\x8964\xfa\
{\x7f\x98|\xa5\xc9U \x06I\x8e}b#Oo\
\x0c\xbe\x9f\x81\x0dL\xcd\x0dY{\xa80.\x98b\x90\
\xb8\xc8\xa6Pw\x1acl&\xd0\x1d.pG\xc3,\
\xfe(\x85e'Z\x92\x18$Q\xfc\xed\x1b\x5c\xbf\xc5\
>\x0c;\xf1\xc4\xd4\x88\xb4\x1d\xccw\x82\xb0\xd11\x8d\
\x0d\xed\xab\x22{#\x89A\xb27g\xa1+\xd6\xab#\
\xab@\xda&1\x85\x7f\x84b\x10\xff\xac$r\x0e\x12\
\x10\x83\xcc\xc1I\x97\x96\xfd\x13\x10\x83\xf8g%\x91s\
\x90\x80\x18d\x0eN\xba\xb4\xec\x9f\xc0\xff\x03\xbf\x87\xd8\
#W2[\xb5\x00\x00\x00\x00IEND\xaeB`\
\x82\
\x00\x007:\
\x89\
PNG\x0d\x0a\x1a\x0a\x00\x00\x00\x0dIHDR\x00\
\x00\x00\xd4\x00\x00\x00\xc8\x08\x06\x00\x00\x00\x90\xca\xcf\xf8\
\x00\x00 \x00IDATx^\xed]\x09xS\xc5\
\xf6\xff\xcdM\xcb^\x04J\x93\xb2)P\x846aQ\
\x16ADA\x14\x10\x05\x9a\x80(\xee\x0a\xb8\xe1S\x9f\
\xfa|*\xd2\xb4MU\x9e;\xfa\x9e\xa8\xa8\xa0\xa2\xb8\
\xb04\x05\x14\xc1\x05\xfc\xe3\xc6\xa2(4)  \x02\
\xb2#\xb2C\xdb\xdc\xf3\xff&m\xb1\xcd\xbd7\xeb\xbd\
I\x1a\xee\xf9\xbe|\x153s\xce\x993\xf7\x97\x99;\
s\x16\x06\x9dt\x0b\xe8\x16P\xcd\x02L5N:#\
\xdd\x02\xba\x05\xa0\x03J\x7f\x08t\x0b\xa8h\x01\x1dP\
*\x1aSg\xa5[@\x07\x94\xfe\x0c\xe8\x16P\xd1\x02\
:\xa0T4\xa6\xceJ\xb7\x80\x0e(\xfd\x19\xd0-\xa0\
\xa2\x05t@\xa9hL\x9d\x95n\x01\x1dP\xfa3\xa0\
[@E\x0b\xe8\x80R\xd1\x98:+\xdd\x02:\xa0\xf4\
g@\xb7\x80\x8a\x16\xd0\x01\xa5\xa21uV\xba\x05t\
@\xe9\xcf\x80n\x01\x15-\xa0\x03JEc\xea\xact\
\x0b\xe8\x80\xd2\x9f\x01\xdd\x02*Z@\x07\x94\x8a\xc6\xd4\
Y\xe9\x16\xd0\x01\x15\x07\xcf\x80%\xfb)3\x09e\x16\
\x10,\x80`\x06\xa3\x96 j\x08\xa0\x01\xc0\x1ax\xff\
24`\xc4\x92\x89\xe8\x18\x18\x8e\x02\xde\xcf1\x10\x8e\
\x83p\xaf{\xbe}M\x1c\x0c\xe5\x8cWA\x07T\x0c\
\x1e\x81Lk\xde\x00\x06a4c\xe8_\x01\xa2\xc8H\
 \xe1\xec\xe2\xa2I\xdb}\xb9d\xda\xf2:\x82\xd0\xb2\
\xe1\xf6\x9d\xdf\xfe\xf8\xe3\xb4\xb2\xc8\xa4\xe8\xbd\x83\xb1\x80\
\x0e\xa8`\xac\xa4B\x9b*\x10\x01\x18\xcd\x804\x15X\
\x9ef\x91t\xbc~\xa3\xb5K\x1e>\xe6\xcb\xd3b+\
x\x80\x88^\xe0\xff\x9f\x80e`\xec\x0b\x88XQV\
Z\xber\xd3\xa2\xfc\xc3j\xea\xa0\xf3\xaa\xb0\x80\x0e(\
\x8d\x9f\x84\x0eCs\x1b\xd7\xa9\x9b\xf45@\xe7i\x22\
\x8ap\xcc]do$\xc7\xdblu|\x09`\xa0\xcc\
w{\x01|\x0c&|\xe4.\x9c\xf4\x8d&z\x9d\xa1\
Lu@Ea\xe2-V\xc7\x8b\x04\xfcS#Q%\
n\xa7\xdd\xac\x00(\x0a$\x93\x01KD\xd0\xc7B2\
}\xe4\x9a\x9d\xc7\xdf\xcbt\x8a\xc0\x02:\xa0\x220^\
\xb0]\xb3\xb2\x0b.g\x8c>\x0f\xb6}\xc5\xd6\x81\x9d\
 \x10\xdf\xc6\x1d\x05\xa1\xea \xa2\x14`)\x00\xa5\x00\
\xe0\x9fF \xacq\x17\xd9\xfb\xf9\xf2\xee<\xe2I\x93\
(xv\x87 \xf3w\x06\xf6\x96\x87\x19\xa6\xae/\x9c\
x \x84~z\xd3j\x16\xd0\x01\x15\xa5\xc7\xc1l-\
X\xa3\xb0\xed;J\xa0\xb5\x8c\xd8Z\x08\xf8E\x10\x85\
\xb5T\xa7|m\xa4\xabE\x965\xff&\x06\xf6n\x18\
\xc3\xdb\x02\xb0\xa9\xf5=\x9eW\x7f\x5c\x90w<\x8c\xfe\
gt\x17\x1dP\x11L\x7f\xa6\xcdq!(y\xd7z\
\xe7c[\x03\xb1\xc9\xb2\x15<\xce\x88\x9e\xa8|q]\
G\xa0\x85\x22c\x0b\xd6\x17\xda\xbf\x0f\xd47\xdc\xef-\
#\xf2:\x10c\x17\x03\xc2e`4\x14@\xb3\xa0y\
\x11\x5c\x04L-)\xb2O\x0d\xba\x8f\xdeP?\x94\x08\
\xe7\x19\xb0\x8c\xce\xabC\xe5B.\x08\x13\xc1\xf0\x9c\xbb\
\xd0\xfep >\x99\xd6\xbc\xb6\x02\x84{\x05\xb0\xc5\xc5\
\xce\x9c%\x81\xdak\xf1}\xd6\xc8'\xfa0Q\x1c\x0d\
\xe0:\x00-\x82\x91\xc1O\x07\x09b\xfezg\xde\xb2\
`\xda\x9f\xe9m\xf4\x15*\xc4'\xc0l\xcb\xcf&\xc0\
\xc1\x88u\xad\x5cmN\x88\x82\xd8\xafd^\xdeO!\
\xb2\x8aY\xf3L\xdbS\xa9\x06*\xbfN\x04]\xc7\xc0\
\xfa\x06\xa7\x08\xe5\xbb\x9d\xb9y\xc1\xb5=s[\xe9\x80\
\x0ar\xee\xcd\xa3s\xcfF\xb90\x11\xc4\xee\xf4\xed\xc2\
\xc0f\xba\x9c97\x07\xc9*\xae\x9aY\xb2\xf3\x87\x13\
\xd8\x040\x5c\x11H1\xbeZ\x95%']\xb3i\xf6\
\xc4}\x81\xda\x9e\xa9\xdf\xeb\x80\x0ab\xe6\xb3F\xe4_\
\xc5\x046\x05@\x07\xe5\xe6t\xb9\xdb\x99\xcb\xef}j\
%e\x8dp\x8ca\x02&\x00\xb88\xe0\x00\x18]\xe3\
.\xcc\x9d\x1d\xb0\xdd\x19\xd8@\x07T\x80I\xb7d\x17\
<@\xac\xc2\xdb\xc0\x1f\xf1#g\x973g|\xa0v\
\xf1\xfe\xbd\xd9\xe6\x18\x0b\xc2}\x00\xba\xc9\xe9J\xa0\x82\
\x12g\xae=\xde\xc7\x11+\xfdt@\xf9\xb1\xbc\xd9\xe6\
x\xa9\xf2\xe1\xf2\xd3\x8a6\x81\xb1\xe7\xdd\x85\xf6\xd7b\
5\x89j\xcb\xed8<\xafyR\x92\xe1\x09\x10\xf9n\
o\x8b\xdcN\xbbUmy\x89\xc4O\x07\x94\xc2lZ\
\xb2\xf3\xe7\x11c6\xbf\x93M\xf4\xbe($;\xd6\x17\
N\xdc\x98H\x0fE\xd5X,\xb6\xfc\xdb\x89X~\xe5\
\x89\xe0\x96\x93\xc9u\xbao\x99\xfd\xe8\xa1D\x1c\xabZ\
c\xd2\x01%cIK\xb6c!1\x5c\xe5\xc7\xc8\x87\
\x18\xf0O\x97\xd3\xfe\xb6Z\x13\x11\xaf|*\x8f\xdas\
@p\xb8\x8b\xec+\xe2U\xcfx\xd1K\x07\x94\xcfL\
X\xac\xf9S\x09\xecn\xa5\x09b\xc0:b\xc2\x843\
\xc9\xa9\xb4\xebM\xcf6\x5c;S\xea\xcd\xeek#\xcb\
\x88\xc9\x1d\x5c\xf3\x1f\xdb\x14/\x0fw,\xf4\xd0\x01U\
\xcd\xeafk~\x1e\xc0r\x15\xc1D\xf8\xc4Ud\x1f\
\x16\x8b\x89\x8aw\x99\x95\xb6\x1b\xc1\x92\xc5\xcb]\xb3\xf3\
\xfe\x8cw}\xb5\xd2O\x07T\xa5e\x03\x81\x09`\xff\
r;s\x9e\xd7j\x22j3_\x1f\xdb-r;\xed\
W\xd6\xe6\xf1D\xa2\xbb\x0e(\x00\x81\xc0$\xc23d\
\xbd3?&\xeeB\x91Ln4\xfa\xca\xda\x8e\xb1\x19\
\xee\xc2\x9c\xb1\xd1\x90\x1fo2\xcex@Y\xac\xf9\xd7\
\x11\xd8,\xc5\x89\xd1/1\x15M\x13\xe0\x87\xe8\x05\xb7\
\xd3\xfeP\xbc=\xf0Z\xebsF\x03\xca\x9c\xed\xe8\x0d\
\x86\xf9\x00\x8cr\x86&\xc6\xfe]R\x98\xf3\xac\xd6\x93\
P[\xf9[l\x05\x03\x89\xf01@\xa9rc`\xc0\
\x03.\xa7\x9d{\x98\x9c1t\xc6\x02\xaa\xab-\xcfX\
Nl.\xc0$\xc1y|\xf6\xbd\xa1\x0bN\xfb=g\
\xcc\x93\x10\xe6@\xcd\xb6\x82\xdb@4]\xbe;;\x22\
\x88l`\xf1\xfcI\xab\xc3d_\xeb\xba\x9d\xb1\x80\xca\
\xb2\x16\xbc\xcd@\xb7\xc8\xff\xb2\xb2%.g\xce\x90Z\
7\x9b1R8\xc0\xd6\xef\x8c:\xa48#\x01\x15\xe0\
\x01\xd8\xc3(i\xa0\xabh\xa2;F\xcfg\xad\x14k\
\xb6:\xde\x02 \x7f\x10Ax\xdc]d\x7f\xaaV\x0e\
,D\xa5\xcfH@q\x1be\x8d*8\x97y\x88\x1f\
\x83\x0f\xafa3\xfd\x10\x22\xc4G\xa8\xa2yEv'\
\xc3\x17\x00z\xf92``\x1eQ`\x03K\xe6M\xfa\
\xbf\xb0\x98\xd7\xa2Ng,\xa0\xaa\xe6\xc8\x9c]p'\
\x18q\xef\xe9\x96\x80\x1eD\x17\xc9\xb3\x9be\xcb\x1f\xc4\
\x88\xc9^/0\x86O\x5c\x85\x89\x7f)~\xc6\x03\x8a\
?@\x9dG\xe4\xf6\x14\x85\xa4\x7f\xbb\x9d9\xd7D\xf2\
@\xe9}\x01\x8b\xb5 \x87@\x0e\xd9wSb\xa3]\
E9s\x12\xd9N:\xa0\x12yvc46\x8b\xcd\
\xb1\x90H\xc6\xb9\x98a\xa9\xbb\xd0.\x97x3F\x9a\
\xaa/V\x07\x94\xfa6=\xe39f\x8d|\xb2\xbb \
\x8a+\x09d\xf05\x06\x11n))\xb2\x87\x93\xde\xac\
V\xd8U\x07T\xad\x98\xa6\xda\xa7\xa4\xd9\x9a\xff2\xc0\
\xee\x95\xd1|\x85\xdbi\xefS\xfbF\x14\x9c\xc6:\xa0\
\x82\xb3\x93\xde*D\x0bt\x19\x9e\x97\xe91\x08++\
3\xdc\xd6<H\x05nK\xd4X2\x1dP!>(\
z\xf3\xe0-`\xcevL\x06\xc3\xa32=>u;\
\xed\xfe\x028\x83\x17\x12g-\x13\x1ePfk\xfee\
$\x18\x8e\x95\xcc\x9b\xf4C\x9c\xd9>\xe1\xd5\xe9\x9c\xfd\
D\x1b\x11\xe2J0\xa4\xfb\x0eV$\xf1\xa2\xf5Ey\
\xdf%\x9a\x11\x12\x1eP\x16k\xc1\x9b\x04\x1a\x07\xe0=\
&\xd2t\xd7\xfc\xdc\xa5\x896\x89\xf1<\x1e\x8b\xd5\xf1\
4\x01\xff\x96\xeaH\xcf\xbb\x9d\xb9\xff\x8ag\xdd\xc3\xd1\
-\xa1\x01u\x9e5\xafI)\x84?*JkV\x10\
\x03\xe6\x11\xe8M\xb73wQ8\x06\xd3\xfb\x84f\x01\
\x8b5\xef<\x82 W\xaet+\x09\x86\xbe%\xf3\x1e\
\xdf\x15\x1a\xc7\xf8n\x9d\xd0\x80\xca\xcav\x8cg\x0co\
\xc8L\xc1\x97n\xa7\xfd\xf2\xf8\x9e\x9a\xc4\xd1\xcebs\
\xcc#\x82$\x83\x14c\xec\x1f\xae\xc2\x9cW\x12g\xa4\
\x09^\xc1\xd0\x9c\xedX$\x9fbX\x0fg\x8f\xe6C\
\x9ce-\xb02Pa\xe5\x0e\xe1G\x11\xf8X\x14Y\
\xd1\x86\xf99\x1b\xa2\xa9G4d%\xec\x0ae\x19\xe9\
\xe8E\x22\xf8\xb1\xad/\xfd)B\xec\xb1\xde\x99\x17\xb0\
\x04M4&\xe0L\x91\xc1\xbd\xd1\x99\xc0\x8a\x5c\xf3r\
x@g\xc2R\xe2\x02\xaaZ\xc1f\x9f\xd9{\xdb\xed\
\xb4\xdf\x96\xb03\xaa\x0f,\xa6\x16HX@\x99\xad\x05\
<4\x9b\xd7B\xaaAD\xec\xaa\x92\xa2\x9cOcj\
u]x\xc2Z \x81\x01\xe5\xd8\x0e\xa0\xb5\xcf\xcc\x1d\
N:~\xb8\xe5\xda%\xcf\xf1\xda\xb5:\xe9\x16P\xdd\
\x02\x09\x09\xa8\xce\xb6\x82,\x91H.\xe2v\xb1\xdbi\
\x0fX\x07Iu+\xeb\x0c\x15-0`@^\xd2\xee\
&\xe8\x97(\x15\x12\x13\x12PY\xd6\xfcq\x0c\xecM\
\xc9v\x0f\xc8)q\xda\xbdun\xe3\x95\x96.]\x9a\
\xd4\xa1C\x87\xc6III\x8d\x05Ah\xcc\x18k\x0c\
$5\x16E\xcfY\x8c\xa11\x00\xfe\xff\x04\x80mf\
L\xdcr\xf4\xe8\xd1-\xed\xda\xb5\xfb+^\xc7S]\
\xaf\x8a\xaa\x1e\x94I\xa2!\x93\x09\xe8D\x22\xaec\x0c\
\xad\x18p\xa7\xcbi\x9fV\x1b\xc6\x10H\xc7\x84\x04\x94\
9\xdb\xf1*\x18\xee\xf2\x1d<\x13p\x81k\x9e}U\
 \xa3D\xfb\xfb\xbd{\xf7\xf6\x03\x84!\x22h\x08\x93\
\x09!\x0f\xac\x0f;@\xa0-\x02\xb0Y\xf4\xfe5l\
\xf6x\xc4--Z\xa4\xc5U]\xdc,k\xc1\xdd\x0c\
$-\x82\x1dd\x9d\xe2\xc0v\x88}\x8b\x84\x04T\x96\
5\xff[\x99\xda\xb1\xc7\xddN{\xc3\xd8\x9b\x1c\xd8\xb5\
kW\xdb\xa4\xa4\xa4A\x1e\xc2@\x06\x5c\x0a\xc0\xa4\x85\
^\x0c\xd8\x0e\xb0\x99\x808\xdbh4\xfe\xac\x85\x8cP\
xfZ\xf3\x06\x08\x10\xa4\xae_\x0c\xf3\xdd\x85\xf6\xec\
Px\xc5k\xdb\x84\x04\x94\xd9\xea8\x02\xa0QM\xa3\
\xd3Ongn\x8fXM\xc4\x81\x03\x07Z\x97\x96\x97\
\x8f\x17\x98\xc0\x01tI\xb4\xf5 `5#\xf1c1\
)\xe9\x93\x16\xa9\xa91\xc9\xe8\x94i\xcdk+@\xf8\
M2v\xc2zw\x91=+\xda6\xd1B^\xc2\x01\
\xaa\xb3\xb5 C\x04IK\xaa0\xf6\xbe\xbb0\xe7F\
-\x8c\xe8\x8f\xe7\x9e=\x7f\xb5'V:\x9e\x81q\x07\
]\xd9\x0c\xb5\xd1\xd6\x09`K\x18\xf0\x89(\x96\x7f\x98\
\x9e\x9e\xbe7\x9a\xf2\xcdV\x07\xc9\xc8\x13KO5i\
\xb0i\xd1}\xa7\xa2\xa9\x8b\x16\xb2\x12\x0ePY\xd9\xf9\
6\xc6\xd8<_cQ\x94\x0f$\xf6\xef\xdf\x9f\xe9\xf1\
\xd0x&\xb0qD\xd4D\x8b\xc9\x8b\x9c'm!`\
J\xba\xd1\xf8\xdf\xc8y\x05\xc7\xc1lu\xfc\x0e\xe0l\
\xdf\xd6\x22\xa1\xeb\xfa\x22\xfb\xba\xe0\xb8\xc4o\xab\x84\x03\
\x94R\x12K\x16\xa5\x8c;{\xf6\xec\xe9\xc6\x98a\x9c\
H\xe2x\xc6X\xfd\xf8\x9d\xfa\x1a\x9a}\xcb@S\x8c\
F\xa3\xe6\x19\x89\xb2\xac\x8e\xa5\x0c\x18 \xf9\xc1K\x90\
\x0b\xf7D\x04\xd4s\x00\x93T}\x10\x19\xfa\xae/\xb4\
\x7f\xaf\xd5\x03\xbec\xc7\x8e\xd4\xe4\xbau\x9f\x04\x81W\
\x82\x97$'\xd1J\xae\xba|\xd9\x1c\x90g\x8a\xc9d\
\xfaV]\xbe\x7fsS*\xb7\xca\x12$,>\x01\x01\
\xe5x\x1d\xc0\x1d\x92_@f\xe8RR\xf8x\xb1\x16\
\x0f\xca\x9e={.\x84`\x98\x02\xa2\x0b\xb4\xe0\x1fm\
\x9e\x0c\xec\xbfDISL\xa6&[\xd4\x96m\xb1\x16\
|H\xa0k\xa5\xf3\x93\x18\x95N\x12\x0ePY\xd6\xfc\
Y\x0c\xec:\xdf\x09\xf3xX\xfb\x0d\x0br\xa4'L\
\x11>1{\xf6\xef\xbf\x19\x22\xbd\x13!\x9bx\xec\xbe\
\x97\x81=b46W\xb50w\xb5\x08\xea\x1acf\
D\xcf\xba\x8are\x22{\xe3\xd14\xca:%\x1c\xa0\
\xcc6G\x11\x08#|\x87\x9c\xc4D\xd3\xda\xc2<U\
O\xb4\xf6\xec\xd9\xf7\x0c\x18\x1e\xae]S\x1e\x9a\xb6$\
\xd2\xa4\xf4t\xe3\x93\xa1\xf5Rnm\xcev\xbc\x04\x86\
\xfbdZ$D\x14@\xe2\x01\xca\xea\xe0\x09\xeb/\x93\
\x00\xeax\xfdFk\x97\x04\xaed\x1e\xcc\x83\xb3o\xdf\
\xbe\x16\x22\x81'\xbe\xef\x10L\xfb\xda\xdf\x86\xa6\x9a\x8c\
FUje\x99m\x0e\xfe\x9e9Q\xc6&\x09\x91\x09\
)\xe1\x00\xa5\xf5\xc3\xbb{\xef\xdek\x19\xd8\x87Z\xcb\
\x897\xfeD(J7\xa5Y#\xd5K\x07T\xa4\x16\
L\xa0\xfe{\xf6\xec\xf97\x98\xf0t\x02\x0d)\xa4\xa1\
0`\x95\xd1\x98\x16\xd1\xc1\x8b\xc5\x9a?\x85\xc0\xee\xd7\
\xb7|!\x99>\xf1\x1a\xef\xdd\xbbw,\x81\xf1\xa2b\
g:\xed4\x19\xd3Z\x85k\x04\x8b\xcd\xf1\x06U\x5c\
-\xd4 \xfdP\x22\x5c\x8b\xc6I?\xee\xa2T\x8e\xf2\
\x0c\x81\x19\xda\x03\xc8`@\x86Hdb`\xdc\x81\xf6\
\xf4\x87\xff\x9b\x19P\xd6,\xa5A\xbdF\x0d\xea\xa2a\
\xfd:h\xc4?\xd5\xfe\xbb\xb5\xa9\x09,\x19\xe98;\
=N\x1d\x22\x82\xb0\xf9\x81C\xc7\xb1\xe5\x8f\x038\xf0\
\xd7q\x1c8t\xec\xf4\xdf\x83GN\xe0\xc4\xc92\x9c\
8U\xf9\xa9\xfco\x00;\x19\xb0\x8b\x80\x9d\x00v\x01\
\xb4\x8b\x08%\x02\xa3\xdfD\xa1t{\xc9\xbc\xa7d\xd3\
\x83eY\x0bf1\x90\xe4\x146Q\x0a\x84\x9f1\xef\
P\x9dG=\xd9U,\xf7\x0cf\x8c\x0d\x22\xd0\xe0 \
\x9e\xb1\x90\x9b4I\xa9\x8f\xce\x1d\xd2angB\xc7\
s\xd2\xd0\xf1\xec4\xa44\xac\x1b2\x1f\xad;\x9c*\
+\xc7O%;\xb0\xf1\xf7\xfd\xd8\xf0\xfb^l\xfc}\
\x1f8\xa0T&\xee\xd6\xb4\xad\xc4i\xe7\xce\xc0\xa7I\
\xe9\x14V\xbf\xd8U\xd9\xfaZ\xb0\xb3d\xe7\x0f\x01\xc3\
P\xf2\x9e\xfa\xb1\xceZ\xc8\xf0\xc7\xd3`\x10\x90\xd9\xd6\
\x88~\xe7\xb5\xc3\x80\x9e\x19HOM\x89\xb6\x0a\xa7\xe5\
\xf1\xd5g\xc5\xbamX\xed\xde\x8e\x9f\xd6\xf3\xdc\x9f\xda\
\x131z\xba\xa40\xb7Fns\xb3\xc2)l\xa2\xe4\
\xfaH\xb8\x15\xcal\xcb\xedG\x10\x861\x91\x0d\x03\x83\
E\xfb\xc7&8\x09\xf5\xea$yA\xd5\xbfG\x06\xfa\
t9'\xb8N\x11\xb6\xda\xba\xf3O|\xfb\xf3V|\
\xfb\xcbV\x94\xfc\xb6'Bn\xa1w'0[\x893\
\xc7Yc\x85\xb2:6\x03\xe0\xdb\xec\x1a\xc4H\xb4\xb8\
\x8a\xf2b\x12V\x12\xfa\xc8\x94{$\x04\xa0*R.\
\x1bn\x02\xc4\x1b\x01\x16\xd1)\x94\x9a\xc6U\xe2\xc5W\
-\x0e,-V\xadCGO\xe2\xdb\x9f\x7f\xc37?\
\xff\x86\xef\xd7r\xc7\xee\xd8\x11\x09\x86\x96\xbe\xa9\x96\xe5\
\xc27xQk${\x1a\xb8f\xe7\x95\xc6N[u\
$\xd7j@YFL\xee \x0a\xa573\xb0\x9b\x01\
\xa8\xf2\xb3_\xa7N\x1d\xd4\xa9[\x07\xc9\xfco\xe5\xa7\
\xac\xac\x0c'O\x9c\xc0\x89\x13'q\xea\xe4Iu,\
\x0f\x80\xafZ\x83/\xec\x04\xdb\xa5\x9d\xd1\xb6e\xb3\x88\
\xf8\x1e9~\x0aE\xcb\x8aQ\xb4\xcc\x85\xfd\x7f\xc5C\
R'\xda\xe8v\xe6v\xaa>(\xc5\x00C\xe0\x17\xb7\
\xd3~^D\x06\x88\x93\xce\xb5\x12P\x99\xb6\xbc\x8e\x82\
(<\x00\x06\x0e\xa4\xd3\x85\x00B\xb1\xa91\xdd\x04S\
\x0b\x13R\x9b7Gj\x1a\xff\xa4z\xff\x06\x22\x22:\
\x0d.\x0e\xb2\x83\x07\x0eb\xd7\x1f;+>;v\xc2\
\xe3\xf1\x04b!\xf9\xbe^\xdd$\xd8.\xed\x02\xeb\xa5\
\x9dal\xea\x13h\x1c\x80[Y\xb9\x07\xcee\xc5\x98\
\xff\xb5\x1b;\xf6\x84\x97\xab\x85\x03\x9b\x03\xbam\xcb\xa6\
hcj\x82\xb4\xa6\x8d*>\xcd\x1az\xf5IN\x92\
:\xcf\x1f;Q\x8a\xe3'KQ\xf1\xb7\x0c_\xad\xde\
8g\xee\x17\xc5GQ\x11\x9a\xd1\x96@\x1f\x948s\
\xaf\xaf\xae~gk\xc1`\x11\xb4X2$\xa2\xf7\xdd\
E\xb9Q\x0f\xfe\x0cy\xa2\x82\xe8P\xeb\x00e\xb19\
\x1e$\xc2#\xa1F\xbf67\xa6\xa1U\x9b\xd6h\xd3\
\xb6\x0d\xdau\xc8@\xa3\x94\xd0\x1e\xdc l\xe9\x05\xd3\
\xee?va\xf7\xce]\xd8\xb5s\x17\xb6m\xd9\x8aC\
\x7f\x1d\x0a\xa6\xab\xb7M\xeaY\x0dN\x03\x8b\x1f\xcf\x07\
\x22~\xc8\xf0V\xd1\x0a\xfc\xbam\x7f\xa0\xa65\xbeo\
\x95v\x16\xbavl\xe1}\x97\xe3\xa7\x91j\x1d\x96\x08\
\x0c\xc3\xd3\xd2\xd2\x16ra\xbc\xea\x86\xcb\x99W#\x8f\
\x85\xc5\xea\xf8\x07\x01\x92`F\x02\x15\x948s\xed!\
\x0d\x22N\x1b\xd7\x1a@\xf1\x13;\x12\xd8# oR\
\x93\xa0\xa8e\xebVh\xdf1\x03\x19\x1d;\x80\xffw\
\xb4\xa9\xb4\xb4\x14%\xeb\xdcX_\xec\xc6\x96_\xf9\xbb\
xp\xc4\xef\xb3\xac\x97v\xf1n\x05\x03\xd1s3\x97\
\xe1\x93\xe5%\x81\x9a\xa1[\xc7\x96\xde\xd3\xc6.\x1d\xd2\
\xd1\xa9\xad6\x91\xf8\x8ca\x811-M\xe2\x98\x5c\xa5\
\x5c\xc7aO\xb42$Q/\xc6\xa8\x17#\xf4\xa2\x8a\
\x0cOM@4\xd6]\x94;#\xe0 jA\x83Z\
\x01(Kv\xc13\xc4((\xaf\xeeF))8\xaf\
\xd7\xf91\x03\x91\xd2\x9c\xef\xd8\xb6\xdd\x0b.\xfe9v\
\x94\xef\x8c\x02S/s\x1b\xdc=\xba/\xda\xb5R~\
\xbf\xda\xb9\xef0&L\x9e\x0b~\x18\xe1K\xf5\xeb%\
c`\xcf\x0e\xb8\xb4W\x07\xf4\xc8\xf2M\xa2\x1bX~\
8-\xaa\xafR\xc1\xf4\xb7\x8c\xce\xab\xe3)C_\x7f\
\x89.+\x0a?\xb0>ngN\xd4B\xf5\x83\xd1]\
\xaeM\x5c\x03\xaa2\x03\xec\xf3\x00\x86\x06\x1a`\x15\x90\
\xce\xef\xd5C\x93\xed\x5c \xf9\xc1~\x7f\xe2\xf8q/\
\xa8~Z\xb9\x1a\xfb\xf6\xec\x0b\xd8-\xb5ICL\xb8\
\xfaB\x0c\xbc\xe0\x5c\xc5\xb6s\xbeX\x8bW>\xfe;\
\xc86\xa5A]\xef\xeave\xbf,\x98\xa2|\xf7\x15\
h\x95\x0a8`\x99\x06f\xab\x83\xc7\xb1\xb5\x05\xa3\x19\
IL\xb4\xaf\x9d\x97\xbf#\x1c>\xd1\xe8\x13\xb7\x80\xb2\
d\x17\x5cM\x8c8\x98$\x09=\xaa\x1b\xa6A\xc3\x86\
\xe8\xde\xbb\x07\xe2\x1dH\xbe\x93\xc9\xb7\x83\xab\xbe[\x81\
U\xdf\xad\x04\x07Y \xba\xe1\xca\xee\x18o\xed-\xdb\
\xcc#\x8axx\xcaB\xac\xdd\xb8\x13#/\xeb\x0a\xeb\
\x80\xceh\x99\xc6\x93\xcc\xc6\x86B]\xa5\xfcii\xb6\
:\xf8V\xf0\xd6jm\xd60\xa2\x5cWQ\xee\x82\xd8\
\x8c\xce\xbf\xd4\xb8\x04\x94R\xa2\x15\xdf\xa1\xf4\xec\xd3\x0b\
\xbd\xfa\xf6F\x93fM\xe3\xd1\xb6A\xe9t\xf0\xc0\x9f\
X\xf5\xfdJ\xfc\xf8C\xe0\x84\xb6}\xbb\xb5\xc5\x93\xf7\
\xc8/\xd6\xcb\xd7\xfc\x86V\xc6\xc6h\xdf*5(\xb9\
Z6Rk\x95\xb2X\x1d\xb7\x12 \xfbn\xc5\xc0\xec\
.gN\x81\x96\xe3\x08\x87w\xdc\x01*\x98\xf7\xa5L\
K\x96\x17H\xad\xcfi\x13\xd2\x98\x0f\xec\xdb\xef=\x1c\
\xe0}\xe3\x8dv\xfc\xbe\xdd\xbbb\xadw\xf9?`h\
\xd1\xbc1f=uC\xbc\xa9/\xd1'\xd2U\xaa\xf2\
\xce\xeac\xf8KM\xcd0\xc7]h\x97\x94,\x8a\xa5\
q\xe2\x0aPf\xabc&\x00\xbf\xf7\x11\x83\xae\x1a\x82\
\x9e\x17\x06\xef\x0c!\x8a\x22\x5c\xbf\xac\xc3F\xf7\x06l\
\xfb\xedw\x9c<y\x12\xb7\xdfw\x17\xf81z<\x12\
_\xa9\xbe\xf8t\x09\xb8\xdeJ\x94\x94$\xe0\xf3\xa9w\
\xc6\xa3\xfa\xa7uRc\x95R\xae \xff\xf7\xd0\x19\xe1\
\x13W\x91}X\xbc\x18#n\x00e\xb69J@\xc8\
T2L\xd3\xd4f\xe0`\xe2G\xe0\xc1\xd2\xe2\xf9\x9f\
\xc2\xbd\xd6\xe5\x05Qu\xea7\xf0\x12\x5c<\xb0\x7f\xb0\
l\xa2\xde\xee\xf7-[\xf1\xf9'\x9f\xf9=\xb406\
k\x84\x8f\xfesS\xd4u\x0bE \x03\x0d5\x1a\x8d\
\x9f\x85\xd2\xc7\xb7\xad\xd9\x96\x9f\x0d\xe2\xf9\xd9\xe1\xcf\xb3\
\xf8+\xb7\xd3.I{\x10\x89\xdcp\xfb\xc6\x05\xa0,\
\xd6\x82\xe3\x04RL\x0a\xc9A\xc4\xc1\xc4A\x15\x0a\xfd\
\xbcz\x0d\x169\xbd\xf7\x8c5\xa8Yj3\xdc\xf9\x80\
*)\x12BQ'\xe4\xb6\x85\x1f\xcc\xf1\xbb\x05\xec\xd4\
6\x0d\xafM\xbc:d\xbeQ\xeb\xc0\xd83\x03\xee|\
}\x0a<\xe5\x97\x94\x14\xe5~\x14\xae\x5c\xee\x19c\x10\
\x85\x17\x88\xe1*%\x1e\x0c\xf8\xde\xe5\xb4\xf7\x0dW\x86\
Z\xfdb\x0e(\xb3\xcdQ\x0cR\xf6\x0a?\xafWw\
\x0c\xcdV\xb4\xa3_;\x9c<q\x12o\xbf\xfa&\x0e\
\xfeyP\xd2\xce6f\x142;\x9b\xd5\xb2\xa3f|\
\xf8vu\xfe\xec\x1a\x0e\xdb5d\xf5\xe9z\x0e&\xff\
\xe3J\xcd\xe4G\xc2\x98\x17(\x18x\xc7\xd4O\x00\x96\
K\xa0\xd5\x02\x09s\x0c\x82gF\xb8\xd9\xa7,\xd9\xf9\
\xcf\x10c\xca\xf7\x91\x8c\xfd\xe0.\xcc\xb90\x12\x9d#\
\xed\x1bS@\x99\xad\x0e^\x11|\xb8\xd2 \xd4\xd8\x9a\
}\xb9h\x09V~\xbbB\x22\x82\xafz\xd7\xdc,\x09\
\x1c\x8d\xd4\x9ea\xf5\xe7.K\xdf|\xf5\x7f\xe8?H\
\xd9\x09d\xf2$\xe5\x03\xad\x01=2\x90{\xa7&1\
\x93a\x8d\xa7\xaa\x13\x0fZ\xbc\xf6\xd1\x99{=\x1e\xb1\
\xbak\xc6A0\xccdd\x98\xe1r>\x1er\x89\x1d\
s\xb6c2\x18j\xc4X\xf9(9\xcb\xed\xb4\xc7\xec\
\xd4&f\x80\xb2X\x0b\xa6\x10H.Y\x87\xd7>j\
\x80\x89\xf3\xd9\xb9\xfd\x0f\xbc\xf3\xfat\xd9\x07\xc3z\xed\
(du\x89\xfd*5\xf7\xfd\x8f\xb1\xb1d\x03\xbav\
?\x0fW\x8d\x94\xff}9z\xe4(\xfe\xfb\xf4\x8b\x8a\
\x0fx<\x82\xea\x9d\x05\xab\xf1\xf6\x02\xb9\xeb\x00\xb6\xd2\
\xed\xcc\x09\xfb\xa8\xd5On?\xaf}b\x19\xfd\x1b\x13\
@ee;&0\x86W\x94\x9e\x8e>\x17\xf7\xc5\xa5\
C\xd4{\xc7\x9c\xf3\xdeG\xf8u\xfdF\x89\xb8\xb3\xdb\
\x9e\x83\x1b\xc6s\x87\xf5\xd8\xd17K\xff\x0f\xcb\xbf\xfc\
\xfa\xb4\x02|\xe5\xcc\xbev$\xea\xd6\x95\x86\xces\xa7\
\xdb\x19S%\x95NO\xf7\xbd\xee\x8a\xf3q\xc7\xc8>\
\xb1\x1bL5\xc9|u\xba\xf3\x89\xd9\xb2\xa1\xf5D\xb8\
\xa5\xa4\xc8\xfen$\x8a*U\xa9\xac\xe2)B\xbc4\
\x16u{\xa3\x0e\xa8\xac\x91O\x5c\xc2<\xe2b0\xd4\
\x933(\x7f\xaf\xe1\xef7j\x12\xbf{\xfa\xe8\x9dY\
\xb2,\xaf\xb2\x0dG\xd7\x1e\xb1\x09\xc5\xd9\xb4\xe1W\xcc\
\x9e)M\xf1\xd7\xa2U\x0bX\xc7\x5c\x8d&M\xa5I\
_6\xad\xff\x15\xb3\xdfSN\x0bh\xbfc0.\xed\
\x99\xa1\xa6\xf9\xc2\xe2\xa5\xb4:1\xe0k\x97\xd3.\xa9\
\xbe\x11\x8e\x90\x00\xdb\xbfS\x22\x13\xbb\xae/\xcc\x93\xfe\
\x92\x86#,\xc8>Q\x05T\xa6\xed\xa9T\x03y>\
#P\xcfh\x81\xa9JN\xd1G\xf3\xe0^\xe7\x92\x88\
\xe51Q\xd7\x8f\xbd\x09\xf5\xeaG\xb7\xf2\xcc\x91\xc3G\
\xf0\xee\xeb\xd3q\xf8\xd0a\x89N\xf5\xeb\xd7\x87u\xcc\
(\xb4\xcdh';\x8d?\xaf\xfa\x09\x8b\x8a>\x91\xfd\
.\xbdy\x0a\x9e\xfb\xe7p\xb42\x9e\x15\xe4#\xa0~\
\xb3\xf5[\xf7\xe2\xa1\x17\x16x\xe3\xa5d\xe8Z\xb7\xd3\
\xce/lU!\x8b\xd5\xf1\x0a\x01\x13\xe4\x98\x11\xb0L\
\x14\x8f\x8e\xd80\xff\x19^\xd12*\x14U@eY\
\x0b\xdef\xa0[\xa2\x0d&.o\xfb\xd6mx\xefM\
\xf9\x9c\xfe=z\xf7\xc4\xe0\xe1\x01\xfdoU\x9d\x10\xa5\
m(\x172\xf0\x8a\xcb\xd1\xbb\x9f\xff\xc3\xaa\xe5_}\
\xed=\xc8\x90\xa3K\xba\xb7G\xfe]CT\xd57\x14\
f\x0f\xbd\xb8\xc0\x9bUI\x86\x16\xbb\x9d\xf6+B\xe1\
\x15L[\xb3-\xffk\x10S*\xb3:\xdd\xed\xb4\xf3\
\xea\x91Q\xa1\xa8\x01\xcal\xcd\xbf\x17`/\xcb\x8d*\
\xcd\x94\x861\xb7\xde\xa8\xb9\x97\xf8\xa7\x85\x0b\xf0\xcb\x8f\
\xf2\x07K\xd9\xd7\xd8`\xee\x1a8\xfeH\x8dY\xe1\xef\
L\xfc\xddI\x8e,\xdd\xba`\xc4\xe8\xe02\x1e\xcfy\
\xffc\xfcZ\xb2A\x96\x0fw\xa4\xe5\x0e\xb5\xd1\xa67\
\x0aW`\xd6\xa2\x9f\xe4\xc52\xb2\xba\x0bs\x8b\xd4\xd6\
\xa9\xcbU\x93\x9bz\x92\xcbx\x19X\xd9\x8bJ\x22\x1a\
YR\x94[\xa8\xb6\x5c9~Q\x01T\xa7\xe1\x05\xed\
\x92\x04ZN\x0c\xb2Q~\xd7\xdc4\x06\x19\x9d\x94\xc3\
\x13\xd42\xc4\xde\xdd{0k\xfa{\xb2\xde\xddM\x9b\
5\xc5\xf5\xe3nB\xe3\xb3\xb4\xdd*\xf1\xc3\x11\xbe:\
\xc9\x11\x7fg\x1a}\xd3\x98\xa0\xdd\xa2\xfe\xdc\x7f\x00\x1f\
\xbc\xfd>\x0e+D\x05?}\xffU\xb8\xc0\xe2\xd7Y\
_-\xd3z\xf9|\xb3\xe67\xe4\xbc\xaa\xe0\x18A4\
\xc3]\x94;VU\x81\xd5\x98Yl\x05\x03\x89\xe8K\
\x05\xfe+\x8c\x7f\x89\xfd\x96-\xcb+\xd7J~\x15\xdf\
\xa8\x00\xcal\xcb\x7f\x0d\xc4d\x9d\xcf.\xb9|\x00.\
\x1ap\xb1\xd6\xe3<\xcd\x7f\xcd\xaa\x9f\xf0\x99\xc2\xfbG\
(\xabC\xb8\x0a\xf3\xc3\x11\xa5\xe8]\xbe2q\x1dB\
\xa1\x92u.8?\x92\x94\x14\xf6\xb2\xe0\xe1\xed\xafM\
\x1c\x05\xc6\xb4\x9ff\x9e\x18\x86\xbf7m\xdb-\xbdD\
Oo\xde\xb8l\xff\x9f\x07\xdbk\x1d\xc7d\xb6\x16<\
\x04\xd0sr\xf6#\xc6&\x95\x14\xe6\xa8V\x96Gi\
\x8e4\xb7tg[\xc10\x91H6v\xe5\xdc\xacN\
\xb8\xfa\x86kBy~Ti\xfb\xc9\xbc\x05X\xfb\x93\
\xfc\xd6OK\x80\xbb\xd7\x16\xa3\xe8c\xf9\x9dG\xf7\xde\
=1$\xcc\xf7\xb8eK\xbe\xc2\xf7\xff'_\xc5\xf3\
\xfe\xeb.\xf6&\x7f\xd1\x9a\x0a\xde\xf8\x1c_\xad\xe2\xbb\
.)M\xbcm\xe0\xd1\x1b\xb3\xfbE%\xcb\xa7\x1fg\
\x81#\x8c\xe1bW\xa1\xfd\x17-m\xa19\xa0\xcc\xd6\
\x82\xe5\x00\xf5\xf3\x1d\x84\xc1`\xc0\x8d\xb7\xdf\x12\x93\x5c\
\x0f\xfc\x92\xf4\x83\x193\xb1\x7f\xaf|r\x93\x11\xa3m\
\xb0tS\xff!\x9c9\xedm\xf0Px_2V\x9e\
4\xf2\xd3\xbdpIi\xe5\xe3\xd9\x8c^\x7f\xfcj\xd4\
I\xd6\xae\xec\xefK\xb3\x96{3/\xc9Q\xf6\x80\xce\
\xf8\xe7\xf5\x17\x97\x99\x8ci\x81\xb3\xce\x84;\xf8\xea[\
?o\xb8<\x96\xc9e\xc3\x92\xcb\xc4\xa4\x82\xc8\x1a,\
4\x05\x94\xd9\xe6\x18\x0b\x82l\xc5\x0a\xb5<!\xc25\
\x08\x0f\xe7\x98;K\xfe\xf4\xb6Q\xe3\x14\xef]X\xeb\
\xb3C\x8b\xb7\xf2\xa7\x8b\x92\xa3.\xef3\xfcj+:\
\x9f\x17\xdaV\xcfW\x16\xbf\xf4}\xe7\xb5\xe9\xb2a\x1f\
</\xc55\x83\xba\x85k*\xbf\xfdf\xcc_\x85w\
\x17\xae\x96m\xc3\x83\x1d_xh\x04\xcejT\x0f\xa5\
\xa7N6h\xd3\xa6\xcd\x09M\x94\xf0aj\xb69\x1e\
\x05a\xb2\x9c,Ft\x85\xab(W\x9a\xcaL%\xc5\
\xb4\x05\x94\xc2\xea\xc43\x10\xf1\xd5\x89\xafR\xb1\xa4\x1f\
\x96\x7f\x87\xa5\x8b\xa5\xef\xb1<\xdd\x98u\xccH\xd5\x0e\
(\xb8\xaf\x1e\xf7p\xd8\xb7GZ\x91\xb4C\xa7s\xbd\
\x07\x11j\xd0\x97\x9f.\xc1\xca\xef\xa4~\x8b\xfcN\x8a\
\xafR\xc1\xa4&\x0bE\x8f\x1f\xd6\xfd\x8e\xc7\xfe\xfb\xa9\
b\x97\x82\x09Wx3-q\xa2\xfa\xf5L\xe9))\
\xaa\x96d\xf5\xa7\xabb\x0eu\xb0\x0fJ\x9c95\xf2\
\x05\x862\xe6@m5\x03TVv\xfe\xb5\x8c\xc9W\
\xfa\xe3\xefM\xfc\xfd)\x1e\x88\x87w\xf0\xd5\xa3\x8a\xb8\
\xa7\x06\xf7\x9e\xe0\xd9c\xd5\xa2\x95\xdf\xfe\x80/\x17}\
.\xcb\x8e_*\x9f\xd3\xbe\xad*\xa2\xb8W=\xbf,\
>~L\x9a\xa3b\xbc\xad7n\x18\xaa\xde1:O\
p9\xec~\xe5rY\xf7]\xd7\xcf\x9bc\xb0\x8a\x18\
\xe8\x5c\xa3\xd1(\xff\x92\xa5\xca\xe8k2\xc9\xb49\xfa\
\x0b\xe4\xdd\xfaI\x88A\xe8\xedrNZ\xa9\x81X\xee\
G\xa8\x0d\x99\xad\x0e~~*\xb9]\xecd\xc9\xc2\xc8\
\xeb\xe2+\x86\xe7\x83\xe9\xefa\xeb\x96\xdf\x10\xc9\xc1\x80\
\x92\x15yv\xd9\xe9\xaf\xbc!\x9b\xf0\xf2\xfc\x0bz\xe0\
\x8a\x11\xea\x86^\xf8\xfa\x06V\xe9\xc53\xc1N\x9bt\
5x\xc9\x9dH\xe9\xaf#'`{H\xb98<\x07\
.\x07pu\x12\x18z\xa4\xa5\xa5)\x5cPE\xaa\x91\
|\xff\xacl\xc7;\xac\x22\xbbp\x0db\xc0T\x97\xd3\
\xaeI@\x9c&\x802[\xf3\x87\x02Lv/\xa0\xe6\
/\xb2Z\xd3p\xe2\xf8\x09\xac\xfc\xee\x07\xf4\xbf<\xe8\
\x1c\x9aA\x8b\xe6\x1e\x0d\xc5k\xd6\xe2\xaf\x835\xd3$\
\xf3\xcc\xb5\xd7\x8f\xbd\xd9\x9b\x02ZM\xe2\xab\xd3\xcci\
3\xf0\xe7\x81?k\xb0\xe5\xe9\xc4\x86\xf6\xcd\xc4-\xc3\
e\xbd\xbe\x82V\x81g\xa9\xbd\xe3\x89\xd9\x8a\xed\xaf\xe8\
\xdb\x09\x8f\xdc:P\xf2\xbd\xe8\xc1\xa5-Z\xa4\xc9\xae\
\x18A\x0b\x0f\xb1\xa1\x9f\xbb\xa9cd`\xe7\x97\xcc\xcd\
\xf95D\x96\x01\x9bk\x02(%\xff\xaa.\xe7w\xc3\
\xb0Q\x8a\x89E\x03*[[\x1b\xf0\xfc\x10\xfc\xbe\xc8\
\xf5K16o\xac\xd8\xf5\xf0\xd8\xa7\xbe\xfd%\x87\x9f\
\xaa\x0c\x91'{\xe1y)8u\xc88\x1b\xd9}\xdb\
y\xc1\xc4\xebUEB\xdf\xfd\xb2\x15\x8f\xbf\xb2H\x91\
\x85\xbf\xacLI\x06\xa1Mjjj\xd4\xf3\xe9Y\xac\
\x8e\x05\x04HrN0\xa2']E\xb9\x93\x22\xb1\x87\
\x5c_\xd5\x01\xd5\xf6\xd6\xbcz\x0d\xfe\x12\xb8?\x8c\xe4\
\x8a\xfe\xd6\xbb\xc6\xa1E\xeb\x96j\x8f\xa1V\xf1\xdb\xba\
\xf97\xaf\x93\xee\xe5C\x07\xab\xfa\x9eV\xdd\x08\x9er\
\x0f\x16/\xf8\x14\x9d\xcc\x99^\x0f\x94\x0b\x9a\x1eB\x93\
\xe4\xb2\x88\xec\xc4\x8f\xc5\xf9\xf1\xb8\x12\x9d\xdf\xa9\x95\xf7\
DO\x96\x88N\x99LF\xd9\xe8\x82\x88\x94\x0a\xa2\xb3\
\xd9\x96?\x1a\xc4\xe4\x8es\x7fu;\xed\x1d\x83`\x11\
R\x13\xd5\x01U\x99\xa0R\xb2'\x88\xa7\x08\xd9\x90,\
\xe4\xd3\x98\x97\xb6\xf9\xfa\xf3\xa5^\xe7\xd5\x94\xc6Q\xb9\
\xab\x8cD]o\xdf\xb6\x0dN\xa0c\xa3\xf0K\xdcl\
\xf8}\x1f\xf2__\x82]\xfb\xa5\x9e\xf1\x9c\xffU\xfd\
\xb2\xf0\xaf\x9b\xfdDd0\xe62\xa55W\xffb/\
H\xcbX\xac\x8e\xef\x08\x90x\x1b\x13\xb1A%E9\
_\x04\xc9&\xa8f\xaa\x03J\xc9\xa3<\xd4\xf4_A\
i\x1f\x83F\xdc\xd3\x81{<\xa4\xb7j\x81>\xfd\xfa\
\xc6E\xc4o 340xpQ*\x8f<\x0f\x9f\
\xb8\x17\x04\xf7\x86\xf0\xa5\x09\xa3\xfbbt\xa0;.\xc2\
|\x93)-;|\xe9\x91\xf5\xcc\xb2\xe6\xdf\xcf\xc0\xa6\
\xf8ra\xc4\x9eu\x15\xe5\xfc;2\xee5{Gb\
c\x89\x1e\xedG?rV\xbd\xb2\x86\xbc\xcc\x84\xe4M\
\xfb\xae\x07\xee\x099k\x91\x9a\x03U\x83\xd7\x8ao\xbe\
\xc7W\x9f\xd5\xfcA\xe39\x02/\x1a\xd0\x0f<%t\
<S\xb7\xb3\x0e\xc3T7\xb2\x02\x81\x1f.\xfe\x19\xaf\
\xcf\xfd\xfe\xf40\x1f\xbc\xb1?\x86_\x128\x85\x00\x11\
^L7\xa5=\x18+\xfb\x98G9,\xf0@\xe2\xca\
A\x8c\xd6\x96\x14\xe6\xaaz\xe3\xad*\xa0\xb2\xb2s\xaf\
d\xcc \x89|K\x84\xed\xde\x06W\x09\xe6}0G\
\xf6\x99\xe0\xa9\xa0y6Z\x9e\x1a:^\xa9e\xbdS\
\xe8\xdc8\xf28\xbb\x97?X\x8e\xc2\xa5\xc5x\xf4\xb6\
\x81\x18ra\x90w\x89\xc4\xee1\x99\x9aO\x8d\xa5m\
\xb2\xac\x05\xdf2\x90$\xcd\x98\xc1 f\xad\x9b\x9b\xb7\
^-\xddT\x05\x94\xc5\x96\xff\x04\x11{\xdcW\xb9\xcb\
\xaf\x1c\x1c\x97\xe9\x8f\x835\x22w\xeb)\xfcp.\xfe\
\x92IGV\x9d\x07O\x0d\xcd\x81\xc5SE\xc7\x1b\xd5\
\x15D\xf4o^\xf3(\xbdJ\xc7}\x07\x8fz+\x16\
\x06KKWm\xf2\x96\xc8\x09\x9aH\xbc\xc2d2i\
\xe6\xee\x13\x8c\x1eY\xd6|\x07\x03\xcb\x91\xb4%<\xec\
.\xb2\xcbz\xa8\x07\xc3W\xb2\x8d\x0c\xa7\x93R\x1f\xb3\
\xd5\xf1\x03\x00I6\x9b\xdb&\xdc\x8e\xf4\x96\xe9j\x8a\
\x8a:/\x9e\xcd\xd5\xf9\xd1\x5cY/\x04_e\xf8\x8a\
\xdc\xb5{\xb7\xb8\xcb\xfb\xe7{\xda\xe7\xda\xb2\x07\xcbV\
o\xc2\x8e\xbd\x87\xb4\xcd\xedG\xc9\x1dL\xa6&\xc1W\
\x9c\xd3`v\x95<'x\x98|\x89\xd3\xae\xda\x05\xa4\
j+T\xd6\xc8\x89-\x98Xo\xa7\xaf-\xcej\xda\
\x04\x13\x1e\xbaW\x03\x13E\x9f%O\x9c\xb9t\xf1\x17\
5\x5c\x95\xfci\xd1\xe6\x9c\xb3\xd1\xb5G7oz\xb0\
x ~\xd2\xc7O\xfc\xbe\xfeq3\xbeX\xf9\xab7\
 \xb0\x8a\xecw\x0c\xc2\xa5=CXuB\x18\x90\xc9\
\x98\xa6\xdas\x16\x82XIS\xb35\x7f\x03\xc0|\x8f\
\xca\x0f\xb9\x9dvi6\x9c0\x05\xa96P\xb3-\xff\
\x06\x10{\xcfW\x8f.\xdd\xbba\xd8\xc8\xc4\xba\xcc\xfd\
i\xc5jo>\x87c\xc7\x82;\x8a\xe6\xefX\xed:\
\xb4\xc7\xb9\x9d\xce\x8dJd\xb2\xdc\xb3\xc0\x0b%\xec\xd9\
\xfa+\xb6o\xde\x8c\x0d[\xa5>\xaa\xe7uj\x89\x17\
\x1f\xd2\xe0 \x8e\xe04\x99\xd2la>\x9f\xaav\xb3\
\xd8\x1c\xef\x10I]\x91\x0c\x061c\xdd\xdc\xbc-j\
\x08S\x0fP\xd6\xfc\x97\x01&Y\x8a\xb8g\x04\xf7\x90\
H4\xe2\xaeD\xaby\xc1\xb4\xefC\xf3\xb1l\xd0\xb0\
\x81w+\x18n0a(v\xe4 *)v\xe3\xb7\
M[\xc0\xebP\x05\xa2\x90\x0e\x1a\x021\xab\xfc\x9e\x81\
n5\x1a\x8d\xf2\xd9q\x82\xe4\xa1V3Kv\xc1\x03\
\xc4\xe8\x05_~\x0ct\xb5\xcb\x99;W\x0d9*\x02\
\xca\xc1}\xf7$\xa9\x83\xc6\xdf{'\xd2L\xda\x14I\
V\xc3\x00\x91\xf2\xe0\x99iW}\xbf\xc2[\xe5#X\
R\xdb\xed\x88WC\xdc\xbb{/x\xce\x8c}\xbb\xf7\
x\xff\xf2\x7f\xf3\xff\x1f\x0ae\xb65\xe2\xd5\x89\xea\xe6\
D<z\xe4p\x93\x8c\x8c\x8cC\xa1\xe8\xa1U[s\
\xb6\xe3b0H\xb2\xe30FO\xba\x0a\xd5qCR\
\x11P\xf9\xbf\x02L\xb2\x09\xffw\xfe\xc4\x98\xc7=i\
5A\xd5\xf9\xf2\xa4\x95\x1cT\xfc\xd2\x97\x88\xfc\x8a\xbc\
\xe5\xce\xb1h\xd9F\xb9*=wp}i\xf2\xf3\xa8\
S\xb7.\xea\xd6\xad\xe3\xfd\xcb\xc3I\x92\x93\x93QV\
Z\x86\xb2\xb2R\x94\xf2\xbf\xdeO)\xca\xcb#\xcf=\
\xc2\xbd\xd0\x07\xf7\xe9\x88\xc1\x17vBFk\xd5\x1cv\
\x17\x99\x8ci\xea\xba\xd3G2\x99\xa3G\x1b\xcce]\
\xf8>\xdd7-\xef\xa7n\xa7=\xbc\x8a\x14>\xfa\xa8\
\x08(\x87\xe4)J\xa4\x03\xd7\x82c\xde\x00\x00\x16\xf5\
IDAT\x89`\xe7\x91\x87\xd5\xbb\xd7\x15{\xc1%\
\xb7\xcd2\xb5L\xc7\xd8\x09\xb7\xfbe\xc7+-N{\
\xe9\xd5`EF\xd4\xae[\xc7\x96\xb8\xbc\xf7\xb9\xb8\xec\
\x82sQ\xbfnrD\xbc\xa4[)v\x9f\xd1\xd8<\
\xae*\xb7+\x9cD\xefr;\xed\xaa8\x99\xaa\x02(\
\xcb\x88\xc9\x1dH(\x93\xb8\xc2\xf3\x17\xf11\xb7\xc6\xac\
\x10\x82\xaa\x0fG\xa8\xcc\xf8\xaa\xb1\xbe\xb8\x04\x9b6l\
\x04O\x9f\xcc}\x009\xf5\x1d\xd0/`\x98\x88\xbf\xa4\
\x9c\xa1\xea!\xd7\x9e\xafF\x17v=\x07\x03{\x9d\x8b\
\x9e\xe6\xd6j\xb0\x94\xe5\x91d\x10\xceNMM\x95&\
\xd1\xd0Lb`\xc6Y\xb6\xfc\x17\x18\xb1\x07|[\xd6\
\xdf\xbe\xa3\xce\x8f?N\x8b\xcc\x83\xb8\xa2PA\xe4d\
\xb6\xe6_\x060\x89\x93a\x8f>\xbd0x\x98\xea\x89\
B#W8\xca\x1c\x0e\xec?\x80\xcd\x1b~\xf5\x86n\
\x5c6t0\x8c\xe9\xfe\xdf)7\xb8\xd7c\xde,\xe5\
\x98\xa3p\xd4OMk\xeeM\xed\xdc\xb5S\x1b\x8c\xb9\
\xa0\xb9\xa6I[*\xf5\x8b\xaf\xed^\xa5RJ\xf9&\
JOy\xce\xda\xb4(_\xde\xfb7\x04\x83\xab\x02(\
\xcb\x88\x82\x11$\x90$#\xe8\x80A\x03qa\xff\x8b\
BPGo\xca-\xe0/wy\xb0\x16j\xd6<\x15\
\xe9-[\xa0U\x9bVh\x7fn\x06\xf8\xbf9\x9d\x95\
\x5c\x8e\xdeMk\x06;\x06\xcb3\x94v\x0c\xf1\xb7\xdd\
\xe3\xfa\x9b\xb3\x1d\xf7\x81\xe1%\xdf\xb1\x08\xa2!\xbdx\
\xfe\xe3{B\x19\xa3\x5c[u\x00e\xcd\xbf\x8e\xc0$\
\xe5-\xf8\xea\xc4W)\x9dB\xb3\xc0w_\x7f\xe3-\
\xbfSu\xe8\xc0\xff\x96\x96\x95z\xff\xcd\x0f&\x92\x92\
\x93\x91\x9c\x9cT\xed\xbf\x93\xd1\xb8\xc9Y\xe0U;8\
\x88\xf8G)'F\xa3$\x0f\xfa6\x93&\xa3\x0cM\
\xc3\x80\xad7z\xca\xcb.j\xd9\xb2\xa5|\x9e\xb6\x80\
\xdd\xb5k\x90e-\x18\xc7@\x92\x9a@\x22\xc4v\xeb\
\x9dy[#\x95\xac\x0a\xa0\xb2\xb2\x1d\xe3\x19\xc3\x1b\xbe\
\xca$\xea\x1dT\xa4F\x8fe\xffz\x06\x11\x97\xa4\x06\
\xbe\x93\x8aDGb\xb8==-M\xb9\x90U$\xcc\
#\xeckQ\xf8\xf1\x17\x183\x17\x17\xe6\x94D\xc8^\
\x9dw\xa8,k\xc1\xfd\x0c$\x897\xe1\xc9XxR\
\x16\x9d\xe2\xc7\x02\xc9\x02\xe1\xd2\xe6\x074S\x88\x80O\
\xd2\x8di\x92\x90s\xcd\x04\x86\xc8\xb8\xb2\xaa\xbc\xa4h\
1\x09\x86\x1e%\xf3\x1e\x8f8\x89\x8c*+\x949\xdb\
1\x11\x0c\x92\xbc\xd1\xfc\x84\x8f\x9f\xf4\xe9\x14?\x16\x10\
\x18py\x9av;1\x81a@ZZ\xda\xdf%\x19\
\xe3g\xe8^M\xb2l\xf9\x83\x18\xb1\x8a\x84\x1b\xd5\x88\
\x09\xe8\xe7\x9ag\x97\xcfg\x1d\xc2\x18b\x02(\xb9\x02\
\xcc\xfc\xa2\x93_x\xd6v\xfa`\xc6{\xe0y#|\
\xe9!\xfb#\xa8SG\xbd\x5c\x7f\xa1\xd8\x89\xbf{=\
\xe7\xf8\x8f\xa4K\xf7\xccVx\xfeA\xf5\xfc,\x190\
\xc5hL\x93\x1cI\x87\xa2\xab\xd6m;[\x0b\x06\x8b\
 I(\x89@\xc2E\xc5E\x93\xbe\x8bT\xbe:\x80\
\xb29\xee\x03ION\x94\xb6|/>\xf9,\xb8\xe7\
vuj\xd8\xa8\x11\xee{4\xae\xe7\x22([\xf3\xf4\
\xce<\xcd\xb3/\xdd\xf7\xe8\x83h\xd8(6Q\xbd\xdc\
\x89\xf7\xe5\xc9\x12\x176\xf8\xcbR\x14\xd4`\xab7\x22\
\xda*\x08\xec\xa2\xb4\xb44I\xc4A\xc8\xbc4\xec`\
\xb1\xe6\x8f\x220I\xa4\xa8`0t+\x9e\xfb\xf8\xda\
HE\xab\x02\xa8,k\xfe8\x06&y\x09U:\x94\
x\xf5\x85\xff\xc9\x06\xebM\xf8\xd7\xbd8\xab\x89j\x9e\
\xf4\x91\xda&\xac\xfe\x0b\xe7\x16a\xdd\x1a\xe9\xbc\xdc\xf5\
\xe0?\xc0kP\xc5\x82\xb8#\xef\xab\xcfK\x1d\x16\xb8\
w\xc4\xa4\xf1\x97\xab\xa3R\x1cD\xe5\x063\x10\x8b\xd5\
q+\x013|\xdb\x0a`\x1d\x8a\x9d9\x11\xc7l\xa9\
\x03(\x85\xb4\xcbJ\xc7\xe6<\xcf7\x8f\x82\xf5\xa5\x1b\
\xc6\xdd\x8c\xb3\xdb\x9d\x13\x8c]\xe2\xb6\xcd\xe2\x05\x8b\xc0\
\xc3;|i\xdc?\xee\x801\xdd\x14\x13\xbdyN\xf5\
7\xff\xfb\xbaD\xf6\xb0K\xccx\xe8\xc6\xfe*\xe8D\
\x9f\x9b\x8c\xc6\xc1*0\xd2\x9c\x85\xc5\xea\xf8\x07\x01\x92\
_\x97\xb8\xba\x87\xca\x1a\x99\x7f\x15\x13\xd9B_k(\
]\xec\xbe\xff\xd6\xbb\xe0\xa1\x05\xbe\x94\x08\xc7\xec_-\
\xfe\x02+\x96\xff\x9d\xc8\xa4j\x8c7\xddq\x1bZ\x9f\
\xad\x9d\x9b\x8f\xbf'\xf1\x8f\xed;\xf0\xee\xeb\x92\x1fe\
oE\x0e^\x99#B\xda\x02\x12G\x9aL&M\xeb\
.E\xa8\xe3\xe9\xeefk\xc1c\x00=\xe5\xcb\x8f%\
\x8b)\xae\xd9yG#\x95\xa3\xca\x0a\x95i\xcd\x1b \
@X\xea\xab\x8c\x92\xeb\xd1\xe7\x0b?\xc3\xea\x1fVI\
t\x8fu\x89\x9bH\x8d\xc9\xfb+\x15\x93\x8e\xe5\x15\x82\
R\x82\x99[\x87\xf7\x8a853\x03]l4\x1a\xbf\
Q\xc3v\xd1\xe0a\xb6:\xf8\xea\xf4\x0f_Yn\xa7\
]\x15,\xa8\xc2\xa4s\xf6\x13mD&n\xf3UR\
\xc99\xf6\xe7\xd5?a\x91S\x92\x1c\x09\x89\x10\xdd[\
\xfc\xf3:,\x98#\xb9\xe6@,\xdd\xb0\xbe\xff\xfa[\
,\xfb\xfc+\xc9\xf3:q\xece\x18\xd4'\xfc\xe4\xa9\
\x22\xe8\xca\x16F\xa3rn\xe6h $D\x19YV\
\xc7b\x06\xf8nO7\xbb\x9dvU\xe2\xffU\x01\x14\
\x1f\x93\xd9\xea8\x05\xa0\xc6\xb9\xb0R\xf8\x86\xd2\x16\x84\
\xbf?\xf1\xf7\xa8\xdaL;\xb6\xed\xf0&\xeb\xf7\xa5X\
\xfeX,\x9c7\x1f\xeb~\x92\xee\xc8\xfe\xf7\x88\x0d\x96\
\x8c\xf0\x92\xe7\x88\x1e\xba\xb6E\x0b\xa3|\xc5\xba8\x9e\
@\xb3\xd5\xc1\xef4j\xd4\x0fb`K\x5c\xce\x1cI\
\xa5\x98p\x86\xa1&\xa0\xdc\xfc\xde\xccW\x09\xb9\x00C\
\x1e\x14\xf7\x9c\xe3iY}\x1f\xce{\x0cIII\xe1\
\x8c%.\xfa\x1c;z\x0c/\xffGzD\xdd\xea\xec\
\xd6\xb8\xf9\x8e\xdbb\xa2\xe3\xbb\xd3f\xe0\x8fm\xd2<\
\xfd\xf3\x9e\xbb\x05M\x1b7\x08]'\x12'\x98L\xa6\
\xe8\x04l\x85\xae\x9db\x0f\xcb\xe8\xbc:T&\xf0\x1f\
\xfe\x9aDx\xcd]d\xbf[\x0dQ\xaa\x01\xca\x92\xed\
XH\x0c\x92\xa8G\xa5\x10\xf8\xe9\xafL\xc3\x9e]R\
\xe7\xdeko\xb9\xde\xeb\x1d]\x9b\xe9y\xc7\xd3\x92\xf0\
\xf3\xfa\x0d\xea\xe3\x9f\x13\xff\x15\x93aMy\xea9\xf0\
\x92=\xd5\x89\x07\x13~\xfa\xdf\xf1!\xeb\xc3\xc0^6\
\x1a\x9b\xdf\x1fr\xc78\xe8\x90\x99\xed\xe8\x220H\xef\
4T\xcc\xcd\xa7\x1a\xa0\xcc\xd9\x8e\x97\xc0p\x9f\xaf\xdd\
\x94N\xeex\xb9\x15^v\xc5\x97.\xb8\xa8\x0f.\x1b\
:(\x0e\xcc\x1f\xbe\x0ao\xfdo\x9a7\xaf\x83/\xc5\
\xe2\x9e\x8dW5|\xed\x85\xffIt\xe1a\xeeo\xda\
\xaf\x09q\x90\xecs\x93\xb1y\xad8\x1e\x97\x1b\x98\x92\
\xa79\x11\x8d,)\xca-\x0c\xd1\x18\xb2\xcdU\x03\x94\
\x92\x17\xaf\xd2\xbb\x03\xcf\xbd\xc0\x13\xef\xfb\x12\xbf\xab\xe1\
w6\xb5\x99\x16\x15}\xe2\x8di\x0a\xf6\xc7E\xcb\xb1\
\xf2;1~7\xe6KW\xf6\xcb\xc2\xc3\xfe*f\xf8\
v <o2\xa5\xc5f\x89U\xc9@fk\xc1\xc7\
\x00\x8d\xf6e\xa7\xd6\xa5.\xe7\xab\x1a\xa0:\x0e\xcfk\
\x9ed\x10\xf6\xf9*\xabt0\xf1\xe7\xfe\x03x}\x8a\
|\xba\xeb;\xee\xbf\x1b<\xc2\xb4\xb6\x12\x0fy\x9f\xfd\
\xde\x87\x12\xf5cq0\xc1SH\xaf/\xe6\xaf\xb75\
\xc9~\xfb\xa0\xa0\xd2)3\xc6D\x12q\xb5\xc9\xd4\x5c\
\x95_\xf0X\xce\xa9\xd9\xea\xe0\xe1\xf8\xbe\x97\x81;\xdc\
N{\x1b\xb5\xf4R\x0dP\x5c\xa1,\xabc)\x03$\
\x85\x82\x94R1\xbf\xf7\xc6;\xd8\xfe\xbb\xe4\xb4\xdd[\
w\x96\xd7\x9f\xad\xadt\xea\xe4I\xbc\xf0\xc4\xb3\x12\xf5\
c\x91\xb4\xe6\x7f\xcf\xbe\x84#\x87\xa4\x91\xdd\xf3_\x1c\
\x8b\x94\x86\xbe\xc9\x7fj\xaaL\xc0*\x88\x9ea\xe9\xe9\
\xe9Q\xab\xde\xae\xd5\x9cg\xda\x1c\x17\x0a\x04\x19\xe7W\
6\xdb\xed\xcc\x09u\xef\xab\xa8\xa6\xaa\x80R\x0a\xe3P\
*\x16\xa0T\x1d\xdd\xdc\xc5\x82\xeckGje\xdb\xa8\
\xf0\xe5+\x14_\xa9|\xe9\xe6;\xc7z\xc3\xd2\xa3A\
J\xd7\x13Ay\x993\xbcjJK\x9b\x10\x0d=\xa3\
!\xc3b+x\x80H&\xc9%c\x0f\xba\x0as^\
TK\x07\xb5\x01%\x9bHP\xa9\x9c\x0dw\xda\x9c6\
e*<\x1e\x8fd<7\x8e\xbf\x05m\xdaJ\xaa\x8a\
\xaa5n\xcd\xf9\xfc\xb0\xfc;,]\xfc\xa5DN\x9f\
\x8b\xfb\xe2\xd2!\x97i.\x9f\x0bP\xf2\xda\x18o\xed\
\x8d\x1b\xae\xec\xae\xa4\xc3>\x06\xe1Q\xa31uzT\
\x94\x8c\x92\x10\xb3U>\x11\xab\xc8\xd0w}\xa1]\xea\
+\x16\xa6^\xaa\x02\x8a\xeb`\xb6\xca'\xbcT*\xb8\
\xe6\xfch\x9e\xb7\xa0\xb3/\xf1\xfa\xb0#\xaf\x97\xbc?\
\x869\xcc\xe8w\xdb\xb9\xe3\x0f\xbc\xf3\x9a\xf4\x99\xe4\x1e\
\xe7\xb7\xdf\x7fwT\x92\x7fr\xf9\x5c\x0f_\x9a\xfa\xd8\
Hd\xb5\x93q\xd4%L\x03\xc4\xa9\xb5\xc5//\xd8\
YUJs\x07\xd0&\xb73\xf7\xdc`\xf9\x04\xd3N\
\x0b@\xc9\xe68W*\x09\xba\xb1d\x03\xe6\xbe/\x7f\
\xe1n\x1d3\x0aY\x9d\x03W\xc8\x0bf\xa0\xb1h\xa3\
\xf4@g_c\x83\xb9\xab\xb6%g\x95\x00\xcd\x81\xc4\
\x01U\x83\x08\xd3\x04\x01\xd3\xd2\xd2\xd2~\x8c\x85\x9d\xb4\
\x96i\xb6\x16\xdc\x0b\xd0\xcbR9\xf4_\xb73Wr\
\xd5\x13\x89>Z\x00j(\xc0x\x9e\xf3\x1a\xe4\xaf\x8a\
\xe1\xac\xe93\xc1\xeb/\xf9R,\xbd\x0b\x221jU\
_\xa5-\x17\xcf\xb3\xc1\x9de\xb5$%\xd95\x1cb\
\x13\x1cHU\xf6U\xda\xee\x01t\xa5\xdb\x99\xab\xaa/\
\xa2\xea\x80\xf2\xb7\xed\xbb\xf5\xaeqh\xd1Z\x9a\xf1\xb6\
\xf8\xe7\xb5X0G\x92\xd6\xcfk\x8f\xda\x5c\xecZi\
\x95\xe0\xe3\x1a{\xcf\xed0\xb5\x08\xcf\x8f.\x10\x10I\
$\xbc\xfd\xda[\xb21g\xde\xed^[SB\xafH\
\xd5\xedc\x1e\xe18\x1f\x02d\x92\xaf\xa8\xbf\xdd\xe3r\
\xb5\x02\x94\xec\xb6\x8f\x97\xb5\xe1\x9e\x13r\xf4\xf6\xabo\
b\xd7\x1f\xd2\xa0C^[\xe9\x96;o\x8b\xfb\xa2\xd0\
J\x0f\xb9\xd2\xb6\x8f\x17\xbb\xe6?\x16Z\xd0\xea\xefW\
\xe2\xf3O\xa4\x158\xd3\x9a6\xda>\xe7\x99\x9bl\x89\
\xba\xb5\x93\xb3\xa5Y\xa1\xcc\x12\xa0\xfevOK@\xc9\
n\xfb\xb8\xc0\xeb\xc7\xde\x84s\xda\xd7p\xf6\xf5\xda\xc1\
_Q\xe8.\xe7w\xc5\xb0Q\x1a\x14\x03\xd3\xe2i\xf6\
\xe1\xa9\xb4\xf5\xe2\x09[\xf8*\xd54\xb5\x99\xaaZ\x9c\
:y\xca\xbb:\xf1\x8bs)Q\xbe\xdb\x99\x9b\xa7\xaa\
\xc08fVy\x18\xb1\x06\x80L\x01a\xf5\xb7{\x9a\
\x01\xaab\xdb\xe7\xf8\x0c\x80\xe4'\xd8\xdf\xfb\xc3g\xf3\
?\xc5\x9a\x95\xf2\xef\xc5\xd1<nV\xf3\x19\xe1\xa5i\
\xf8\x03~\xe8\xa04\xfdq\xdf\xfe\xfd\xc0kE\xa9I\
<\xeb\xec\xd7\x9fKb=\xb9\x88\x03(\xf7tw/\
\xcc\x97\xde\xa4\xab\xa9@\x1c\xf12[\xf3\x9f\x02\xd8c\
2*-v;\xed\x9a$\xdd\xd7d\xcb\xc7\x07\x90\xa5\
\x90g\x82\x7fw\xf5\x0d\xd7\xe0\xdc\xacN\x92q\x1e9\
|\x18\xef\xbd\xf9\xaeb\xb5u\xee4\xcb\x9dgk\x1b\
\xf1\x90x\x1e\x1a\xefK\x8dR\x1ayS\xa7\xf14\xca\
j\xd0\xe1\xbf\x0e\x81\x87j\x1c9|D\xc2\x8e\x11{\
\xd6U\x94\xf3o5\xe4\xd4\x06\x1e\xe6\xd1\xb9g\xa3\xd4\
\xb0\x02\x0c\x92\x17U\x22\x1aSR\x94\xfb\x91\x16\xe3\xd0\
\x0cP\x15\xabT\xc1r\x80\xfa\xf9*\xde\xb2u+\xdc\
x\xfb-\xb2w1<c\x10\xcf\x1c\xa4D\xb7\xde=\
\x0e-Z\xa9R\xcaG\x0b{\xca\xf2\xe4\xa5l\xde~\
\xf5-\xec\xdf+qu\xc4\xf9\xbdz\xe0\x8aluj\
\x92}V\xf4)\xd6\xac\x92Y\xe1\x09'\x05\x81uW\
#\xd5p\xd4\x8c\x16\xa1 \xb3-\xff5\x10\xbbS\xca\
\x86}\xe3v\xe6\x5c\x1c!{\xc5\xee\xda\x02\xca\xe6\x18\
\x0b\xc2[r\xd2\xfd\xe5\x8fX\xb2\xf03\xfc(\x93s\
\x82\xf3\xe1\xc9\xf2\xff\x95\xfb\xa8V\xf6\xd0\x8c\xaf\x92\xd7\
\xb7\xbf\x15;\x14e~-\xd9\x809\x0a\xf7y\x0c\x98\
\xear\xda\xef\x09\x85_mn\xab\x94n\xd9;&\x86\
q\xeeB\xbbf^ \x9a\x02\xca\xdf*e0\x18\xbc\
\xab\x14_\xad|\xa9\xf4\xd4)\xcc\x9a\xf1\x1ev\xed\x90\
\xcf\x99\xc8=\xd1\xb9Gzm\xa3\x99o\xbc\x8d\x1d\xbf\
K\xeb\x8f\xf9[\xb1\x83\x19#w\xdd\xe2\x8e\xc6r^\
\x11\x00\x8eA\xc4\xc5\xee\xf9v\xfer\x9e\xf0T\x19\x95\
\xcb\xeb\xe8\xf6\x8e\xf6\xeaT\x81W\x8d\xa9\xb3\xad`\x98\
H\xb4@N\x0c\x7f\x8f\xe2\xefSr\xc4\xd3\x19\xf3\xb4\
\xc6J\xc4A\xc5\xe3\xa680k\x0b\xf1:\xbc\xb3g\
J\xc3:\xb8\xfe\x91d|R:I\xac\x98`fw\
9s\x0aj\x8b\x8d\x22\xd5\xd3l\xcd\xcf\x03X\xae\x1c\
\x1f\x81\xb1\xe1\xc5\x859\x92tw\x91\xca\xac\xde_s\
@yW)\xc5\xfd,p\xc9\xe5\x03p\xd1\x00\xf9-\
\xedO+\x7f\xc4\xe2\xf9\x12\xa7\x8b\xd3\xfa3A\xc0m\
w\x8f\xd3\xec\x82TMCW\xf1R|\xcf\xe1\x875\
7^\x8bs3C\xcbB\xc4\xebH\xcdyO\xe9\xfd\
\x9aV\xd67\xa6\xf7\xfbq\xda\x9d\x11\x97\xba\xd4\xc2\x16\
j\xf34\xdb\xf2o\x001\xf9_aF\xaf\xbb\x0bs\
\xefR[\xa6/\xbf\xa8\x00\xaa\xd3\xf0\x82vI\x02-\
'\x06\xd9\xb8\x85kn\x1a\x83\x8cN\xf2>\x8a\xfe~\
}\xab\x063b\xb4\x0d\x96n\xda\xfa\xc6\xa95\x11\xfc\
\xf8\x9co\xfd\xe4N\xe2\xf8\xaa{\xddm7 \xa5q\
\xe3\xa0\xc4\xf1S\xd1\x0ff\xbc\x0f^\xe4Z\x8eH\xa0\
\x91%\xf3\xd4\x09\xed\x0eJ\xa1\x1862g;z\x83\
\x81\xff\xfaJ.\xf6\x18\xe1\x8fr\x91]\xbcaA\x8e\
\xb4\x8a\x83\xca:G\x05P\xdeU\xca\x9a\x7f/\xc0d\
\x1c\x14\x814S\x1a\xc6\xdcz#\xf81\xb2\x1c\x05\x03\
\xaa\x8b\x06\xf4\xc3%\x97\xab{\xa7\xa3\xb2\xadO\xb3\xe3\
\x07.\xfc\xe0E\x8e\xf8\x0f\x03\xff\x81\x08\x86\xe6\xcf.\
\x84\xeb\x97b\xa5\xa6\xd3\xddN\xfb\xb8`\xf8\xd4\xf66\
\x96\xd1y\xcd\xa8L\xe0`\x92yo\xe2\xa3\xa3\xfb\xdc\
\xce\xdc\xa8T\xa3\x8f\x1a\xa0\xf8\xb0\xb2\xac\x05o3\xd0\
-r\x13\x98\xd9\xd9\x0c\xdb\x98Q\x8as\xeb\x7fkS\
\xd1\x8do\x97x\xb6\xda\xdaP\x93\xca\xf9\xe1\x5c\x94\xc8\
\x84\xa6\xf3q\x04\xf3>\xa5\x94\xbc\xb2\xd2\x80k\x92\x98\
x\xc5\xda\xc2\xbcZ\x1fi\x1b\x0c\xd8\xcdV\xc7L\x00\
7\xca\xae\xd2`\xef\x948sn\x0d\x86\x8f\x1am\xa2\
\x0a\xa8L\xdbS\xa9\x06\xf2|F\xa0\x9e\xe1\x80\x8a\x87\
\xcb\x17\xce\x9a\x03^\x9e\xc5\x1fu>\xaf\x8b\x17Xr\
'\x88j\x18M\x0d\x1e\x07\x0f\xfc\xe9=\xc9\xe4\x97\xb1\
r\xe4\x0fT\xeb\xd6\xfc\x82\x85s\xe7+\xa9Q\xc6D\
\x1a\xe2\x9a\x9f+\xeb.\xa1\x86\xee\xf1\xc4#\xcb\xea\x98\
\xc4\x00\xd9C\x17\x06\xb6\xda\xc3\x0cW\xac/\x9c\xa8]\
\xc9F\x1fcD\x15P\xdeUj\xe4\x13\x970\x8f\xb8\
\x18\x0c\xf5\xc2\x01\x15O\xcf\xc5_\xecyxw \xe2\
\xa0\xea\xd9\xa7\xd7\xe9\x0a\xe8\x81\xdaG\xfb{\xd7/\xeb\
0\x7f\xb64ms\x95\x1er\xd5K~\xdb\xb4\x05\x1f\
\xbe\xfd\xbe\x1fU\xa3\xb7\xbd\x89\xb6\xbd|\xe5\x99m\xf9\
\xa3AL>\x98\x8ep\x92\x0c\xc2\x90\x92y\x93\xf8\x11\
z\xd4(\xea\x80\xf2\x82*\xdb1\x811\xbc\xa24\xca\
@~{\xa7N\x9d\xc2\x97\x9f~\x8e_~\x0c|\xb5\
R\xb7^=/\xa8\xf8\xaa\xd5\xacyj\xd4\x0c\x1b\xac\
 \x7f\x97\xd8\x9cG\xf5\xb2\xaa\xbcb\x09\xaf\x5c\xa2H\
Q:\xc9\x0avlZ\xb6\xb3\xd8\x0a\x06\x12\x914\xc7\
@\xa5P\x22\xdcSRd\x97O\xab\xa5\xa1b1\x01\
\x14\x1f\x8f\xc5Z0\x85@\x8a\x19H\x83y\x8fPJ\
\xf2\xa2d/\xee\xe5\xde6\xa3\x1d:fuBsc\
\x9a\x86f\x0d\x8d\xf5G\xef\xcc\xc2\x96_\x95k}\xf1\
|\xef<a\xe5\xa7\x85\xb2\xd7yU\xc2\x8a\xdc\xc9\xeb\
Fa\xf6li\x82\x8e\xd0\xd4\x89\xfb\xd6f?\x1e8\
^\xe5\x19\x9er\x17\xda\x1f\x8f\xc5@b\x06(>X\
\xb3\xd5\xc1_\x04\x86+\x0d<\x18Pm\xdf\xba\x0d\xdf\
.[\x0e\xbe\x15\x0a\x85L-\xd3\xbd\x87\x18<\xc4>\
\x1e\xc05c\xea\x1b\xd8\xbdsw(C\xa8\xd6\x96~\
.=%\xf6\xdf\xb4(_\x9a/,L\x8e\xf1\xda\xcd\
\xdf\xc5m\x05\x96\xe8%\x973\xf7\x9f\xb1\xd2?\xa6\x80\
\xf2\x82\xca\xe6(\x06\xc1\xa2d\x80\xf3zu\xc7\xd0l\
I\xcatI\xf3\x1f\x96\x7f\x8f\xef\x96-\x07\xdf\x0e\x86\
Ju\xea\xd6AJJ\x0a\x1a5NAJ\xe3\x144\
Li\x84\x86\x0d\x1a\xa2A\xa3\x06\xde\xc0F\x1e\xbe\x1f\
\x0d\xfa\xdf3/\x81\xdf-\x85J,Yl\xe1\x9a\x9d\
\x17.\x1aC\x15\x17\xb3\xf6\x81\xc0\x04\xe0+\xb7\xd3\x1e\
\x9d\x94R\x0aV\x889\xa0*\xb7\x7f\xc7\x09T_i\
\xa6\xdaf\xb4\xf7\xa6\xdeJo\xe9?d|\xcf\xae\xdd\
\xe0'`\xc5?\x17\xe3\xc4\xf1\xe3\xaaL|\xb4K\xec\
<\x93\xfb\x94lZ5\xa5\xc1\xa8\x99FX\x15\x83i\
\xc0\xa4\xe3\xb0'Z%%\x89\x0e\x9e9\xc0\x0f\xfb#\
n\xa7=\xb8\x1bq\x0dt\xacb\x19\x17\x80\xaa\x5c\xa9\
J@\xc8T\x1a+\xaf^q\xe9\xe0\xcb\xd0\xad\xe7\xf9\
\x01\xcdq\xf4\xf0\x11\x14\xff\xb2\x0e\xfc\x14m\xef\xee\xc8\
\xaeb\xa2\x0d(>\xb8\x97&?\x0f\x1e\x98\x18\x88D\
\x12/Z_\x94'\x93\x0d5P\xcf\xda\xf3\xbd\xd9\xea\
\xb8\x86\x01\x0e\x02\xa4\x01t\x7f\x0fc\xa7\xdbi\x8fN\
\xf6\xd0\x00\xa6\x8b\x1b@yA\xe5\xe7\x82\xaej\x1c\xdd\
{\xf7\xf4\xfa\xff\xd5\xaf\xaf\xb8\xa0\xd5\x18\xf2F\xf7\x06\
l,Y\x8f\x0d\xee\x0d\xe0^\xec\xa1R\xb4\x01\xb5\xe2\
\x9b\x1f\xb0t\xc9\x97 Q\xf4\xab*\x03\xf3\x10\xf0\x88\
\xdb\x99\xf3|\xa8c\xaa\x0d\xed\xbd\xde\x0f\xe5B.H\
Z\xd1\xa5\xa6\xfe\xda\xc67\x85j\xab\xb8\x02\x94w\xfb\
\x97]\xf0\x0c1z\xd8\xdf@\xf8!B\xdf\xfe\x17\xc1\
\xd2\xadK\xd0\xe3\xe5\xbes\x1b\xdd\xeb\xf1\xfbo[\xbd\
!\x14\xbc0Z0\x14-@\xf1Kk\xee\xfd\xb0y\
\xe3\xa6`\xd4\xaa\xde\xe6K\xc6\xd8s\xae\xc2\x1cy_\
\xa6P\xb9\xc5A{\xaf\x93+\x0f]\xf7\xf3n\xcd\xd5\
d\x0c\xef\xba\x0a\xed\xb2\x9e7\xb1\x1aF\xdc\x01\xaab\
\xa5*\xc8\x05(`2\x11\x0e(\x0e\xacpN\xe9v\
\xfd\xb1\xd3\x0b\xac=\xbb\xf7x#i\xf9\xa7\xacT\xea\
\x94\xad5\xa0JKK\xbd@\xe2\xb9 \x22!\x22z\
\x83\x04zn}a\xde\xc6H\xf8\xc4\xb2\xaf%\xfb)\
3\xc13\x11\x8cn\x08\xacG|&\x9c\x89K@U\
\xaeTW\x13#\xbe\x9d\xf1\x9b\xe0\x9co\xfdz\x5c\xd8\
\xcb\x1bJ\xae\xe4\x5c\x1bxr*Z\x1c\xfa\xeb/\x1c\
<p\x10'O\x9e\xf4n\x0fO\x9d*\xf5\xfeU\x0a\
/\x09\x96\xafR;^C\x8a\x87\xa8\xf0\xc3\x14\x95h\
?\xe3\x19R\x93\xe9\x15\xd7\xec\xbc?U\xe2\xa99\x1b\
\xbe\xbdC\x19\xbb\x87\xc0\xf8qw\xa04P\xdb\x18\xb1\
\x87\x5cE9s4W,\x0c\x01q\x0b(>\x96\xce\
\xb6\x82,\x91\xbc\xa0\x1a\x1ahl\x8dRRp^\xaf\
\xf3U\x01V Y\x91~\xcf\x81\xb4f\xd5O\xb2\x89\
(exo\x14\x18{\x88\xff\xffJ[\x04\x130\xb5\
\x89\x11ME\x1d/\xb0J#\xd5W\xab\xfe<\xba\x16\
\xa5\xec\x1eb\x8cW\xf9\x08\xe6nb\x11\xb7E<\xe7\
\xc6\x88k@UMd0\xefUUm\xab\x80\xc5\xef\
\x8e\xe2\xc99\x96;\xc3\xf2\xf7#\x9e\x84f\xf7Ni\
BO\xb9\x87\x96\x11\x0a\xcbE\xf6PU\x1cOe\x5c\
\xd9\xf3\xc4\x10\x5c|\x07\xf0\x0b\xc0\xdebb\xd2\x22\xd7\
\xfc\xc7B~9\xd3\x0cH#&w \xa1|(@\
<\xbc\xa4[0rjK\xd6\xa6Z\x01\xa8\x8a-`\
\xfe\x10\x12\xd8# \x04\x1d\xf4\xc4\x01\xd5\xbec\x86\xf7\
b6\x16\xe0\xaa\x02\x11w+\x0a\xf1\xb0a3#\xfc\
\xc7Ud\x7fS\xeea\xcb\xcav\xdc\xcc\x18\x1e\x0c\xf6\
a\xac\xe4\xb1\x08`\x8bb\x05\xae\x8a\xa4\x93^\x10\xf1\
\xddF\xc0\x1d\xc7\xe9q3,e\x22=\xed*\xca\x95\
\xa6\xc2\x0d\x06\x89QnSk\x00uz\xb5\xb29\x1e\
$\xc2#\x00\x8c\xa1\xd8\x8a\x1f\x5c\xb4j\xd3\x1am\xda\
\xb6A\xbb\x0e\x19\x11\xbfo\xc9\xc9\xe6\xc9R\xb6o\xfd\
\x1d\xdb~\xdbV\xf1wk\xe89%\xb9\xeb\x0c\x92\xe9\
?\x81<\x1fz\x0c\xcfkp\xd2`x\x88@\x1cX\
MB\xb1\x05\x03\xbe\x17\x89~\x10HXv\xaa\xec\xac\
\xc5\x9b\x16\xdd\x17\xfa}B\x00\x81|;'\x96\x1a.\
\x11\x18\xf5'\xa2K\xc0\xd8%\xa1\xe8\x08`/cx\
\xdaUh\x7f!\xc4~1m^\xeb\x00\xc5\xad\x95i\
\xcb\xeb(\x88\xc2\x03`\xb8\x19@\x83p,\xc8\x8bc\
\x9bZ\x98\x90\xda\xbc\xb9\xb7\x9eojZjHu}\
y\x1c\xd3\x81\xfd\xfb\xb1\x7f\xdf\x01o\x08:\xffpo\
\xf0p\x891\x14\x8a\x22\x9bZR\x94#\xcd\x88\xe9\x87\
\xa9%;\xcfL\x02\xbb\x0f\xc4\xb8\x17Ar8\xf2\x09\
X\xc6\x80\x8d\x00m\x14\x98\xb0\xa1\x1c\x9e\x8d\xa1\x9c\x16\
\xf2\xf9H\x82\xa1\xa3Hb'\x80u$\xa0\xa3\x5ci\
\xd8 u+\x03\xa3\xe9\x22\xe8\x85Pt\x08\x92\xb7\xe6\
\xcdj%\xa0N\xafV#&w\x10\x85\xd2\x9b\x19\x18\
\x07\xd69jX\x8b\xe7\x1c\xe7\xbe}\xc9\xfco\xe5\x87\
\xaf<\xfc\xb4\x8f\x1fq\x97\xf2\x93\xbf\xd2R\x88\x01.\
^\x83\xd2\x85\xe1$\x894\x93\x09\x86w\xdd\x85\x93\x22\
:77\x8frX\xe0\xf1\xba\xe6\xf0OH+\x96\x1f\
]y\x0a\xda#\x00\x1de`GD\xe0\x88\x00\xa4\x10\
(\x05`<_AJ\xe5'\xa8\xe1\x06h\xc4sU\
O\x87\x01\xd3\xdds\xed\xd2\x0a|jH\x88\x02\x8fZ\
\x0d\xa8*\xfb\x9cg\xcdkR\x0a\xc3M\x80x#\xc0\
.\x88\x82\xdd\x22\x15\xb1\x19\x0c\x1fy<\xec\xdd\x0d\xf3\
s6D\xca\xacz\x7f~p!\x18\xc4\xdb\x18\xd8\xf5\
\x002\xd4\xe4\xad\x0d/\xdaD\xc0\x07\xa2G\x98\x11\x8d\
$*\xda\x8c\xe1o\xae\x09\x01\xa8\xeaF2\xdbr\xfb\
\x11\x84aLd\xc3\xc0\x94\xbd\xd8\xb56\xac\x84?a\
7\x09X\xc8@\x0b\xddI\xc5\x0b5\x8f[\x1a=\xda\
`.\xef<\x8c\xc0\x861\x11\xdc\x16\xda\x14\xa3\x0a\xcb\
\x90\xc4O\x1cy\xa1\xb3Ej\x17<\x0bK\x1d\x15;\
%\x1c\xa0\xaa\xdb\x86\x9f\x0c\x82a(\x01\x97\x01,\x16\
y\xc6\xb6\x821~J\xf5\xc5\xa9R\xcf\xc2X\xc5+\
u\x18\x9a\xdb\xb8n\x1d\xc30\x11\x18\xc2\x18\x06\x02h\
\xad\xe23\x14\x14+\x06\xf0\xa4\xeb\xcb\x09\xb4$\xd1@\
T\xdd\x00\x09\x0d\xa8\xea\x03\xed<\xea\xc9\xaeb\xb9g\
0cl\x10\x81\x06\x07\xf5\x14\x84\xd1\x88\x9f\xa0\x11\xd8\
\x02\x12\xd8\xd2\x92y\x93~\x08\x83\x85\xe6]2\xady\
\x03\x04&\x0c\x22\xa2\xc1\x0cL6a\x8eJJ,`\
\xc0B\xc6\xd8\xf2x\xbe\x8cUi\xac^6g\x0c\xa0\
|\x8d\xd6\xd9Z\x90Q\x8e\xf2\x0c\x81\x19\xda\xf3w\x0d\
\x06d\x88D&\x06\xd6\x10\xc0\xe9O\xe5\xbfK\x09\xc4\
\xbdi\x8f\x82p\x0c\xcc\xfb\xf7 \x816\x0b\x106\xc3\
\x80\xcd\xc4h\xf3a\xe1\xe0\x96\x1d\xb3_<\xa1\xe6\x04\
i\xcd\xab\xf5\xe8\x07\xea7\x16\x9b\xb6g\xc42\xe0A\
\x86\x081\x83\x81e\x80\xa1)@\x0d\xf9\xf8\xa9\x9a=\
\xbc6\xe0\xf9\xd2\x81\xa3D\xe4\xb5\x85\xc0\xd8\x1e\x02x\
\x0c\xfff\x91<[\x92\x90\xb4\xb9\xd8\x99\xa3\x1c\xd3\xaf\
\xf5\xa0b\xc8\xff\x8c\x05T\x0cm\xae\x8bN`\x0b\xe8\
\x80J\xe0\xc9\xd5\x87\x16}\x0b\xe8\x80\x8a\xbe\xcdu\x89\
\x09l\x01\x1dP\x09<\xb9\xfa\xd0\xa2o\x01\x1dP\xd1\
\xb7\xb9.1\x81-\xa0\x03*\x81'W\x1fZ\xf4-\
\xa0\x03*\xfa6\xd7%&\xb0\x05t@%\xf0\xe4\xea\
C\x8b\xbe\x05t@E\xdf\xe6\xba\xc4\x04\xb6\x80\x0e\xa8\
\x04\x9e\x5c}h\xd1\xb7\x80\x0e\xa8\xe8\xdb\x5c\x97\x98\xc0\
\x16\xd0\x01\x95\xc0\x93\xab\x0f-\xfa\x16\xd0\x01\x15}\x9b\
\xeb\x12\x13\xd8\x02:\xa0\x12xr\xf5\xa1E\xdf\x02:\
\xa0\xa2os]b\x02[@\x07T\x02O\xae>\xb4\
\xe8[\xe0\xff\x01$;\xf5\xd7\xc5\xf2\xfd\xd8\x00\x00\x00\
\x00IEND\xaeB`\x82\
\x00\x00\x02\xe9\
\x89\
PNG\x0d\x0a\x1a\x0a\x00\x00\x00\x0dIHDR\x00\
\x00\x00=\x00\x00\x00E\x08\x03\x00\x00\x00\xce\xcd\x1ew\
\x00\x00\x00\x01sRGB\x00\xae\xce\x1c\xe9\x00\x00\x00\
\x04gAMA\x00\x00\xb1\x8f\x0b\xfca\x05\x00\x00\x00\
\x96PLTE\x00\x00\x00\x12\x92\xdb\x0f\x94\xdc\x10\x95\
\xdb\x10\x95\xdb\x10\x95\xdb\x10\x95\xdb\x10\x95\xda\x0f\x94\xda\
\x0f\x95\xdc\x10\x95\xdc\x0f\x95\xdb\x10\x95\xdb\x10\x95\xdb\x11\
\x96\xdb\x10\x95\xdb\x11\x95\xdb\x10\x95\xdc\x0e\x95\xd9\x13\x97\
\xd9\x00\x80\x80\x00\xaa\xd5\x10\x95\xdb\x10\x95\xdb\x11\x95\xdb\
\x00\x80\xff\x10\x95\xdb\x0e\x8e\xd5\x10\x94\xdb\x00\x80\x80\x0b\
\x95\xd5\x0f\x96\xdc\x10\x96\xdb\x10\x94\xdb\x10\x95\xdb\x10\x95\
\xdc\x10\x97\xd7\x10\x95\xdb\x0f\x95\xdc\x10\x95\xdc\x10\x95\xdb\
\x10\x8f\xdf\x10\x96\xd9\x10\x93\xdb\x10\x93\xd9\x10\x95\xda\x10\
\x96\xdb\x10\x95\xda\x10\x95\xdc\x10\x95\xdc#(C\x89\x00\
\x00\x002tRNS\x00*u\xb2\xcc\xe5\xff\xe6u\
g\xd1T\xcd\xce\x88\xf6\xaa^5\x1b\x04\x06\xab\xf2x\
\x02\xa3\x12\x81\x02\x183\x8fp\xf4\xe0 \xef\xa9\xaf\xcf\
\x10P@\x80`\xbf0\x9f\xdf\x1c\xb6\x98\xcf\x00\x00\x00\
\x09pHYs\x00\x00\x17\x11\x00\x00\x17\x11\x01\xca&\
\xf3?\x00\x00\x01\x9eIDATXG\xed\x95\xe9r\
\x820\x14\x85#\xe0\x11w\x10wm\xabm\xadk\xd5\
\xbe\xff\xcb\xf5f<\x8e\xb5\x80\x102\xd3N\xa7~\xbf\
\xbe\x04\xee\x10r\xb2\xa8;w\xfe;%\xc7\xf5\xca\xa8\
x\xae_bO~\xaa5\x5c\xa8U\xd9\x9b\x8fz\x83\
ug\x9au>\xc9AK\x17\xb4\x83\xb0\x13u\xa3N\
\x18\xb4u\xb3\xc5gY\xf4\xfa\xf2\xf2`8bS\xa9\
\xd1p =\xfd\x1e\x9b\xb7\xd1\xc5\xe3\x09\x1b'&c\
]\xce\xc6M\xf4\xb0\xa7\xf4\x0bS\xe9\xcd1\xf8zb\
\xf1\xa9<{\xea\x9a2l\xea52\xf8\x065\x95\xaa\
L\xd8\xf5?\x9f\x99\xc8\xd4e\xe5.\x8bdH\xfd\xce\
P\x96\x0d5\x85\x92\xe4|\x89\xea\x9a\x91\xe4~{\xd1\
\xfa@@\x8d\x13\x00\x0e5\x19\x17\x08\xa9qB\xc0\xa5\
&\xe3\x01\x1dj\x9c\x0e\xe0Q\x93\xa9\x00\x115N\x04\
\x94\xa9\xc9\xc8\x92x\xa0\xc6\xe9\xcaSj2e\xe0\x91\
\x1aG\xbe]\xa1&#\xff\xfdD\x8d\x93\xf9\xdfvs\
\xeed\xe4\xedS\x93\xb1[kv\xeb\xdcr\x8f)9\
MS\xf7w\x93\x9a\x8e\xdd\xd9bw\xaeY\x9e\xa9\x96\
\xe7\xb9R3y\xb9\xe8]\xa2\xd4\xfc\xf9E\x17|\xa1\
\x91\xff\x1e{]\x00o\x85\xef\xd0%\xb0Z\xab\x92\xef\
z\x15\x94=\xd71\xba\xbf7\xf2\xb5-\xdd\x98\xf5\x0a\
\x98\xd1\xcd\xd9\x01\x8b5\xdd\x98\xadL\xd9;\xdd\x9c=\
\xb0\xa4\x9a3\x97q\x1f\xe8\xc6\xe8\xa8wts\x8e\xc0\
G\xe1)\xfb\xabQ\x1fd\xca\xe6ts$\xea=\xd5\
\x1c\xab\xa8\xd7\xbf\x1b\xf5\x86n\x8c\x8e\xfaH7\xc7*\
j\xbd;\x8aG-i\x15\x8fZ\xd6\xd9\xaa\xf0\xee\xf8\
y\x94\xfa\x04\xdfV\x1b\xa8\xa0g\xde\xef\x00\x00\x00\x00\
IEND\xaeB`\x82\
\x00\x00!A\
\x89\
PNG\x0d\x0a\x1a\x0a\x00\x00\x00\x0dIHDR\x00\
\x00\x00\xc8\x00\x00\x00\xc8\x08\x06\x00\x00\x00\xadX\xae\x9e\
\x00\x00\x00\x01sRGB\x00\xae\xce\x1c\xe9\x00\x00 \
\x00IDATx^\xed}\x0b\x94\x5cU\x95\xf6\xb7\
o\xf5\x8b(\xd0}+&\xa3\x86qH\xeaV#Y\
\x10\xd6\xc8(\x10\x0cDy)\x10\xc5\x81A|\xbbB\
H\xd7\xad\x80\x03?\xf9\x83\x99\x99\xdff\x94\x16~\xf8\
\x01!u\xbb\x93\x90\x19u\x9cQ\x06_\x7fB\xe2o\
\xc2C\x02\x01\x1f\xe822`\xbanu\x18%\xa3\x93\
\x98\xba\xd5\xbcB\xbf\xea\xec\x7f\xdd\xeanI0IU\
\xdds\xee\xad[U\xf7\xae\x95E/\xfa\xec}\xf6\xfe\
\xf6\xf9\xfa>\xce>{\x13\xa2+B B\xe0\x88\x08\
P\x84M\x84@\x84\xc0\x91\x11\x88\x08\x12\xad\x8e\x08\x81\
\xa3 \x10\x11$Z\x1e\x11\x02\x11A\xa25\x10!\xe0\
\x0d\x81\xe8\x0e\xe2\x0d\xb7H\xaaI\x10\x88\x08\xd2$\x81\
\x8e\xdc\xf4\x86@D\x10o\xb8ERM\x82@D\x90\
&\x09t\xe4\xa67\x04\x22\x82x\xc3-\x92j\x12\x04\
\x22\x824I\xa0#7\xbd!\x10\x11\xc4\x1bn\x91T\
\x93 \x10\x11\xa4I\x02\x1d\xb9\xe9\x0d\x81\x88 \xdep\
\x8b\xa4\x9a\x04\x81\x88 M\x12\xe8\xc8Mo\x08D\x04\
\xf1\x86[$\xd5$\x08D\x04\x098\xd0\x89{\xec\xf6\
|\xbb\xd6\xd1&\xb8}L\xa3\x8e\x16F\xfb\xc48:\
b\xadh/\x16\xd1\xe1\x9a\x13\x8ba\xa48\x8e\xd1\x96\
V\x8cL\x10F\xdb\x04\x8f\x8ci4\x1a\x1f\x15#\xb9\
\xeb\x8c\xd1\x80Mn\xea\xe9\x22\x82\xf8\x10\xfeY\xebw\
\xcf\x1e\x1b\x9d\xe8\xd64J\x02\xdcM\xa0n\xc6\xe4\xcf\
j\xa6\xa3A\x02g\x19<\x08\xd0\xa0\x10\x9cmko\
\x19\xdc\xb7l\xee^5\xfa#-\xd3\x08D\x04Q\xb0\
\x16:\xd7d\x17\xc54\xfa \x03\x8b\x01\xb8$8^\
\x81Z/*^\x040H\xc0\xa3E\xc1[\x86W$\
\xb7{Q\x12\xc9\xbc\x8e@D\x10\x0f\xab!\x9e\xc9\xbe\
\x93I{/\x98\xdf\x0f\xe2\x0f\x02\xf4f\x0fj\x02\x10\
\xe1W\xc0\xb4\x05D\x0f\x13\x8b\xc7\xf3\xe9\xe4\xaf\x03\x98\
\xb4\xa1\xa6\x88\x08Ra8\xf5\x8c}\x01\x08\x1f\x00\xf0\
^\x00\xef\xaaP,l\xc3~\x0e\xe0q0~\xe0\xa4\
\x8d\xada3.\x8c\xf6D\x049JTt\xcb>\x83\
\x81K\x89q)\x08\xa7\x841\x80\x9emb<\xc3\x84\
M\x04lrL\xe3\xc7\x9e\xf54\xb8`D\x907\x04\
X\x1f\xb0Of\x81K\x09\xb8\x14\xc0\xc2\x06\x8f\xff\xb4\
{;\x18\xd8D\x1a69=\xc6sM\xe2sEn\
F\x04\x99\x82)n\x0d~\x18\xd0\x962pIE\xc8\
5\xe8 \x02\x1e\x04\xc4\x86\xbc\xd9\xfd\xfd\x06u\xb1*\
\xb7\x9a\x9e z&w%\xc0KA8\xbf*\xe4\x1a\
}0c\x1b@\x1b\x9ct\xe2\xfeFw\xf5h\xfe5\
-A\xe2\x99\xdc\xa7X\xe3\xa5`,j\xe6\x05P\xd6\
w\xc2v\x12\xb4!\x9fN|\xbd\xec\xd8\x06\x1c\xd0t\
\x04\xd13\xb9e ^\x0a\xe0=\x0d\x18O?]\xfa\
\x09\xb8tGY\xef\xe7$a\xd3\xdd4\x04\xe9\xea\xcf\
-$`5\xd8\xdd\xb7\x88.\xcf\x08\x10ma\xa0\xaf\
\x90J\xec\xf0\xac\xa3\x8e\x04\x1b\x9e s\xee|\xe1\x98\
\x03\x1d\xa3\xab\x01^\x0d@\xab\xa3\xd8\x84\xd9T\x01P\
\xdf\x8c\x91\xf6\xbe=7\x9c\xf0Z\x98\x0d\x95\xb5\xad\xa1\
\x09\x12\xef\x1f\xbc\x8c\x85\xb6\x1a\x84\xd3e\x81\x8a\xe4\x0f\
\x83\x00\xe3i\xd2D_>\xd5\xfd\xbdF\xc5\xa7!\x09\
\xd2\xb9\xe6\xb9whZ\xcbj\x80\xaei\xd4\xc0\x85\xcb\
/^'\xc4D\xdf\xf0\x8a\x93\x7f\x13.\xbb\xe4\xadi\
8\x82\xe8\x03\xf6\xe5\x10\xb8\x0d\xc0\x5cyx\x22\x0dU\
 \xb0\x1b\x1aV9=\xc6\xb7\xab\x90\x09\xfd\xd0\x86\x22\
H<c\x7f\x99\x097\x85\x1e\xf5\x066\x90\x18\xb7\xe6\
\xd3\xc6\xe7\x1b\xc5\xc5\x86 H\xe7\xba\xe7O\xd3&&\
\xdc\xbb\xc6\x05a\x0f\x0c\x03C\x04~\x1e\xa0<3\xf2\
\x04\xca\x03\x22\xcf\xe4\xfe\xd7\xfd\xe7^\x1c'\xe68\xa0\
\xc5\xd9\xfd\x99\x10w\xff\x1f\x83N$`^\xd8}\x04\
\xb0U\xb4\xb4\xac\x1a\xbe\xe6\xc4_\xd6\x81\xadG5\xb1\
\xee\x09\xa2glw\x17\xfcV\x003C\x14\x8cq\x06\
v\x10(\x0b\x16\xb6 \xca\xc6b\x22\x9b\xff}2\x8b\
^\x12Rv\xf6\xb2\x16\x7fk6Y,jI\x8d9\
\x09\xd2\x0c\x06'i2o\xacUJ\xb7Z\xe1\xfd`\
\xdc\xe4\xa4\x8d\x0dj\xd5\x06\xab\xad~\x09\xd2\xfbl[\
|v\xdb]\xcc0\x83\x85\xec0\xb3\x11\xfd\x1e,\x9e\
\x04\xd1\x0e\x14\xf1cg\x85\xf1T-l\xd2\xd7\xd8g\
\x22\x863\xc0\xbc\x10\xa4\x9d\x05\xe6\xb7\xd6\xc2\x8e\x83\xe7\
$\x82\x95\xdf;v=z\xe7\x8f\xd5\xda\x16/\xf3\xd7\
%A\xf4{\xec9h\xa1\x7f\x06\xf8</N+\x91\
q\xd3\xc55\xdeHE\xda\x5c+B\x94\xf3\xc3%\x0c\
\xc7\xf8b\x12\xb4\xa4\xb6\xe9\xfa\xf4\x10&\xf8\xb3\xceu\
\xc6\x9er6\x87\xed\xf7uG\x90\x99k\xec\xbf\x14\x1a\
}\x13\xe0d\xe0`2\xf6\x90\x86\x8d\x0cltR\xc6\
\x0f\x03\x9f_bB\xbd\xdf\xbe\x90\x80%,\xe0\x92e\
\x8e\x84*\x8f\xa2\x94\xd5\x04_\xb5\x7f\x85\xf1\x0b\x8f\x0a\
j\x22VW\x04\xd13\xb9\x8b\xa0\xe1{`.U\xff\
\x08\xee\xa2\xcd\xcc\xe2_\xdb\x0e\xbc\xb6q\xef\xca\x05\xaf\
\x067\xaf\xfa\x99f\xdf\xbe\xf3Mc3\x8eYB\xa4\
}\x1c\xe0\x8b\xd5\xcfp\x14\x8dD#\x10\xb8\xccI'\
\xfe_\xa0\xf3JLV7\x04)e\xdf\x12\x7fM\xc2\
W/\xa2\x8f\x80\xd1\xef\xa4\x1b\xeb\xdb\xfe4\x10z\xc6\
\xbe\x1c\x84\x14\x80\xf7y\x01\xc7\xab\x0c1}\xba^\xb2\
\x83\xeb\x82 z&w#\x88o\xf7\x1a\x90\xaa\xe5\x18\
O\x95^.M\xe3\x1bU\xcb\xd6\xa1@\xdc\xb2?Q\
\xfa\xd8A830\xf3\x99V:\xe9\xc4\x1d\x81\xcd\xe7\
q\xa2\xd0\x13\xa4\xcb\x1a\xea!\x88~\x8f\xfeU'\xc6\
\xbc\x0b\xd0\xeel\xb6\x94\xee\xd7\xef(\xb9e\x80\xb8\x01\
D'U\x07\x9c\xb7\xd1\x0c-U0\xe7\x0dx\x93\x0e\
F*\xd4\x04q\xebMi\x1a=\xe6;\x14\xcc\x13L\
t{\xb1m\xec\x8e\x97\xae\x9e\xef\xf8>_\x88'8\
\xee\xbeg\xf5\xd8X\xdb\x8d\xc4\xbc\x12D-~\x9b*\
\x04\x9f\x13\xe6\xfa]\xa1%H\xe7\xc0\xee\x05\x9a(\x06\
\xb1\x13\xfb\x00\x91\xb8#\x9f\xea\xfe\xa9\xdf\x8b\xa1\x9e\xf4\
\xc7\xfb\x07\xdf\xcd\xac\xdd\x08\xe0\x0a\xbf\xed\x16Z\xec\xb4\
\xe1\x9e\xb9;\xfd\x9e\xc7\x8b\xfeP\x12\xe4\xf8{w\x9d\
\x18\x8b\xc5~\x05\xc0\xcf\x82l;Y\xd3n+\xf4\xcc\
\xfb\xa6\x17\xe0\x9aE\xa6k`\xe8*\x12b\x15\x80\x05\
>\xfa\xfcJ\xb1X<\xf5\xc5kOz\xde\xc79<\
\xa9\x0e\x1dA\x8e\xbb\xef\x05\xbdeld\x13\x80\xb3<\
yT\x89\x10\xd1\xfaq\xad\xb8\xfa\xe5\xe5\xdd\xfb+\x19\
\xde\xecc\x8e];8\xb3U\xc4\xfa\xc0\xbc\xccG,\
\x9e\x9ch\xeb\xb8\xf4\xa5\xabO\x08\xd5#n\xb8\x08\xd2\
\xfbhK|\xd6\x9c\xef\xba\xc5\xda|\x0a\xc4~\xb0X\
\xed\xa4\xbb\x9b\xea\x5c\xb5*,\xf5\xcc\xe02\x90\xd6\xe7\
W\xde\x9b[\xc4.\xbfo\xcfG\xd0\xbbxB\x95\xcd\
\xb2zBE\x90x\xbf\x9d\xf1-\xb7\x8ah\x8b\xa0\xe2\
\xea\xe1\x9e\xeeP>\xeb\xca\x062(\xf9\xce\x81\xc1\x05\
\x1a\x97\xee&\xbe\x9c\xed/}^O\x19\xe9\xa0\xfc)\
7Oh\x082\x95\x95{_9\x83=\xfd\x9e\xc5\xcd\
N\xba\xbb\xd7\x93l$tX\x04\xf4\xcc`/H\xfb\
\x82/\xf00\xae\x0eK\x16p(\x082u\x9ec\x9b\
/\xb7\xee\x88\x1c\xbe\xacaW\xa9\x8f$\xd9/ZZ\
\xce\x0f\xc3y\x92P\x10D\xb7l7\xf1O\xfda\xa7\
\x10\x92\xc3\xcd\x85\x1a\x7f\xf3\x8c\xb3!0\x07\x1a\xe6\x80\
q\x02PJ\x1et\xff\xb9?\xbb\xd7\x0b\x00\xdc\xcc\xd7\
= \xbc\x00\x81=\xd0\xb0\xa7\xf5\x95\x03O\x84-\x17\
\xccG\x92luL\xe3B\xdf\xd8]\xa1\xe2\x9a\x13\xc4\
\xb7c\xb2!\x22GiOA\xe0\xbd \xcd}n\x97\
\xcd{z\x04,\xb6\x90\x86\xc7\xc3\xb2w\xe3\x17I\xc2\
p|\xb7\xa6\x04\x99*\xb0\xf0@\x85d\xae|X\x08\
\xc8\xe1\xa6\x97\x83\xf9J\x22Z\xc4\xec\xcf1Y\x22\x0c\
1\xf3v\x10\xdd_\xeb\xf4{\xbfH\x02\x0dW\xd4\xb2\
\x10D\xcd\x082Y\x9a\xa7\xf5\x11\xe5\xd5GjL\x8e\
\xae\xb5C\xa7P\xb1x=@\x9f\xad\x9c\xd1*F\xf2\
?s,vWa\xf9\xbcgTh\xf3\xa2\xc3'\x92\
\xec\x16b\xfc}\xb5*)T3\x82\xe8Vv\xad\xf2\
\xbaU5$\xc7\xb1k\xf6\xc4[b\x07\xae'\xa6\xbf\
\x05\xf0&/\x0bL\x81\xcc\xabL|\xf7Dq\xc6]\
/\xaf\x983U\x00B\x81\xd6*T\xf8C\x12^\xe7\
\x98\xc9\xe5U\x98\xa1lhM\x08R\xaax\xc8\xdaw\
\x95y\xe1*\xaa!9\xba2\xb6I\x04\x97\x18\x86R\
\x9f\xbc+\xb3\x99qw!mX\xdeUx\x97\xf4\x83\
$D\xe2#\xb5\xa8\xe0\x188AJ\xb5r\xdbG\xb6\
+-\x07ZCr\xe8\x96\xed\xee\xdd\xb8\xd5\xe2\xc3x\
mpL\xe3\xeaZ\x18\xa6\x9c$\x8c\xa7g\x8cv,\
\x0a\xba\x16p\xe0\x04\xd1\xad\xdc\x17\x01\xfe{eA\xab\
\x159z\x1fm\xd1g\xbd\xfdQ\x80\xceV\xe6\x8b/\
\x8a\xf8\x09g\xdf\x7f-\xaeE\xfa\x86r\x92\x80\xbe\xe4\
\x98\x89\x7f\xf0\x05\xa6#(\x0d\x94 \xa5\x16\x04\xeeW\
\x17UU\xd6\x89\xb68\xa9D\xb0\xe7\xaa\x01t\xf6\xff\
\xfa/4n\xf9\x09\x80YA\x06Kb\xae}\x82&\
\xde3\x9cz\xe7\x7fJ\xe8\xf0$\xaa\xf7\xe76+L\
K\x11L\xb4(\xc8\xd6\x0b\x81\x12D1X\xfb\x85&\
\xce\x0b:\xb7\xaa+3t6\x91x\xdc\xd3j\xa9\xb1\
\x10\xb3\xf6\xdeBz\xde\x13A\x9aQ\xca\xdd\x12\xdaC\
\xca\xb2$\x02\xfe\xa3\x18\x18A\xa6:;\xadS\x16\x1c\
\x16\xd7\x04\x9d\x95;s\xc3o\xdf&FG\xffK\x99\
\x0f5P\xa4\xb5\xb7\xbf}\xff\xd2?\xff]\x90SO\
e\x01+\x8c=]\x13\xd4\xb1\xe8\xe0\x08b\xd9n/\
n5m\xcf\x88\xd6;\xa9D\xa0\xad\x0d&\x1b\xf1\x8c\
\xfc7\x80\xe3\x82\x5c\x5c>\xcc\xf5\xd2\x8c\x91\x8e?\x0b\
\xfaeW\xef\xcf\xadSx\x9e\xe4'\x8ei\x9c\xe1\x03\
6\x7f\xa22\x10\x82(.\xd9\xb3s<&\xce\x0b\xfa\
\xb0\x93n\xd9n-\xa7\x9a\xe7\x06)Z\x14?tL\
\xe3\x22E\xba*RS:tU,=j)9\x99\
\x18T\xe9\xa0@\x08\xa2\xf7\xdb\x8f\xa9\xea&\xcb\x9a\xf6\
\xb1\xa0\x8f\xc9\xfazN\xa5\xa2\xe5\xa5~P-\xce]\
L\x1d\xdf\xfd7%\xde\x10\xb6;)\xe3\x1c%\xba\x8e\
\xa2\xc4w\x82\x94\xfa\x90\x13\x7fK\x91#\x0f8\xa6\xf1\
7\x8atU\xa4\xa6\xab?\xfb%b\xfa\xbb\x8a\x06\xd7\
\xd9 &\xbe\xa5\x90J\xaa\xfb\xe4^\x81\xff\xbae\xff\
\xbb\xb2B\x10L\x1f\xf5\xbb\x8f{\x00\x04\xb1\xb7\x82p\
~\x05\xd8\x1d}\x08\xf3\x04i\xbc0\xc8\x0c\xd6\xa9\xcf\
\xd2\x81~\xf5\x91\xc6\xa9J\x05Ltv\x90\x9fM'\
3\x9bi\x87\x92\x92B\x8cmN\xdaP\x7fL\xe2 \
\x0c}%H\xdc\x1a\xfc0CS\xd2\xe0\x91\x81/\x17\
L\xc3\xedT\x1b\xd8\xa5[\xb9o\x01|\xa5\xdf\x132\
\xf0\xa3\x83\xe7\xa0\xc9^'\xdd\xc1\xf4\xfb\xa0\xfb\x1d3\
\xf1Q\xbf}<X\x7f\x97e\xf7\x11\xa0\xa4\x0b\x15A\
\x5c\x967\xbb\xbf\xef\x97\xfd>\x13\xc4\xde\xc4\xc0%\xd2\
\xc63\xef\x9ah\x1f_\x18dQ\xb7\xae\x01\xfbR\x12\
\xd8(m\xfb\xe1\x14\x10\xf6\xb2\xc0w4\x16\x0f\xd1\xab\
\xfc\xd0\xfeU'\xbd\xfc'\xc3\xd6rk\xe7\x84=_\
\x03-f\xc2\x12\x02\xce\xf5\xc5\x167\x8dM\xc3\x92B\
\x8f\xe1V\x92\x09\xe4r\x8b\xd3\xb5\x8c\xb6\xbaw\x11\xe9\
\x0a\x8e\x04<\x987\x0d\xbf\x8a|\xc07\x82\xe8\x03\xf6\
\xc9\x10xV\x09\xe2\x1c\xdcw\xefi{u+\xbb\x0d\
 \xd5\xfdG\xc6\x01\xdc+h\xe2\xdejw\xb5K\x8f\
&\x88\xa5\xc0\xfc\x19%\x98\x1e\xa2\x84\x1fr\xcc\xa4\xfc\
cp\x15\x86)\xdd\x17\xd30\xdf\xe91\x9e\xabb\xfa\
\x8a\x87\xfaF\x90.\xcb^E(\xb5F\x93\xbb\x18O\
9i\xc3\xbf\x1aY\x87\xb1.\x9e\xc9~\x86\xc9m\xd0\
\xa3\xf0\x22l\xd7\x8a\xb8^\xb6?F\xdc\x1a:\x0f,\
\xaecR[\x1a\x89\x98?\x9bO'\xbf\xaa\xd0\xe3\xb2\
\xaa\xf4\x8c\xfd\xa4\x8a\x82\xd9\x0c\xdcT0\x0d\xb7G\xa5\
\xf2\xcb7\x82\xe8\x96\xed\xbe\xdc\xba}\xf3\xa4.\x02>\
\x19t\x95u]\xe5\xa6f\xc9{\xfa\x9ac&\x94\xfe\
\xe5\xd73\xb9\x01\x10\xab<#\x11\xd8\xe6\xdb\xf4\x82(\
U\x95\x07\xfeEj\x81L\x0a\xefpL\xc3\x97\xa4Q\
_\x08\xa2[\xb6\xbb\xcb\xa9\xa2O\xdf#\x8ei\xbc_\
\x01\x80\x15\xab\x98\xaaI\xeb&\x22*\xb9D\x11\x8b\x87\
\xaf5\x0ey\x09W\xa2\x18@W\xff\xd0%\xc4B\xd9\
\xbb\x03\x91xO\x90_\x09]\x1ct\xcb~X\xc19\
}W\xd5\x99\x8ei\xb8\xd9\x1aJ/_\x08\xd2e\xd9\
\xb7\x10 \xff\xc5\x89qE\xd0\xcdk\xf4~\xfb\x0b`\
(\xa9\xa1E\xcc\x7f\x9dO'\xd5\x1e\x0c{C\xf8\x95\
\x92\x84\xd0\xeb\xa4\x8c\x9b\x95\xae\xb02\xca\xa6\x9a\xf8H\
\xd7%`\xa0\xaf`\x1a\xca\xf7\xab|!\x88\x9e\xb1\x7f\
%\xdf4\x926;fB\xfe\x0bX\x95\xd1V\xf5x\
\xc5D\xab\x0a\xa9\xc4\xff\xaerzO\xc3\xbb\xac\xdcJ\
\x02\xab\x98+\xf0\xc7\xac\xc9\xbbH\xeeA\xe9vp\x8c\
g\x9c\xb4q\xaa'\x00\x8f\x22\xa4\x9c z\xc6\xbe\x00\
\x04\xe9\x06\x97\xcc\xfc\xb1B:\x19h\xe5\xf5\xe3\xad\xec\
\xdc\x18hH\x01\xc8?wL\xe3t\x05z*V\xa1\
\xea\x9d\xaf\x08\x9e\xf7\xa2\x99\xdc]\xf1\xc4\x0a\x06ve\
\xb2W\x11\x91|\x0a\x0a\xe3B'mlU`\xd2\x1f\
U\xa8'H\x7f\xf6n0}N\xcaH\xc6\x9e\xd6\x03\
\x07N\x0a\xbaH\x9a\x9e\xb1\xaf\x07\xe1N)\xdbK\xc2\
\xb4\xdc1\x13\xea\xd2\xbb+0H\xcf\x0c^\x09\xd2\xe4\
Sz\x1878i\xe3\xae\x0a\xa6T6\xa4TLo\
\xc6\x8c]\xd2\xddw\x89\xbf\xe2\xa4\x92nm\x00e\x97\
\x0f\x04\xb1\x7f\x09\x96\xcb\xd8\xacE\x22\x9d\x8bh\x97e\
?\xaa`C.\xf0\xbb\xc7\xf4j\xd0-{\x0b\x80\x0f\
\xc8\xac\x0ewW\xbf`\x1a\x8betx\x91U\x92\x10\
J\xd8\xe9\xa4\x8c\xd3\xbc\xcc\x7f$\x19\xa5\x04\xe9\xb2v\
\x9fJ(\xcaWO'\x5cT\x8bBhz\xc6\xfe\x0f\
\x10\xe6\xcb\x00\xcc\xcc\xb7\x14\xd2\xc1&\x00N\xdb\x1b\xb7\
r\xd72\xf8\x1e\x19\xfbAx\xc6I\xa9\x7f\x96/g\
\xd3d\xa1=H\xb7\x87f\xc4\x16\x14\xcc\xb9n\xf3%\
%\x97R\x82\xe8\xfd\xb9\xff\x01f\xb9\xce\xa5>\xbdl\
U\x82\x96\x9e\xb1\xff\x1b\x84\xd9\x95\x8c=\xd2\x18M\xd3\
\xfej\x7f\xcf\xbc\xa7etx\x95\x9dy\xdb\xaec\xc5\
\xb1\xb1\x97\xbc\xcaO\xc9\xfd\xce1\x8d\xb7K\xea\xf0$\
\xae\xe4\xe3\x0e\xd1\x8dN*\xf1\x7f<\x19p\x18!\xb5\
\x04\xb1\xb2\x0f\x02$UD\xa1\x16)\xd8\xaf?\xa2\xe4\
&\x00\x8eI\x80\xfbk\xc74N\x96\x90\x97\x16\x95=\
\xf7\xcf\xc0h\xc14:\xa4\x0d\xf1\xa0@\xcd\xd1\x02\xde\
\xec\x98Ie_?\x15\x13\xc4~E\xba\xaa\xa0\x86\xb3\
\x9c\x1eC\xc5&cu!\xba\xc7n\xd7[0R\x9d\
\xd0\x1bF\x13}\xd5I%\x02.9z\xa8\x0dz\xbf\
}'\x18\xd7\xcb\xf8\x11\xe3\xb1c\xff\x90\x9e\xef\xc62\
\xd0K\x1f\xb0\xcf\x84\xc0\x93\x92\x93\xbe\xea\x98\x86\xb2\xde\
\x96\xca\x08\xa2\xe8\xf3\xee>\xc74\xa4\x1eq\xbc\x82;\
\xf3\xde]o\x13\xb1\x98TA\x06&|\xbe\x902\xe4\
\xf3\xcf\xbc:Q\xda]\xcf.'&\xa9\xde\xe3B\x8c\
\xffE\xadj\xe1\xea\x96\xbdW\xba\x9c\x92\xc2\xcf\xbd\xea\
\x08beo\x07\xc8m\x1b,q\xd5fs\xd05\xb8\
\xeb\xde\xa1S(&\xa4^\xee\x18\xf8d\xc14\xbe!\
\x01\x80\xb4h\xe7\xbd\xf6\xb9Z\x0c\x8f\xca(*\x0a\xbc\
\xeb\xc5\x15\xc6/dtx\x95U\xb2i\x08\xbe\xc31\
\x93+\xbd\xdap\xb0\x9cB\x82\xd8n\xfe\xd2\xbb\xa5\x8c\
\xaaA\xaa\xc3\xb4\xbd\xee\xc2\x92\xb2}J\xd8\xaf\xbc\xab\
Jm\x8bg\xb2\x1fa\xa2\xefT:\xfe\xb0\xe3\x98\x16\
:\xe9\x84\xec\xa3\x8e'\x13\x14Uc\xfc\xa9c\x1aJ\
*\xe8\xa8$\xc80\x80\xe3=\xa12%\xe4gb\x9f\
\x8c]\xf5$\xab[\xb6[\x8bW\xaa\x8bo\x8c\xc9\xf8\
C:\x91\xab\x85\xdf*\xee\x80\x00^tL\xa3S\x85\
\xfdJ\x082k\xfd\xee\xd9\x13\xe3E\xb7f\x94\xf7\x8b\
y\xc2I'[\xbd+\x88$K\x8f\x8a\xfd\xb9\xffI\
\xccrg#&p\xbcs\x9d!\xfb\xb9\xd8s@\xf4\
Lv\x5c\xf6\xcczKk\xec\xcf\xf6-\x9b\xeb\xbe\xcf\
H]J\x08\xd2\xb9&\xbbH\xd3\xe81\x19Kj\xb5\
\x83+cs\x18e\xe3\x19\xfb\x1bL\xf8\xb8\x84m#\
\x8ei\x1c#!/-\xaa\x22\xa3A\x08>gxE\
\xd2\xad\x03-u)!\x88\x8a\xdb:@\xeb\x1c3\xa1\
\xf2\x00\x90\x140\xf5*\xac[\xd9<@\xba\x84\xfd\xbf\
uL\xe3\x1d\x12\xf2\xd2\xa2\xba\x95[\x0b\xb0l\xe5\xcc\
e\x8eiH\xb7\x15WD\x10\x05_\xb0\x98W:\xe9\
\xa4\xdc.\xbcth\xea[A\x97\x95\xfb\x00\x81\xdd|\
,\x89\x8b~\xe6\x98\x09\xb9\x8f-\x12\xb3\xbb\xa2z&\
{#\x88n\x97S\xa3\xe6K\x96\x12\x82\xc4-{#\
C\xee\x8c\xb4\x00>4l\x1a\xfeT\x11\x91C\xban\
\xa4U\xb4\xb5c\xe0\xeb\x05\xd3\xf8t-\x9d\xee\xb4\xec\
%\x1a\xf0\x7fel `S\xde4\x96\xc8\xe8pe\
\x95\x10D\xb7r\xbb\x00v\xeb8y\xbe(&\xde\x99\
_\xde\xbd\xcb\xb3\x82&\x17\x9ci\xe5\xde%\xc0*r\
\xc0\x94<\x9a\xc8\x84#\xbev\xf0$.j\xbf\x96\xd1\
\x01\xd0\xa0c&T\x94\x15\x923\xa3tK\xb4l\x96\
\xd5\xe2\xecK\xc4\xd0KBVO\xb3\xca\xab\xb8{\xb8\
\xd8\x09-v\xdap\xcf\x5c\xf9\x8cl\x99@\xf4\xb2\xa6\
\xcf\xca\x15eT\xb8\xb2\x8eiH\xdf\x00\xa4\x15$\xee\
\xb1\xdb\x1d\xc9\x1c&\x06\x86\x0a\xa6\x91\x90\x05\xa4Y\xe5\
\xe3\x03\xf6\x87X@\xba\xba 3\xfePH\x1b\xa1\xe8\
\x9a\xd5e\xd99\x82\x5c\x7fy}\x02\x1d\xb9\xeb\x8cQ\
\x99u!M\x90\xae\xb5C\xc7SQ\xb8\x9b\x84\x12W\
\xf0\x85\xcb$\x8c\x0d\x95h\x09\x7f!v\x83!\xf3\xe5\
\xaa\xe4\x13\x01\x1b\xf3\xa6\xf1\xa108\xa8\xa2p\x1f\xc7\
\xb4\xce\xc2\xf2y/\xca\xf8#M\x90\xd9\xfd\xb9Y\xe3\
\xcc\xb2\x1b2\xf7;\xa6\x11h}X\x19\xd0\xc2$\x1b\
\xb7\xec\x1cK\xfe\xa5\xfd\xa3?\xb5j\x88z\x18@u\
\xcbv\x8f\x0fK\xd5En%\x9a\xbd7\x95\xd8'\x13\
/i\x82t\xad\x1d\xfas*\x8a\xdf\xc8\x18\xc1\x0c\xab\
\x906\xd22:\x9aQV\xc5\x86\xdaA\xb8\xbd\x5c\x04\
\x9f\x16t\xc1\x86#\xc5\xad+cg\x88`\xca\xc4\x95\
c\xda;\x0a\xcb\xe7\xfdVF\x874A\xde20d\
\x14\x85\xc8\xca\x18\x01\xa6/:\xe9\xc4\xff\x92\xd2\xd1D\
\xc2o\xc9\xe4\x12\x13\xc4\xeb\x15\x9c\x9f\x7f\xfd\xe6\x01d\
\x0a\xa6\xb1\x22,0\xea\x99\xdc?\x82X\xaa\xe5sL\
\xd3\x92\x7f\xe8\x99g\xcb\xf8$M\x10\x15i\xe2`\xfe\
['\x9d\xfc\x8a\x8c#\xcd \xeb\xf6I|\xf5\x98\xd1\
k\x89\xf9:\x00J\x8f\xc5\x92\xe03\xf2+\x92\xca*\
J\xca\xc6C\xcfd?\x07\xa2\xbbe\xf4pQ;\xb5\
p\xed\xbcgdtH\x13d\xe6\xc0\xd0\xe9B\x88\x9f\
\xc9\x18\x11\x86s\x142\xf6\xfb-\xfb\xe6{\xec\xb7\xb4\
\xb7\xd2\x95\xccX\x06\xb0\xf2\xe2h`\xfc\xbb\x936\xa4\
\x9e\xf7Uc\xd0e\xd9\x9f \xc9\xba\xbd*\xea\x03H\
\x13DE\xdfp\x06}\xb0`&~\xa0\x1a\xe4z\xd4\
\xe7\xde%^;\xe6\x80.\x98\xe3\x5c\x8c\xe9Z\xac\xf4\
\x1c\xee\xf6\xbf\xf0\xed\x9c8C\xbb\xa4`\xce\xdb\x1c&\
\xbcT\xa4\xcd\xa8\xe8\x0b\x1f\x11$\x04\xab\xa2t\x06B\
\x13\xe7\x82\xb4\xcb\x01\xb9\xb2C\x1e\xdc\xb9\xdb1\x0d\xa9\
3\xec\x1e\xe6,+\xd20\x04\x89\x1e\xb1\xca\xc6\xfa\x88\
\x03\xe2k\x06/cM[\xa5\xac\x7f|\xf5\xa6\xfcR\
\x8c\xb6,\x1e\xbe\xfeD\xc9}\xac\xea'.'\xd18\
\x8fX\x0a\xcer7\xe3Kz\x97e\x7f\x8d\x80O\x95\
[(~\xfe\xde\xef\xfe~2\xb67\xccKz\xf4\x99\
\xb7\xfae\xa0[\xf6\x15\x00\xdcv\xc8\xb5\xbcB\xf9h\
5\x0dH\xe3|\xe6\x8d6\x0a\xabZ\xe4\x9dw=\xdf\
\xa9\xb5O\x14\xaa\x12R<\x98\x81\x8d\x85\x90\xa4\x94\x1c\
\xc9\xb5\x86\xd9(\x8cRM\xaa[\xbd\xbae\xbb\x95\xd3\
\x95V \xaf\xca\x02\xa2\x87\x9dTBus\xd2\xaaL\
\xa8dp#\xa5\x9aD\xc9\x8a\x95D|j\x8cne\
w\x01$uv\xa6\x8a\xe9\xde8\xb4&\x0dr\xbc\xd8\
\xdb0\xc9\x8aQ\xba{\xe5\xe1w\xf78\x0et\x8c\x1c\
\xa8\x5cB\xe1H\xc2v'e\x9c\xa3P\xa3\xaf\xaa\x1a\
&\xdd\xddE):0U\xd9Z\xe9\xb2v\x9dJ\x88\
\x05~\x18\xa9\x96-\x19*C\xe6\x0d\xa3\x1a\xe9\xc0\xd4\
$A\xa2#\xb7\x95,\x04EE\xd1*\x99\xea\xf51\
\x84+\x9d\x94Q\xeb/fU\xd9\xdcpGn\xa3\xa2\
\x0d\x95\xc5?`\x82\xec\xd6\x98\xae\xde\x9fNH\xd5\xe9\
\xad\xcc3\xb5\xa3\x1a\xb0hCT\xf6\xa7\x92%\x12\x18\
A\x18\xff\xc4\x1a\xddUH%\xfe\xa3\x12\xbb\xc26\xa6\
\xe1\xca\xfeD\x85\xe3*[b\xfe\x13\x84\xbe\xc5(Z\
\x05\xb3\xfb\xf1\xca,\x0a\xe7\xa8\x86+\x1c\x17\x95\x1e\xad\
l\xa1\xf9E\x10\xb7\x06\x143YN:!\xdd\xe3\xaf\
2O\xfc\x1d\xa5\xe2\xa4d\xa8J\x8f*)^\x0d\x8c\
;\xa6\xd1\xe6/\xf4\xb5\xd5\xae\x98 ?%\xe6\x8d\x10\
\xfc\x9d\xfc\xb5\x8dUOL\xb7\xec1\x00R\x85\xccC\
U\xbcz\xeaS\xaft\xfb\x03\x08\x9c\xe5\xac\xa8A\xfb\
\xb5\x80x\xa3\x82 \x0cN\x1d\x7fL\xebW\xff\xf3\xb3\
'\xca\xb5\x8b\x0b\xc8\xe7j\xa7\xd1\xd7\xd8gB\x93n\
\xc3\x16\xae\xf6\x07S\x04Q\xd1@\xe7\x06'\x15l\x13\
\xfbj\x03(3^\x05A\x1a\xbd\x87\x8a\xdeo_\x0f\
\xc6\x9d28\x03\x08_\x03\x9d\xb8e\xdf\xca\x80{\xb6\
A\xe2\xe2\xef8f\xd2=4\xd4\x90WD\x90\xf2a\
\xd5\xad\xec\xb7\x01\xfa\xeb\xf2#\x8f<\x82\x80\xdb\xf2\xa6\
q\x93\x8c\x8eiY\xe9\x13\x85\xd3\x8aT\xbc\xa8\x83\xe8\
\xf7N*\xf16\x15\x8e\x85QGD\x90\xf2Q\xd1\xfb\
s\xbf\x03\xf3[\xcb\x8f<\xf2\x08U/\xe8\xee\x0c\xca\
\x082\xf9\x98\x95}\x19 \xb9\x16\xbc\x0d\xfc\x1e\x12\x11\
\xe4\xe8\xcb^\xcd\xfb\x07\xbf\xe2\x98\xc9ce\x08v\xb0\
\xacZ\x82d\xec\xfbA\xf8\x1b\x19\xe3\x98\xf8\x96B*\
\xf9\xf72:\xc2*\x1b\x11\xe4\xe8\x91\xe9\xea\xcf~\x89\
\x98\xfeN*~\x8a+\xb4\xa8%\x88\x95\xbb\x06\xe0\xb5\
\x92\x0e>\xe3\xa4\x0d\xf5\xa5m\xa4\x8cR#\x1c\x11\xa4\
\xcc\x1d$c\xff\x0a\x84S\xe4\xd0\xa6\xe5\x8e\x99X'\
\xa7\xe3ui\xa5\x04\x89g\xb2\xefd\xa2\xe7\xa4\x8d#\
\x5c\xe4\xa4\x8c\x1fJ\xeb\x09\x99\x82\x88 G\x0e\x88\xde\
o_\x08\x86\xf4F'1\x9f\x9cO'%{\x8b\xf8\
D\x90\xc9\xf7\x10\xdbm\xe2\xf2.\x99\xb5I\x04+\x9f\
j\xbcZ\xbd\x11A\x8e\xbc*\xe2\xfdv\x86Y\xae\x16\
/\x80\x9f;\xa6q\xba\xcc\xda{\xa3\xac\xd2;\xc8\x14\
A\xe4\x8f\x942\xf6\xb4\x1e8p\xd2\xde\x95\x0b^U\
\xe9l\xaduE\x049|\x04f\xdf\xbe\xf3M\xe33\
f\xec\x02a\x8ed\x8c\x94\x17\xa2PO\x90\x8c}\x01\
\x08\xd2\x8fG\xcc\xfc\xb1B:\xf9MI\xc0\x22\xf1:\
@\xa0+\x93\xbd\x8a\x88\xfeM\xdaT\xc6\x85N\xda\xd8\
*\xad\xe7 \x05\xca\x09R\xba\x8b\xa8y\xd9\xda\xec\x98\
\x89KT:\x1b\xe9\x0a'\x02\xba\x95{\x10\xe0\x8b\xa5\
\xacc\xf8\xf2q\xc7\x17\x82tY\xf6-\x04\xac\x96r\
\xd8\x15f\x5c\xe1\xa4\x8doK\xeb\x89\x14\x84\x16\x01=\
c_\x0e\xc2\x03\xb2\x062\xd0W0\x0d\xb9O\xc4\x87\
1\xc2\x17\x82\xe8\x96}\x06\x80\xa7d\x9d\x06\xf0\x88c\
\x1a\xefW\xa0'R\x11R\x04t\xcb~\x18\xc0\xfb\x14\
\x98w\xa6c\x1a?V\xa0\xe7\x10\x15\xbe\x10d\xeae\
\xfd\x09\x00\x0be\x0d&\xe0\x93y\xd3\xf8\x86\xac\x9eH\
>|\x08\xc4-\xfb\x13,\xd9\xe2`\xca\xab\x1d\x8ei\
\x9c\xed\x87\x87\xbe\x11\xa4\xcb\xb2W\x11p\xab\xb4\xd1\x8c\
\xa7\x9c\xb4q\x96\xb4\x9eHA\xe8\x10\xd03\xf6\x93 \
\x9c)k\x18\x037\x15L\xe36Y=\x87\x93\xf7\x8d\
 \xfa\x80}2\x04\x9eUb4\xd35N:\xb1^\
\x89\xaeHI(\x10\xd03\xb9e V\xb3\xe3\xada\
\xbe\xd3c\xc8oP\x07\xf5\x0e2=O\xdc\xb271\
 \xff%\x8ay\xd7D\xfb\xf8\xc2\x97\xae\x9e\xef\x84\x22\
\xba\x91\x11R\x08\x1cw\xdf\xb3z\xcbh\xeb\x0e\x10\x9d\
$\xa5h2\xdb\xf6\xc1\xbci\xb8\x0d\x86|\xb9|\xbb\
\x83\xb8\xd6\xc6\xad\xc1\x0f3\xb4\xef\xa9\xb0\x9c\x81/\x17\
LC\xfe\xcb\x98\x0ac<\xeap7\x0a)\x86/x\
\x14/\x89q\x117\x0f_k\xfcHFG\xade\xbb\
,\xbb\x8f\x80\xcf\xab\xb0\xc3\xef\x16\x0e\xbe\x12\xc4\x05@\
\xcf\xd8[A8_\x1a\x0c\xe6\x09\xd2xa>\xd5\xfd\
Si]5R\x10\xed\xa4\x03\xf1\xfe\xc1w\xb3 \xf7\
\xee\xd1\x22\x1d\x06\xc66'm\x5c \xad\xe7(\x0a\x02\
 H\xeeJ\x10\xbbM\xe1U\x5c\x0f8\xa6!\x95N\
\xaf\xc2\x08\xaf:\x22\x82\x94r\xf5\xdc*\x8fn\x7f\x14\
\xf9\x8b\xe9\xa3N:q\xbf\xbc\xa2#k\xf0\x9d \xa5\
\xbbH\xbf\xfd\x18\x18\x8bT8\xc2\x9a\xf6\xb1B\xcf\xbc\
\xbaLAiv\x82t\x0d\x0c]EB\xc8\xa7\x94\xb8\
\x0b)\xa0b\xdc\x81\x10$\x9e\xc9}\x8a\x89\xbf\xa6\x82\
 \x00v\x8e\xc7\xc4y//\xef\xde\xafH_`j\
\x9a\x99 \xc7\xae\x1d\x9c\xd9Z\xd4\x1e\x02\xb0@\x05\xe0\
\xc4\xf4\xe9|:\xf1u\x15\xba\x8e\xa6#\x10\x82\x94\xee\
\x22\x96\xed\xeer\xbeG\x89CD\xeb\x9dT\xe2\x1a%\
\xba\x02T\xd2\xcc\x04\xd1\xfbs\xeb\xc0\xbcL\x11\xdc\x81\
\xf59\x09\x8e *\xbf{\xbb(\xb3\xb8\xc6Iw\xd7\
\xd5\xdeH\xb3\x12D\xcf\x0c.\x03ij\xf6<J\xb1\
\x0fn_,0\x82L\xbe\x8b\xe46\x83\xf9\x83\x8a\xfe\
\x8a\xec\x17\x9a8o\xb8\xa7;\xf0~\x1b^\xedoF\
\x82t\x0e\x0c.\xd0D\xe9\xd1j\xa6W\xdc\x0e\x91#\
\xda\xe2\xa4\x12r\x99\xbfU\x18\x12(A\xba\xfas\x0b\
\x89y;\x00\xad\x0a\x1b\x8f\xf2\x89!X\xb0dmn\
F\x82(\xfe\xa3(\x98hQ!\x95\xd8!\x1b\x8bJ\
\xe5\x03%\xc8\xe4\xbbH\xee\x8b\x00\xab\xabZ\xc2\xe2f\
'\xdd\xdd[\xa9\xc3\xb5\x1c\xd7l\x04\xd13\x83\xbd \
Mjc\xf4\xd0x\xd1\x97\x1c3\xf1\x0fA\xc60p\
\x82\x94\xfa\xf4\xb5\x8fl\x07A\xdd\xd9\xe1:!I3\
\x11D99\x18O\xcf\x18\xedX\xb4\xe7\x86\x13^k\
h\x82\xb8\xce\xc5\xfb\x07/c\xd6\xbe\xab\xd4\xd1: \
I\xb3\x10D99\xdcm\x0f\x12\x1f\xc9\xa7\xba\x95\xa4\
-U\xb3\xee\x02\xbf\x83L\x1b\xa7[\xd9\xb5\x00\xa9\xfd\
T\x1br\x924\x03A\xfc \x07\xc0\xeb\x1c3\xb9\xbc\
\x9a\x85\xadjl\xcd\x08\xd2\xb9\xe6\xb9whZ\xeb#\
\x00\xe6\xaar\xa6\xa4'\xc4$it\x82\xf8C\x0e\xec\
\x16b\xfc}\xc3+N\xfe\x8d\xd2uR\xa1\xb2\x9a\x11\
\xa4\xf4\xc2>`_\x0e!\x7f\x1e\xf9O|%\xf4:\
)\xe3\xe6\x0a1\x08lX#\x13D\xef\xb7\xbf\x00\x86\
\xfa\x8f%\x1a\xaepzjW\x97\xa0\xa6\x04)\xbd\x8f\
d\xec/3AI\xa9\xfaC\xbf\x97\x87\x8f$\x8dJ\
\x10\xbf\xc8A\x8c[\xf3iCIZ\xbc\xd7\xbf\x825\
'\xc8\xe4\xa7_\xdb\xad\xa3\xa5>m9dw\x92F\
$\x88_\xe4\x00\xb0\xd51\x8d\x0b\xbd.lUr\xa1\
 H\xe7\xba\xe7O\xd3&&\xb6)\xdbm=\x18\x9d\
\x10\xbf\x93\xa8\x0ab\xad\xf4\xf8\xf4\xce\xe1\xba\xb3_\xb4\
\xb4\x9c?|\xcd\x89\xbf\xac\x95o\xd3\xf3\x86\x82 \xa5\
\xbbH\xc6^\x0a\xc2}\xbe\x00\x12\x91D9\xac>\x92\
\xc3\xad\x87v\xb5\x9366(7\xda\x83\xc2\xd0\x10d\
r\x7fDI\x01\xe3\xc3\xc3@\xb4EPqu=\xe5\
ny\x88\xa7\xef\x22\xa5\xdc*\x8e\xf5)\xcc\xa9;\xf4\
\xd51d\x85\xcbCE\x10\xf4>\xdb\xa6\xcfj\xdf\x0c\
\xf0y>Ez?X\xac\xae\xb7,`\x9f\xb0\xa8Z\
\xedTVn\x9f/\x8f\xc2%k\xe8!g\xdf\xe8\xc5\
\xe8\x9d\xef\xb6\x81\x0e\xc5\x15.\x82\xb8\x8fZ\xf7\xd8s\
\xd0B\x0f\x03\x9c\xf4\x0d!\xa2\xf5\xe3Zqu=\x1e\
\xba\xf2\x0d\x93\xa3(.\x1dv\x12\xa5\xbb\x86\xaa\xf3\x1c\
\x87\x99\x8d\xb2\x98\xe0\xf7;\xd7\x19{j\xe1\xe3\x91\xe6\
\x0c\x1dA\x5cCg\xae\xb1\xffR\xc4h\x07\x98;|\
\x04k'k\xdam\xf5z|\xd7G\x5c\x0eQ=u\
L\xd6\xed^\xac\xe4$\xe0a\xed&\x1a\xd1\x8a\xbcp\
\xff\x0a\xe3\x17A\xf9U\xe9<\xa1$\xc8\xe4K{\xee\
\x22\x10\xff\xa0RG$\xc6=@$\xee\xa8\xe7j)\
\x12\xbe\x1fQ\xb4T}\x84\xb5\x1b\x95\x15X8\x9a\x91\
L\x1fp\xd2\x09\xe9\xeeR~\xe0\x10Z\x82\xb8\xce*\
>\xcb~d\xfc\x98'\x98\xe8\xf6b\xdb\xd8\x1d\xcd^\
\x9c\xce-\xea\x16\x1bk\xbb\x91\x98W*)\xcdSf\
\xd5\x06u\xb6\xdc+yBM\x90\xa9;\xc9\x8d \xbe\
\xdd\xab\x83U\xc91\xef\x02\xb4;\x9b\xb5\xcci\xa9\x1c\
(\xc4\x0d**\x1eV\x84;\xd3J'\x9d\xb8\xa3\xa2\
\xb15\x1a\x14z\x82\xb8\xb8tYC=\x04\xd1\x1f\x18\
F\x8c\xa7J}\x12\x9b\xa4\xaa|\xa9\xca\xba\xdb\x1fP\
A!\xe9Jc\xc4\xd0R\x05s\xde@\xa5\xe3k5\
\xae.\x08\xe2\x82\xd3\xb9&\xbbH\xd3\xe8\xb1\x80\x81z\
\x04\x8c\xfeFm\xe23\xd5\xbc&\xa5\xa8?G\xc5\xa1\
\x11\x82\xcf\x19^\x91t\x8f^\x87\xfe\xaa\x1b\x82\x94H\
2\xb0{\x81&\x8an\xdf\x917\x07\x8b,mf\x16\
\xff\xdav\xe0\xb5\x8d\xf5\xdeX\xd4m\x9896\xe3\x98\
%D\xda\xc7\xa5\xdb\x9eU\x1f\x84W\x84\x16;{\xb8\
gn\xdd\x14\xda\xa8+\x82\xb8\xf18\xfe\xde]'\xc6\
b1\xb7\xa1N\xf0=C\x18{H\xc3F\x066\xd6\
[\x1fw\xb7\x0f9\x01KX`\x89\x82n\xb2\xd5S\
\x03x\xb2X,~\xe2\xc5kOz\xde\x8bp\xadd\
\xea\x8e .P\xc7\xdd\xf7\x82\xde:6\xf2U\x06|\
+{_6 \x8cgX\xe3\x8dD\xb4\xd9\xe91T\
\xb4\x9b+;e\xb5\x03\xf4\x01\xfbLf\xbe\x98\x04\xb9\
\xa48\xa5ZyU\xe3\x09\xd84\xde\xd6\xf1\x99\x97\xae\
>\xa1\xee\xdaW\xd4%AJ\x81\xeb}\xb4%>{\
\xceW\x144\x9fW\xb1\x0e\xf6\x01\xf43\x10\xffLL\
\xe0\xb1Z\xb5'(\xa5\xd3k\xe2\x5cP\xect\x80\xff\
\x0a\xc0,\x15\xce\xc9\xe8(}\xec\xd8\xbb\xe7s\xe8]\
<!\xa3\xa7V\xb2\xf5K\x90)\xc4\xa6\xb2\x80\xddV\
oj\x0a\x93\xa9\x88\xc4\xe4\xbe\xca\x13\x04\xca\x82\x85-\
\x88\xb2\xb1\x98\xc8\xe6\x7f\x9f\xcc\xa2\x97\x84\xd4\x14\xbd\xac\
\xc5\xdf\x9aM\x16\x8bZRcN\x824\x83\xc1Ib\
>;\x88}\x8b*l\xdf\x0f\xc6Ma\xc9\xca\xad\xc2\
\xeeC\x86\xd6=AJ/\xef\x93\xe7I\xdc\x1eu\xea\
\x0f]yE\xf6\x08r\x0c\x0c\x11\xf8y\x80\xf2\xcc\xc8\
\x13(\x0f\x88<\x93\xfb_\xf7\x9f{q\x9c\x98\xe3\x80\
\x16g\xf7gB\xdc\xfd\x7f\x0c:\x91\x80y\x8aM\xf2\
C\xddV\xd1\xd2\xb2*\x0c\xe79d\x9dk\x08\x82L\
\x83\xe0\xdb\xf1]Y\x94\x9bH>\x0c\xc7dU\xc2\xdd\
P\x04q\x81\x99*\x04\xe1\xdeM\xd4VKQ\x89z\
c\xea\xda\x0d\x0d\xabjY`\xc1\x0fX\x1b\x8e \xa5\
G\xaeRI\xa1\x96\xd5\xca\xebn\xf9\x11\x81\x86\xd0\xc9\
\xeb\x84\x98\xe8\xabUi\x1e?!lH\x82\xfc\xf1\x91\
\xcb\xad\xe0(\xb4\xd5J\xcb\x9c\xfa\x19\x8dz\xd3\xcdx\
\x9a4\xd1W\x8b\x8a\x87AA\xd5\xd0\x04qA,\xd5\
\x02\xee\x18]\x0d\xb0\xdb!WMU\xf9\xa0\xa2\x13\xde\
y\x04@}3F\xda\xfb\x82\xae\x95\x1b4$\x0dO\
\x90i@K\xad\x17\x80\xd5~\x9d\xa5\x0e:p5\x9b\
\x8fh\x0b\x03}A\xb6 \xa8\x99\xaf\x93}\xd8\x9b\xeb\
*\xa5t\x13/U\xd6\x0e\xaey\xe0\xfb\x09\x9864\
\xdbQ\x80\xa6#\xc8\xeb\x9f\x84s\x9fb\x8d\x97\xaa\xea\
\xbe\xdb\xb0<!l'A\x1b\x82h\x98\x19F\x0c\x9b\
\x96 \xd3\xc1\xd03\xb9+\x01vkr\x9d\x1f\xc6\x00\
\xd5\xcc&\xc66\xa0t\xc7\xf0\xb5\x0fy\xcd\xfc\xabp\
\xe2\xa6'\xc8\x1f\xef(\xd6\xe0\x87\x01m)\x03\x97T\
\x88]C\x0e#\xe0A@l\xc8\x9b\xdd\xdfoH\x07\
\xabt*\x22\xc8\x1b\x00\xd3\x07\xec\x93Y\xe0R\x9a\xcc\
\x14^X%\x9e\xf5:|\x07\x03\x9bH\xc3&\xa7\xc7\
x\xae^\x9d\xf0\xc3\xee\x88 GAU\xb7\xec3\xdc\
\x94zb\x5cZ\xcbtq?\x02\x0f7]\x9f\xb0\xc9\
MEwL\xc3\xeda\x1f]\x87A \x22H\x85\xcb\
B\xcf\xd8\x17@s[X\xd3\xb9`\x1fkDUh\
\x8f\xa7a\x84\x9d\x00\xff\x08\x82\xb68ic\xab'\x1d\
M&\x14\x11\xc4C\xc0\xbb\xac\xdd\xa7\x12\x89\xf3\xc1b\
q\x890\xc0\x9b<\xa8\x09B\xe4\xd5\x12!H{\x94\
Y\xdbV0\xe7\xfe*\x88I\x1bi\x8e\x88 \x0a\xa2\
Y\xba\xbb\x10\x9f\x0f\xd0\x22\x00\xdd\xee\xc9`\x05j\xbd\
\xa8x\x11\xc0 \xc0\xdb\xc1\xb4-\xbaKx\x81\xf0P\
\x99\x88 \xf2\x18\xfe\x89\x86Y\xebw\xcf\x1e\x1b\x9d\xe8\
\xd64J\x02\xdcM\xa0n\xc6\xe4\xcfj\xa6\xa3A\x02\
g\x19<\x08\xd0\xfb\x16#:\x00\x00\x00\xefIDA\
T\xa0\x10\x9cmko\x19\xdc\xb7l\xee^5\xfa#\
-\xd3\x08D\x04\x09x-$\xee\xb1\xdb\xf3\xedZG\
\x9b\xe0\xf61\x8d:Z\x18\xed\x13\xe3\xe8\x88\xb5\xa2\xbd\
XD\xa9\x16q,\x86\x91\xe28F[Z12A\
\x18m\x13<2\xa6\xd1h|T\x8c\xe4\xae3F\x03\
6\xb9\xa9\xa7\x8b\x08\xd2\xd4\xe1\x8f\x9c/\x87@D\x90\
r\x08E\xbfoj\x04\x22\x824u\xf8#\xe7\xcb!\
\x10\x11\xa4\x1cB\xd1\xef\x9b\x1a\x81\x88 M\x1d\xfe\xc8\
\xf9r\x08D\x04)\x87P\xf4\xfb\xa6F \x22HS\
\x87?r\xbe\x1c\x02\x11A\xca!\x14\xfd\xbe\xa9\x11\x88\
\x08\xd2\xd4\xe1\x8f\x9c/\x87@D\x90r\x08E\xbfo\
j\x04\x22\x824u\xf8#\xe7\xcb!\x10\x11\xa4\x1cB\
\xd1\xef\x9b\x1a\x81\x88 M\x1d\xfe\xc8\xf9r\x08D\x04\
)\x87P\xf4\xfb\xa6F \x22HS\x87?r\xbe\x1c\
\x02\x11A\xca!\x14\xfd\xbe\xa9\x11\xf8\xff\xd2\xf8\xac}\
\xc1t\xc3\x9a\x00\x00\x00\x00IEND\xaeB`\x82\
\
\x00\x00\x11 \
\x89\
PNG\x0d\x0a\x1a\x0a\x00\x00\x00\x0dIHDR\x00\
\x00\x00\xc8\x00\x00\x00\xc8\x08\x06\x00\x00\x00\xadX\xae\x9e\
\x00\x00\x10\xe7IDATx^\xed\x9d\x7f\xac\x5ce\
\x99\xc7\xbf\xcf\x996\xbbK\xa2r\xcf4Ve\x83\xa5\
3gnY\x1a7\xc0\x12\x96lv\x03\x8a\x12\xe3\x1f\
\xdal\xceEV\xcdn\x89l\xef\x9ci]\xdd\x98E\
\xc9&\xb2\xd9\xb846Q\xc1\xce\x99V\x16%\xe8\x8a\
5Z\x0cV#\x18@\xd7\xc5\x85\xe5\x87\x80a\xe9\xbd\
gZ\x10Qi{\xe7\xccE\xda@\xed\xbd\xe71s\
\x0b\xa6\x96\xdb\xde\xb9g\xde\xf3\x9e\xf7\xbc\xe7i\xc2_\
}\xdf\xe7\xc7\xe7y?\xcc\xf4\xde\xf3\x83 \x7f\x84\x80\
\x108%\x01\x126B@\x08\x9c\x9a\x80\x08\x22\xa7C\
\x08\x9c\x86\x80\x08\x22\xc7C\x08\x88 r\x06\x84@:\
\x02\xf2\x09\x92\x8e\x9b\xec*\x09\x01\x11\xa4$\x83\x966\
\xd3\x11\x10A\xd2q\x93]%! \x82\x94d\xd0\xd2\
f:\x02\x22H:n\xb2\xab$\x04D\x90\x92\x0cZ\
\xdaLG@\x04I\xc7Mv\x95\x84\x80\x08R\x92A\
K\x9b\xe9\x08\x88 \xe9\xb8\xc9\xae\x92\x10\x10AJ2\
hi3\x1d\x01\x11$\x1d7\xd9U\x12\x02\x22HI\
\x06-m\xa6# \x82\xa4\xe3&\xbbJB@\x04)\
\xc9\xa0\xa5\xcdt\x04D\x90t\xdcdWI\x08\x88 \
%\x19\xb4\xb4\x99\x8e\x80\x08\x92\x8e\x9b\xec*\x09\x81B\
\x092\x16v\xdfM\xc4\xef\x04\xe3l\x80\xce\x06\xe1l\
0\xaf.\xc9\xacLh\xf3%\x80\x22\x00]\x10\xff\x9c\
@{z\xcd\xfa\xbd&\x14\x96U\x0d\xc6\x0bR\xdd\xf9\
\xf4:\xcc\xcfmH\x80\xab\x09\xa8g\x05B\xe2\xa6#\
\xc0\xc0\x0d\xfd\xc0\xbb.\xddn\xf3w\x19-\x88\x1bN\
\xff;@\xffj>\xc6\xd2Wxw\x1cxW\xd8H\
\xc1HA\xde\xb2\xf3Wg\xbc<\x7fd\xf0\xd1}\xb1\
\x8d\xd0\xed\xec\x896\xc5A\xfd\x8b\xb6\xf5f\x9c \xd5\
\x9dO_\xcc\xf3s\x0f\xd8\x06\xba\x0c\xfd\x90\xe3\x5c\xde\
\x9b\xac\xddcS\xafF\x09R\xedL\x9d\xc5\xec<g\
\x13\xe0r\xf5B\xd3\xaf\xff\x93\xca\x9f?\xb3\xf1\x9c\x97\
m\xe9\xdb\x18AV\xddr\xe8u\xc9\xd1\xd9\x9f\x00X\
o\x0b\xdc2\xf6A\xf3\xc9\xb9\xbd-\xe3{m\xe9\xdd\
\x18A\xdcNw7\x987\xd8\x02\xb6\xb4}0\xbd;\
n\xd5\xbfoK\xffF\x08\xe2\xb6\xbb\x1f\x07\xf16[\
\xa0\x96\xb9\x0f\x067\xfbAc\x87-\x0cr\x17\xe4\x0d\
7E\xb5J\x05\xf7\x83 \xbf\xf0\xb3\xe0T1\xd1\xb5\
\xfdf\xfd3\x16\xb4\xb2\xd0B\xee\x82T\xc3\xe9\x0e\x83\
&m\x01Z\xf6>\xc8q\xfe\xb67Y\xdbm\x0b\x87\
\x5c\x05q\xdb\xd1\xbb@\xb8\xcb\x16\x98\xd2\x07\xe08\xce\
E3\x93\xb5\x87ma\x91\xb7 \xbb@\x98\xb0\x05\xa6\
\xf4\x01\xac$Z}\xa0Y?h\x0b\x8b\xdc\x04Y\x15\
\xee\x1dOPy\x12@\xc5\x16\x98\xa5\xef\x83\xe8\xd6\xb8\
Y\xdfh\x13\x87\xdc\x04\xa9\x86S\xd71\x9cO\xdb\x04\
\xb3\xdc\xbd\xd03qP?\xc76\x06\xb9\x092\xd6\x8e\
\x1e!\xc2\x05\xb6\x01-k?\xf3s\xa8\xbf\xf0\x11o\
\x9fm\xfd\xe7\x22\x88\xdb\x89\xae\x00\xc3\x9a_&\xd9v\
(\x96\xd3\x0f\x03\xfb\x88\xe9\xb2\xb8U\xff\xc5r\xf6\x15\
em>\x82\xb4\xa7\xae\x079\x9f*\x0a$\xa9\xf3\x14\
\x04\x88n\x8c\x9b\xf5\x8f\xda\xcc'\x1fA\xc2h\xf0\xe9\
\xa1\xec\xfe\x01\x06~h\xf3\x90L\xe9\xcd\x01\x0e3\xe8\
10?^\x01=v\xa8U\xef\x9aR[Vu\xe4\
%\xc8\x0b\x00^\xaf\xa8\xa9'\xe3\xc0\x93\x0b\x1c\x15\xc1\
\x940\x7fH@\xbb \xd5\xed\xd3\x17\xb3C\xca\xee\xf7\
`\xf0\x07\xfaA\xe3k2X!\x90\x05\x01\xed\x82\xb8\
\xed\xe8c |VI3\x8c\x87\xe3\x96w\x91\x92X\
\x12D\x08,B@\xbb \xd50\xda\xca\xc0\xb5j\xa6\
\xc1\xdb\xe2\xa0\xf1/jbI\x14!\xf0Z\x02\xda\x05\
\x19kG_ \xc2f\x15\xc3H\xe6q\xd9\xec\x16O\
\xfe\x81\xae\x02\xa6\xc4X\x94\x80vA\xdc0\xfa\x12\x00\
%\x97#\xc4\x81\xa7\xbd~9G\xe5\x22\xa0\xfd\x80\xb9\
\xedH\xd9\x05\x8a\x22H\xb9\x0ek\x1e\xdd\xea\x17$\xec\
\xee\x01\xf8=*\x9a\x15ATP\x94\x18\xa7#\xa0]\
\x90\xb10\xba\x8f\x80KU\x8cE\x04QAQb\x88\
 r\x06\x84@J\x02\xf2\x09\x92\x12\x9cl+\x07\x01\
\x11\xa4\x1cs\x96.S\x12\x10AR\x82\x93m\xe5 \
 \x82\x94c\xce\xd2eJ\x02\x22HJp6n[\
\xb5}_c\x9ep!!y\x13@\x0fVp\xf4\x89\
C\xad\xf3\x0e\xdb\xd8\xeb\xb0=\x89 \xc3\x92\xb2x\x9d\
\x1bNo\x03\x1c\x1f\xe0\xb7\x9e\xd4\xe61\x00\x0f\x81p\
c\xdc\xf4\xbea1\x82S\xb6&\x82\x94q\xea\xaf\xf4\
<\x16\xee\x7f\x1b\xf1\xdc.\x10\xad[\x0a\x03\x03\xb79\
\xcc[{\xad\xc6SK\xad\xb5\xe9\xefE\x10\x9b\xa6\xb9\
\x8c^R>\x0f\xb9\x07\xa72\x19O\xae\xfd\xe62R\
\x15z\xa9\x08R\xe8\xf1\xa5+~\xc4'Z2\xc8\xf1\
\xe3f\xed[\xe9\xb2\x17k\x97\x08R\xacy\x8d\x5c\xed\
\x1bo\xde\xbfz\xeeX\xf2\x00\xc0kF\x08\x96\x10\xb3\
\xdfk5\xacy\x06\xef\xa9X\x88 #\x9c\x92\x22n\
\xadv\xa2\x1b\x98\xf1\x09\x05\xb5\xcf\x13%~\xaf9~\
\x87\x82X\xc6\x86\x10A\x8c\x1dM6\x85\xb9a\xf7v\
\x80\xdf\xaf(\xfa1B2\xd1\x0b\xc6\xbf\xad(\x9eq\
aD\x10\xe3F\x92mA\xd50z\x94\x81\xf3\x95e\
!\xfc\xd6a\xf83\x81w\xa7\xb2\x98\x06\x05\x12A\x0c\
\x1a\x86\x8eR\xdc\xb0{\x04\xe03T\xe6\x22\xe0h\xc2\
\xf0\xfb-\xef;*\xe3\x9a\x10K\x041a\x0a\x1ak\
p\xc3h\xf0\x16\xe1\xb32H\xf92\x13\xfb\xfdfc\
O\x06\xb1s\x0b)\x82\xe4\x86>\x9f\xc4*oX{\
M\x07\x8c\x97\x16$\x09\x1a\xdf\xcd\xa7;\xf5YE\x10\
\xf5L\x8d\x8e\xe8v\xa2[\xc0\xb8:\xc3\x22\x8fp\x92\
L\xf47\x8f\x7f/\xc3\x1c\xdaB\x8b \xdaP\x9b\x91\
\xc8\xd5\xf3\xe0\xf0\xc3p\xc8\x8f'\x8b\xff:h\x11\xc4\
\x8cs\xab\xb5\x0a\xb7=\xbd\x1bDY\xbf\x93\xfeE\x10\
\xfc\xb8\xe9\x15\xfa\x1d\x94\x22\x88\xd6\xa3iF\xb2\xc1\xab\
\xb7W\xac\xc4]\xcc\xa8e\x5c\xd1o\xc0\xf0\xe3\x96w\
w\xc6y2\x0b/\x82d\x86\xd6\xec\xc0\xd5Nw\x03\
3k\xb8T\x84f\x91$\x13\xf1\xe6\xc6\x0f\xcc&\xb2\
xu\x22H\x11\xa7\xa6\xa8f7\x8c|\x00\x1a\xee\xf3\
\xa0>9\xe4\xf7&k\xf7(*][\x18\x11D\x1b\
j3\x13\xe9\x93\x041\x11\xf9\xbdf\xfd^3I\xc8\
'H\x91\xe6\xa2\xb5V}\x92p\xcfa\xc7\x9fi\xd5\
\xef\xd3\xda\xe0\x08\xc9\xe4\x13d\x04x6m\xd5(\xc9\
\x8cC\xe4\xcf4\x8b\xf1T~\x11\xc4\xa6S>b/\
\xfa$\xc1\xc1\x04\x98\x98\x0d\xbc\x1f\x8dXr\xe6\xdbE\
\x90\xcc\x11\x17+\x816I\x08\x07\x98+~?X\xfb\
c\x93\x09\x89 &O'\xa7\xda\xb4I\x02<\xcf\xec\
\xf8\xfdV\xed\x7frju\xc9\xb4\x22\xc8\x92\x88\xca\xb9\
@\x9f$\xfck&\xc7\xef7\xeb\xf7\x9bHZ\x041\
q*\x86\xd4\xa4O\x12\xfc\x12L\x13q\xab\xfe\x13C\
Z\xff}\x19\x22\x88i\x131\xac\x1em\x92\x10\x9e\xc3\
<&\xe2\xcd\xde\xff\x9a\x84@\x041i\x1a\x86\xd6\xa2\
M\x12\xe0\x17TY\xe1\xf76\x9d\xf3\xa0)(D\x10\
S&ax\x1d\x1a%y\x96\xa8\xe2\xf7\x9ak\xff\xcf\
\x04$\x22\x88\x09S(H\x0d\x1a%\xf99\xb1\xe3\xf7\
Z\xb5\x87\xf2F#\x82\xe4=\x81\x82\xe5\xd7(\xc9\xd3\
\x8e\xe3L\xccL\xd6\x1e\xce\x13\x91\x08\x92'\xfd\x82\xe6\
\xd6(\xc9~\x0741\x13\xd4\x1f\xc9\x0b\x95\x08\x92\x17\
\xf9\x82\xe7\xd5%\x09\x01\xfb\xe6i\xa5?\xdb\x5c\xf3\xd3\
<\x90\x89 yP\xb7$\xa7.I\x18\xe82\xb3?\
\xdbj<\xa6\x1b\x9d\x08\xa2\x9b\xb8e\xf9tI\x02\xd0\
t\xe2\xccO\xccN\x8e?\xae\x13\xa1\x082\x22\xedU\
\xdb\xa3\x0b\x98\x92\xf5\x009#\x86*\xf0v\xba\x88\x09\
A\xf6\x0d\xd0\x14cn\xa2\x1f\xac{\x22\xfb\x5c\xc73\
\x88 )H\xbb\xdb\xa3KP\xc1F0\xaeI\xb1]\
\xb6\x8cB\x801\xcb\xc9\xdc\xdf\xf4\xb7\x9c\xfb\xb3Q\xc2\
\x0c\xbbW\x04\x19\x96\x14\x803;O\xadq\xb8r\x03\
@\xaa\x9e\x8e\xbe\x8c\xec\xb2\xf4\x04\x02\xf3 \xbe2n\
62\x7f\x89\x8f\x082\xe4\xb9\x1b\xebt\xff\x8a\x98\x8d\
\xbd,{\xc86,[F\x9b\xe2\xa0\xfe\xc5,\x9b\x12\
A\x86\xa4\xeb\x86\xdd\xbd\x00\x8f\x0f\xb9\x5c\x96\xe9!\x90\
\xc4\x81W\xc92\x95\x082\x04\xddj\xd8\xdd\xc2\xe0\x9b\
\x86X*K\xf4\x13\x88\xe2\xc0kd\x95V\x04\x19\x82\
\xac\x1bFS\x002\x1b\xc2\x10%\xc8\x92\xd3\x10`\xa6\
k\xfb\xad\xfag\xb2\x80$\x82,A\xb5\xda\xd9\xfbv\
\xe6J\xe1\x1ex\x96\xc5a18\xe6\xbdq\xe0\xbd#\
\x8b\xfaD\x90%\xa8\x8e\x85\xd1\x7f\x10\xf0\xc9,\xe0K\
Le\x04\x9e\x8f\x03\xef\xcd\xca\xa2\x9d\x10H\x04Y\x82\
\xaa\x1bF\x83O\x8f\xb7g\x01_b\xaa!\xc0\xc0\xd1\
~\xe0\xfd\xb1\x9ah\x7f\x18E\x04\x11A\xb28WZ\
c\x8a \xa7\xc0\x1d\x07^\xe6\x82\xcbW,\xadg=\
m2\xf9\x8a\xb5\x189\x1d\x82\xac\xda\xd9\xbd,\x99\xe7\
B=p9\xed)+\xea>Fr_?\x18\xcf\xe4\
kp\xe6\xff\x07>\x19\xba\xca\x97H\xea\x10dP\xbf\
\xdb\x8e\xa6@\xf2c^S\x05\x92\x1f\xf3\xe6\xf8\x15k\
\x90Z~Qh\xaa\x1a\x83\xbah:\x0e\xea\x99]\xe1\
 \x9f C\xce^.5\x19\x12\x94\xdeer\xa9\xc9\
\xe9x\xeb\xfa\x8a5\xa8A.V\xd4{\xf2\x87\xcaV\
\xa1M\xf1&\xb9X\xf1\x94\xact\x0a2(B.w\
\x1f\xea\xd8\xeaX$\x97\xbb\x0fCY\xb7 \xaf\xd6\xe4\
\xee\x88.A\x82\xab\x01|x\x98:e\x8dB\x02r\
\xc3\xd4\xf00\xf3\x12\xe4\xc4\x0a\x8f\xdfrK\xeb\x81\xa4\
\xbc\xb7\xdc\x12\xbd\x83\x81\x0f\x0e?\xb9\xb4+\xe5\x96\xdb\
e\x913A\x90e\x15l\xe1\xe2j\x18\xb5\x18\xd8\x9e\
}k\xf2\xd0\x86e3\x16A\x96\x8dL\xe9\x86\xb1v\
\x14\x10\xa1\xad4\xe8\x22\xc1\xe4\xb1?)\x09\x8b )\
\xc1)\xd86\x16\xee\x9b$$\x1d\x05\xa1N\x1bB\x1e\
\x1c7\x02a\x11d\x04x#l\x1d\xebt7\x11\xf3\
\x8e\x11B\x0c\xbbU\x1e=:,\xa9\xc5\xd6\x89 \xa3\
\xd0K\xb7\xd7\x0d\xbb\xff\x08\xf0\xcet\xbb\x97\xb5K\x1e\
^\xbd,\x5c\x8b,\x16AF%\xb8\xbc\xfdn\xbb{\
\x0d\x883}\x8a\xc8+\x15\xc9\xeb\x0f\x967\x9a\xc5W\
\x8b *(\x0e\x17\xc3\x0d\xa7>\x0c87\x0f\xb7z\
\xa4U\xf2\x02\x1d\x02.\x1d\x09\xe1+\x9bE\x10\x15\x14\
\x97\x8e\xe1v\xa2\xab\xc1\xb8e\xe9\x95#\xaf\x90W\xb0\
\x15\xf1r\xf7\x91\xc7^\xe0\x00n8\xbd\x11\xa0/e\
\xde\x82\xbc\xc4\xf38b\x11$\xf3\xa3\xa6,A\xb5=\
\xfd\x0fL\xf4ee\x01O\x1dH^\x03\xfd*\x1b\x11\
D\xc3qS\x90\xa2\x1aN\xfd=\xc3\xb9UA\xa8%\
B\xf0\xaf\x99\x1c\xbf\xdf\xac\xdf\x9f}\xae\xe5g\x90\xfb\
A\x96\xcf\xcc\xfa\x1d\xd5N\xf4!f\xdc\xa6\xa1\xd1\xe7\
\x99\x1d\xbf\xdf\xaa\x19\xfb\xccc\x11D\xc3)(R\x8a\
j\x18}\x90\x81\xafd^3\xe1\x00s\xc5\xef\x07k\
\x7f\x9cy\xae\x11\x12\x88 #\xc0\xb3m\xebX'\xfa\
\x001\xbe\xaa\xa1\xaf\x83\x0901\x1bx?\xd2\x90k\
\xa4\x14\x22\xc8H\xf8\xec\xd9<\x16N\xff\x1d\x81\xfe+\
\xfb\x8ex\xc6!\xf2g\x9a\xde\x0f\xb3\xcf5z\x06\x11\
dt\x86\x85\x8f0\xd6\x9e\xbe\x8a\x88\xbe\x96}#\xdc\
s\xd8\xf1gZ\xf5\xfb\xb2\xcf\xa5&\x83\x08\xa2\x86c\
a\xa3\xb8\xed\xee\x95 \xfe\xba\x86\x06b\x22\xf2{\xcd\
z\xa1\x9e1&\x82h8\x19\xa6\xa6p;\xd1\x04\x18\
\xbb\xb2\xaf\x8f\xfa\xe4\x90\xdf\x9b\xac\x15\xee)\xf9\x22H\
\xf6\xa7\xc3\xc8\x0c\xd5Nw\x033\xef\xce\xbe8\x9aE\
\x92L\xc4\x9b\x1b?\xc8>\x97\xfa\x0c\x22\x88z\xa6\xc6\
G|\xc3MQm\xc5J\xdc\xc5\x8cZ\xc6\xc5\xfe\x06\
\x0c?nywg\x9c'\xb3\xf0\x22Hfh\xcd\x0d\
\xec\xb6\xa7w\x83hC\xc6\x15\xbe\x08\x82\x1f7\xbd\xbb\
2\xce\x93ix\x11$S\xbc\xe6\x05w\xdbS\xd7\x83\
\x9cOe\x5c\xd9a8\xe4\xc7\x93\xf5\xefg\x9c'\xf3\
\xf0\x22H\xe6\x88\xcdJ\xe0v\xa2[\xc0\x0b\xcf\xf4\xca\
\xea\xcf\x11N\x92\x89\xfe\xe6\xf1\xefe\x95@g\x5c\x11\
D'm\x03r\xa9\xbcX\xf45\xed0^bb\xbf\
\x1f4\xbek@\xabJJ\x10A\x94`,N\x107\
\x8c\x9e\x03pV\x06\x15\xbf\xbc G\xb3\xb1'\x83\xd8\
\xb9\x85\x14ArC\x9fOb7\xec\x1e\x01\xf8\x0c\x95\
\xd9\x098\x9a0\xfc~\xcb\xfb\x8e\xca\xb8&\xc4\x12A\
L\x98\x82\xc6\x1a\xaaa\xf4(\x03\xe7+KI\xf8\xad\
\xc3\xf0g\x02\xefNe1\x0d\x0a$\x82\x184\x0c\x1d\
\xa5\xb8a\xf7v\x80\xdf\xaf(\xd71B2\xd1\x0b\xc6\
\xbf\xad(\x9eqaD\x10\xe3F\x92mA\xd5Nt\
\x033>\xa1 \xcb<Q\xe2\xf7\x9a\xe3w(\x88e\
l\x08\x11\xc4\xd8\xd1dS\xd8\x1bo\xde\xbfz\xeeX\
\xf2\x00\xc0kF\xc8\x90\x10\xb3\xdfk54\x5c\xaa2\
B\x95\x0a\xb6\x8a \x0a \x16-\x84\xdb\x8e\xde\x05B\
\xda\xdfp3\xc8\xf1\xe3f\xed[E\xeb;M\xbd\x22\
H\x1aj\x16\xecq\xdb\xdd\x8f\x83x\xdb2[\xe9\xc1\
\xa9L\xc6\x93k\xbf\xb9\xcc}\x85].\x82\x14vt\
\xa3\x17>\x16\xee\x7f\x1b\xf1\xdc.\x10\xad[*\x1a\x03\
\xb79\xcc[{\xad\xc6SK\xad\xb5\xe9\xefE\x10\x9b\
\xa6\x99\xb2\x177\x9c\xde\x068>\xc0o=)\xc41\
\x00\x0f\x81pc\xdc\xf4\xbe\x912|\xa1\xb7\x89 \x85\
\x1e\x9f\xda\xe2Wm\xdf\xd7\x98'\x5cHH\xde\x04\xd0\
\x83\x15\x1c}\xe2P\xeb\xbc\xc3j\xb3\x14+\x9a\x08R\
\xacyI\xb5\x9a\x09\x88 \x9a\x81K\xbab\x11\x10A\
\x8a5/\xa9V3\x01\x11D3pIW,\x02\x22\
H\xb1\xe6%\xd5j& \x82h\x06.\xe9\x8aE@\
\xbb n\xd8\xdd\x03\xf0{T`\x927L\xa9\xa0(\
1NG@\xbf \xedh\x17\x08\x13*\xc6\x22\x82\xa8\
\xa0(1\xcc\x12$\x8c\x06\xaf\xf3\xda\xa8b,\x22\x88\
\x0a\x8a\x12\xc3(A\xc6\xda\xd1\x17\x88\xb0Y\xc5X(\
\xe1\xbf\xecmn<\xa8\x22\x96\xc4\x10\x02\x8b\x11\xd0\xfe\
\x15\xab\x1aF[\x19\xb8V\xc98\x08\xd7\xc7M\xef\xdf\
\x94\xc4\x92 B`\x11\x02\xda\x05q\xc3\xe8\xa3\x00>\
\xa7b\x1a\xccx\xb4\xdf\xf2.T\x11Kb\x08\x01#\
>A\xce\xecD\xe7;\x8cG\x15\x8e\xe3cq\xe0}\
^a<\x09%\x04~O@\xfb'\xc8 \xb3\x1bF\
}\x00g\xaa\x98\x03\x11\xf6\xf5\x9a^]E,\x89!\
\x04N&\x90\x8b ca\xf7\x0e\x02\xbfO\xd58\x18\
(\xc4\xeb\xbcT\xf5\x9bW\x1c\x87\xf1\xe2\xe02\xf8\xc4\
\xa1\xc7\x93\xb9cO\xbe\xb0e\xdd\xd3y\xd5\xa2+o\
.\x82T\xc3\xe8:\x06>\xad\xabI\xc9\x93\x0d\x01\x06\
\xbe\xda\x0f\xbc\x0fe\x13\xdd\x8c\xa8\xb9\x082\xe2C\x03\
\xcc 'U\xbcJ\xe0 \xcf\xcf]\xde\xdfr\xee\xcf\
lD\x92\x8b \x03\x90c\xed\xe8\x11\x22\x5c`#\xd4\
2\xf6\xb4\x92h\xf5\x81f\xfd\xa0m\xbd\xe7&H5\
\x9c\xba\x8e\xe1\xc8\xd7,{N\xd4#q\xe0\xfd\x85=\
\xed\x1c\xef$7AV\x85{\xc7\x13T\x9e\x04P\xb1\
\x0dji\xfb!|.nz\xfflS\xff\xb9\x09\xb2\
\xf0\xe3^\x85\x17.\xda4\x94\x22\xf7R\xe1\x15o>\
\xd4:\xe7\xf9\x22\xf7pb\xedy\x0b2\xca\x13\xfel\
\x99\x81m}\x5c\x12\x07\xde\x03\xb64\x95\xab \x03\x88\
\xd5p\xba\xc3\xa0I[\x80\x96\xbd\x0f\xa6\xe4\xaa~s\
\xfc\xeb\xb6p\xc8]\x90\xc1+\x89+\x15\xdc\x0f\xc2j\
[\xa0\x96\xb9\x0ff|\xb2\xdf\xf2\xb6\xda\xc2 wA\
\x8e\xff[$\xd5sbm\x99\x81m}\x5c\x13\x07\xde\
\x7f\xda\xd2\x94\x11\x82,H\x12F\x83W\x06_a\x0b\
\xd8\xb2\xf6A\x8esyo\xb2v\x8f-\xfd\x1b#\xc8\
\xebv\xfej\xd5\xca\xb9#?\x05\xe1Om\x81[\xc6\
>*\x8e\xd384Y\x8bl\xe9\xdd\x18A\x16\xfe\xc1\
\xde\x9e>\x97\x89\xfe\xdf\x16\xb8\xe5\xeb\x83\x9eq\xe7x\
]\xf7#\xdeQ[z7J\x90\x01\xd4\xb1p\xff_\
\x13\xe6\xff\xdb\x16\xc0e\xea\x83\x987\xf6Z\x8d[m\
\xea\xd98A\x16\xe0\xde\x14\xfd\x91\xbb\x92\xbe\x0c\xe6\xab\
l\x82ms/\x04\xde\xd1\x0b\x1aM\xdbz4S\x90\
W(\xbb\xed\xe9\x7f\x02\x91\xdc-h\xf8\xa9c\xe0\xce\
~\xe0\xbd\xd7\xf02S\x95g\xb4 \x0b?\xdd\xda\x11\
\xfd\x19\x18\xfe\xc2\x7f\xc0y\xa9\xba\x94M\xd9\x11 \x5c\
i\xf3\xcbu\x8c\x17\xe4\xc4\xc9\xbaa\xe4\x13\xe1R\x06\
\xd6\x83y=@nv\x93\x97\xc8\xaf!@t\x00\x8c\
g\x01~\x16\x84g)qn\xef\xb5j\x0f\xd9L\xaa\
P\x82\x9c<\x883;O\xad\xc1\xdc\x8aQ^gl\
\xf3l3\xe9mv\x8bW\xaa\xdb\x9b\x0b-H&'\
@\x82\x0a\x81\x13\x08\x88 r\x1c\x84\xc0i\x08\x88 \
r<\x84\x80\x08\x22g@\x08\xa4# \x9f \xe9\xb8\
\xc9\xae\x92\x10\x10AJ2hi3\x1d\x01\x11$\x1d\
7\xd9U\x12\x02\x22HI\x06-m\xa6# \x82\xa4\
\xe3&\xbbJB@\x04)\xc9\xa0\xa5\xcdt\x04D\x90\
t\xdcdWI\x08\x88 %\x19\xb4\xb4\x99\x8e\x80\x08\
\x92\x8e\x9b\xec*\x09\x01\x11\xa4$\x83\x966\xd3\x11\x10\
A\xd2q\x93]%! \x82\x94d\xd0\xd2f:\x02\
\x22H:n\xb2\xab$\x04D\x90\x92\x0cZ\xdaLG\
@\x04I\xc7Mv\x95\x84\x80\x08R\x92AK\x9b\xe9\
\x08\x88 \xe9\xb8\xc9\xae\x92\x10\xf8\x1db\x92\xe8\x14\x13\
S\xc3\x5c\x00\x00\x00\x00IEND\xaeB`\x82\
\x00\x00\x13#\
\x89\
PNG\x0d\x0a\x1a\x0a\x00\x00\x00\x0dIHDR\x00\
\x00\x00\xc8\x00\x00\x00\xc8\x08\x06\x00\x00\x00\xadX\xae\x9e\
\x00\x00\x12\xeaIDATx^\xed\x9d\x7fl\x1c\xe5\
\x99\xc7\xbf\xcflH!\xa1\x04\xcf:\x84Z\x02!y\
\xc7\x11\x8d\xb8V\xc0Au\x95\x10i\xefN\x17 \xa2\
G\x09*\xa5\xed?W\xe1\xecn\x9a\xbb\x8a\x9c*P\
$\x1c\x9d\xd5T\x07H\x5c\x93]\xc7\x94\xfb\xa3\xe2\xa0\
U\xcc]Z\x9a\xb6W\x89\x1f\xbd\xfeQ5\x07A\xaa\
N\x0e\xc2\xbbnz\xa52E\xf6\x8eq\x1aH\xcf\xce\
\xces\x1a\xc7\xa6Nj\xc73\xef\xcc;;3\xef3\
\x92\xb5\x7f\xec\xfb\xfcx?\xcf\xfb\xf5\xbb3\xf3\xce\xbc\
\x049\x84\x80\x10X\x91\x00\x09\x1b! \x04V& \
\x02\x91\xd1!\x04.B@\x04\x22\xc3C\x08\x88@d\
\x0c\x08\x015\x022\x83\xa8q\x13+C\x08\x88@\x0c\
)\xb4tS\x8d\x80\x08D\x8d\x9bX\x19B@\x04b\
H\xa1\xa5\x9bj\x04D j\xdc\xc4\xca\x10\x02\x22\x10\
C\x0a-\xddT# \x02Q\xe3&V\x86\x10\x10\x81\
\xacP\xe8\xae\x03\xe37\xa0\xd0\xbe\x16\xc0\x06\x10m\x98\
\xff<w\xcc\x80y\xc6\xff$\x8bN\xba;\x9d\x13\x86\
\x8c\x15#\xbb)\x02YR\xf6\xaezs\x1b\xe0m\x03\
h\x1b\x01\xa5\x80#b\x14\xe0#\x16[/OUK\
\xaf\x04\xb4\x91f\x19!`\xbc@\xecC\x8d\x8f\xa2\xed\
\xdd\x07\xb2\xee\x05\xb0%b\xddF\xc1\xde\xf3(X\x87\
ef\x89H2%\xe6\xc6\x0a\xa4{\xb8\xb9\xd5ks\
\x19\xc0\x0eM\xb5\x18\xb1\x0a44\xd5/\xb3\x8a&\xbe\
\x89\xb85N =\xc3\x13\xeb\xce\xb4\xdf\xdbK\xc0\xc3\
I\x10f`\xffe\x85\xf5\x83\x13\xfd=\xef'\x11O\
b\xc4K\xc0(\x81\x14\x0f5\xeef\xa6\xbd`\xbe9\
^\x8c\xabx#z\x8d\x88\x07[;\x9d\xef'\x1aW\
\x82E&`\x8c@\xecz\xc3\xff)u82\xb1H\
\x0e\xac\xaf\xba\x95\xde'#\xb9\x10\xe3D\x09\x18!\x90\
t\x88c\xa1\xae\xec\xeds\xab\x9b\x07\x12\xad\xb2\x04S\
&\x90{\x81\xd8\xb57\x07@\xd6\xa3\xca\x84t\x18\x12\
\x06\xdc\xb2\xb3O\x87k\xf1\x19/\x81\x5c\x0b$U3\
\xc7\x05u#\x8f?\xd1\xda\xd5w,\xder\x8a\xb7\xb8\
\x09\xe4V \xfe\xfd\x0d\xf6\xf0:\x01\x1f\x8a\x1bZL\
\xfeN\xe3,\xaeww;\xbf\x8d\xc9\x9f\xb8\xd1@ \
\xbf\x02\xa97_\x02\xf8S\x1a\x98\xc5\xe6\x92\x80\xa3\xad\
\x8a\xb3=6\x87\xe2(v\x02\xb9\x14\x88]o>\x08\
\xf0p\x8c\xb4&\x00\xbc\xbd\xe0\xef#\x00z\xe2\xf3M\
\xfdn\xa5\xf4T|\xfe\xc4S\x9c\x04r*\x90\xc6k\
\x00nR\x07\xc5.\x80\xe7\x01z\xd1\xad8#\xcb\xf9\
Y\x5c\xb7E\xc0\x03\x00\xd9\xea\xb1p\xdc\xad8\xc9\xde\
\x97\x89\x90\xaci\xa6\xb9\x13H\xd4\xd9\x83\x18\xcfr\x01\
_\x0f\xba\x96\xca?\xd7\xa16\x1ea\xf2\x85\xa2z\xc8\
,\xa2JN\xb7]\x0e\x05\xd2\xf8\x05\x80[U\xc01\
\xe1\x0b\xd3e\xe7Y\x15[\xbb\xd6\xdc\x03\xe2\xc7Tl\
\x01z\xd5\xad\x94nQ\xb3\x15+\x9d\x04r%\x90\xe2\
\xc1\xb1[\xd9\x22_ \xa1\x8f\xb3k/-\x9e\xfa\xf2\
5\xfeO+\xe5\xc3\xae5\xaf\x01\xf1oT\x1c0Y\
\xdb\xa7\xcb\xbdGUl\xc5F\x1f\x81|\x09\xa4\xde\xf8\
\x06\x03_\x0b\x8b\x8b\x89\xee\x9f.\x97\xbe\x1b\xd6n\xb9\
\xf6\xaa\x22%\xe0\xb9V\xc5\x89\xf03-\x8e\xec\xc5\xc7\
\x85\x04r%\x10\xbb>6\x07\xd0\x9aPe\xd6\xb0\xf4\
C\xf1\xee}\xdb\xad8\xe1r\x0f\xd5Qi\xacB \
\xb2@\xec\xa1\xb1\xcf2\xd3\x8d\x04\xfe\x18\x83\xd6\xab$\
\x11\x97\x0d\x01\xb7\x87\xf4u\xcc\xed\x9e\xbd\x0d\xf7m\x99\
\x0diw\xf1\xe6\x87G\xd7\xdaSk\x7f\x16\xf6\x5c\x88\
\x81\x9f\xc6\x9a\x87\xb9\xceNY\xc01\xc0;\xd1\xaal\
\xfe^\x14\x0c\xca\x02\xb9\xea[\xbf\xdatv\xae}@\
\xe3\x03GQ\xfa\x15\xc8\x96<|\xa6\xb5K\xcf\x12\xf4\
\xe2\xc1\xc6\xddl!Rq\x02uB\x1a\xadF\xe0x\
\x81\xe9s\x93\xd5Rs\xb5\x86\xcb}\xaf$\x90+\x9e\
~\xcb^3\xfb\x87\x96J\xc0\xd4\xd80\xdeq\xab\xce\
\xd5:\xf3\xb1\xebc\x93\x00u\xeb\x8c!\xbe\x83\x11(\
\xf0\xec\x87'\xab[N\x07k\xfd\xc7VJ\x02)\xd6\
\x1b/0\x90\xe9%\x12\x0c<3]q\xbe\x14\x16X\
\x98\xf6v\xbd\xe1?\x7f\xa2\xeb\x91\xde0\xa9\x18\xdf\x96\
\xc0\x87Z\x95>\xff\x11\xebPGh\x81\x5c9\xf4\xc6\
u\x16\xaf9\x19*J\x1a\x1b3\xedq\xab\xa5't\
\xa6f\xd7\x9a\x0f\x81\xf8q\x9d1\xc4wp\x02\xed\xb3\
(\xcd\xecv\xc6\x83[\x00\xa1\x05\xd2uh\xfc\x0e\xf2\
\xbc\x1f\x86\x09\x92\xc6\xb6\xcc\xd6\xe7\xa7\xab\xbd\xdf\xd1\x99\
[Wm\xfc~\x22\xef9\x9d1\xc4wp\x02Dt\
O\xab\x5c:\x12\xdcBA \x8a\x970\xc3\xe4\x94H\
[\xaf\x8d\xad\xef~\xc5\xd1z\xd5\xe8\xca\x03\x8d\xdb\xad\
\x02\xe4]Y\x89T4@\x10\x85K\xfa2\x83\x04\xe0\
\xaa\xdaDf\x10Urz\xec\x12\x99A\xe4\x1c$x\
\xf1\xe4\x1c$8\xab$Z&r\x0e\xe2wD\xaeb\
\x05+\xa7\x5c\xc5\x0a\xc6)\x89V\x89]\xc5\xf2;#\
\xf7A\x82\x95T\xee\x83\x04\xe3\x94D\xabD\xef\x83\xf8\
\x1d\x92;\xe9\x17/\xab\xdcIOb\xd8\x07\x8a\x91\xfc\
\x9d\xf4\xa5i\xc9Z\xace\x8a$k\xb1\x02\x8d\x5c\x8d\
\x8d:\xbf\x16Kc\xe7\x94]\xcbj^etb\xb8\
\x02\x81\xd0\x97y\xd3L\xb2(\xcf\x83\xa4\xb9<\x99\xcc\
-_\x02\x91'\x0a39\x08\xd3\x9ct\xae\x04\xe2\x83\
\xb6\xeb\xf2Lz\x9a\x07\x5c\xd6r\xcb\xa1@\xa2\xbd\x13\
K\xdej\x92\xb5!\xac7\xdf\xdc\x09da\x16\x91\xf7\
b\xe9\x1d7\xc6x\xcf\xa9@\xa2\xcd\x22\xcbT_\xde\
\xach\x8c$\xce\xefh.\x05rn\x16\x91w\xf3\x1a\
:\xa6c\xedv~\x05\x22ow\x8fu\xa0\x98\xea,\
\xb7\x02Y8\x17I\xc1\xb6k\xcb\x0f-\xd9\x1f$\x1b\
\x92\xcb\xb5@\xe6E\x92\xc6\x1d\xa6\x14\x1e\xdc\xc9\xc6p\
\xca_\x96\xb9\x17H\xeaf\x12\x11G\xa6Td\x84@\
\xd2#\x12\xd9\xe56S\xea\x80\xc23\xe9Y\xeb\xe0\xd2\
|e\x9f\xf4,W\xaf3\xb9\x1b3\x83,\xe2\xed\x19\
\x9eXw\xa6\xfd\xde^\x02\x1eN\x029\x03\xfb/+\
\xac\x1f\x9c\xe8\xefy?\x89x\x12#^\x02\xc6\x09d\
\x11_\xf7ps\xab\xd7f\xffEb\xba^\xec6b\
\x15hh\xaa\xbf$o5\x89w\xcc&\xea\xcdX\x81\
,R\xf6w\x88\x02c\xc7\xfc\x1f\xb0%\x22\xfdQ\x10\
F\xfc\xbf\xa0;TE\x8c'\xe6\x9a\x09\x18/\x90\xa5\
|\x17\xf7\x1d\x04h\x1b\x01\xa5\x80\xecG\x01>b\xb1\
\xf5\xf2TUf\x8b\x80\xcc2\xd3L\x04\xb2B\xa9\xba\
\x0e\x8c\xdf\x80B\xfbZ\x00\x1b@\xb4a\xfe\xf3\xdc1\
\x03\xe6\x19\xff\x93,:)3Ef\xc6\xbaR\xa2\x22\
\x10%lbd\x0a\x01\x11\x88)\x95\x96~*\x11\x10\
\x81(a\x13#S\x08\x88@L\xa9\xb4\xf4S\x89\x80\
\x08D\x09\x9b\x18\x99B@\x04bJ\xa5\xa5\x9fJ\x04\
D J\xd8\xc4\xc8\x14\x02\x22\x10S*-\xfdT\x22\
 \x02Q\xc2&F\xa6\x10\x10\x81\x98Ri\xe9\xa7\x12\
\x01\x11\x88\x12612\x85\x80\x08\xc4\x94JK?\x95\
\x08\x88@\x94\xb0\xa5\xdfh\xd3P\xf3\xaa9\xa6;\x01\
\xefN\x80\x16\x16]\xce/\xb8\x5c\xb2\xe8\x12\xf3\x8b.\
\x01\xfe5\x80\x91\xb9\x82\xf7\xca\xef\xfb7O\xa5\xbfw\
\xc9e(\x02I\x8e\xb5\xf6H\x97\x7f\xb3\xb1\xf1\x92\x02\
v\x10\xe1.\x00\xdbT\x022\xf0\x02\x18?\x99kc\
\xe4\xf4ngR\xc5G\x9elD 9\xa8\xa6\xbf\x1f\
;Y\xf3\x0f|\xf9\xe2\xd8\x18G\x97\x98\xe1\x8bc\x84\
=\x8c\xe8\xdeO>\x8e|u\xf9\x10\x81\xe8\x22\x9b\x80\
\xdf\xee\x83\xe3}m\xcb\xf3\x9f\xaf\xff\xa2\xcep\x0c<\
S\xf0\xac\xc1\xa9]\xbdc:\xe3\xa4\xd1\xb7\x08$\x8d\
U\x09\x90S\xb1\xde\xa82\xb0\x17\xc0\xd5\x01\x9a\xc7\xd1\
\xe4w\x04\x0c\xb6*N-\x0egY\xf1!\x02\xc9J\
\xa5\x96\xe4\xd9\xe1\xfd\xd7\xff\xdd\xad8\xf7f\x10\x9bR\
\xca\x22\x10%l\x9d3\xb2kc\xff\x01\xa2\xbf\xed\x5c\
\x06~dz\xd5\xad\x94n\xe9l\x0e\xc9D\x17\x81$\
\xc39\x96(\xc5\xa1F\x93\x19\xbd\xb18\x8b\xea\x84\xe8\
\x1d\xb7\x5cJ\xea\xe7]\xd4l\x95\xedE \xca\xe8\x92\
5\xb4\xeb\x8dw\x97\xdc\xc3H6\xf8J\xd1\x18\xef\xb8\
U'\xd7\x22\x11\x81\xa4c\xa8]4\x0b\xbb\xde\xf8\x91\
\xea}\x0d\xfd\xdd\xe3\xc7\xddJ\xdf?\xea\x8f\xd3\x99\x08\
\x22\x90\xcep\x0f\x1c\xb5X\x1f\xdb\xcb\xa0\x7f\x0al\xd0\
\x81\x86L\xb4s\xba\x5c\x1a\xee@h\xed!E \xda\
\x11\xab\x07\xe8\xae7o\xf2\xc0\xfe\x86\xa4\xa9?,\xd0\
\xcdS\x95\xd2\xf1\xd4'\x1a2A\x11HH`I6\
\xb7\xebc\xc3\x00=\x18C\xcc\xe3`\xef(\xa80\xc1\
D\xfe\x86\xa4 \xe6\x1ep\xbb\x07d\xfd\x15\x80\xbf\x88\
\x1e\x83\x9fr+}\xfd\xd1\xfd\xa4\xcb\x83\x08$]\xf5\
\xf8 \x9bXf\x0f\xc6\x13\x04\xfe\xd7V\xb5\xef\x8d\x8b\
usc\xadYj\x83w\x82\xf0P\x14\x1cy\x9cE\
D QF\x84F\xdbH\xb3\x07\xd1K\xd4n\xefo\
\xed\xda\xfcR\x98\x14\x8b\x07\xdf\xfc\xb4W\xb0\xfe\x99\x18\
7\x86\xb1\xfbc\xdb\xfc\xcd\x22\x22\x10\xb5\x91\xa0\xd5\xea\
\x8a\xa7\xdf\xb2\xd7\xcc\x9e\xf9_\x80.\x0f\x1d\x88\xe8_\
\xdcr\xe9\x1fB\xdb-1\xb0\xeb\x8d\x1f\x03\xf8\x1b\x05\
\x1fg\xac\xc2%\xbdS\xfd\xd7\xbd\xad`\x9bJ\x13\x11\
H\x0a\xcb\xd25\xd4x\x80\x18\xff\xa6\x90\xda\x7f\xba\x15\
Gi\x99\xfb\x85\xb1\xec\xa1\xe6\x93`\xfe\xfb\xb09\x10\
\xf0H\xab\xe2\xec\x0fk\x97\xd6\xf6\x22\x90\x14V\xc6\x1e\
j\xfc\x17\x18\xb7\x85I\x8d\x09\xafO\x97\x9d\x9b\xc2\xd8\
\xac\xd6\xd6\x1ej\xbe\x08\xe6O\xaf\xd6\xee\xbc\xef\x09\xbf\
t\xcb\xce\xc7C\xd9\xa4\xb8q<\x02\x19\x18]\xdb}\
\xf5\xa5\x7fvv\xce\x0b\xff\x93 \xc5p:\x95\x9aU\
@\xe8]\xa9\xc8\xf3\xfe2\xec9\xc7j\xfd\xf3\xcfI\
\xd8\xb2^\x5c\xad\xdd\x85\xdf{ml\x0dk\x13g{\
&\x9c\x9a\xb9\xa4\xf4?\xe8\xa7\xb9\xa8~#\x09\xc4\xae\
5\xfe\x1a\xc0\x00\x08\xfe\x7f\xae\xb5Q\x93\x11{E\x02\
\x8c'\xdc\xaa\xb3G\xd1\xfa\xa2fv\xad\xf1x\xd4\xab\
[:\xf2Z\xcd'\x03\xffG\xc0q\x80\xbe\xedVJ\
O\xad\xd6~\xa5\xef\x95\x05\xd2\xe1%\xd7\xaa\xfd\xcd\xa5\
]\x81\xc9\x99\xac\x96\x9a::W\xac\x8d]\xcfD'\
t\xf8N\xd0\xe7\x8f\xdd\x8as\x87J<%\x81\xd8\xb5\
7\x07@\xd6\xa3*\x01\xc5&v\x02?w+\xce'\
c\xf7\xba\xc4\xa1]o\xf8w\xf3c=\xbf\xd1\x99\xef\
r\xbe\x89\xe8\x9eV\xb9t$l\xdc\xd0\x02\xd9\xf4\xd8\
/\xd7\xcf\xad_\xe7?z\xd9\x136\x98\xb4\xd7@\x80\
\xbd}nu\xf3\x80\x06\xcf\x1f\xb8\xcc\xc3?D\x22\x8c\
[\xde\xec\xc7'\xab[N\x87a\x15Z \xc5\xda\xf8\
\x9f3y\xff\x1d&\x88\xb4\xd5I\x80\xfa\xa3\xfc\xc6\x0e\
\x92\x99]o>\x08p\xf6\x17#2}\xd2\xad\x96~\
\x1e\xa4\xcf\x8bmB\x0b\xc4\xae5\xfe\x0e\x84\xa7\xc3\x04\
\x91\xb6\xfa\x080Y\xdb\xa7\xcb\xbdG\xf5E\x00\xba\x86\
\xc6\xef\x22\xf6~\xa03F\x12\xbe\x19Vy\xba\xd2{\
(L,\x11H\x18Z)l+\x02\x09^\x94D\x04\
\x22?\xb1\x82\x17$\x99\x96\xf2\x13+0\xe7$~b\
\xc9Iz\xe0r$\xd3PN\xd2\x03qN\xec$\xdd\
\xcf&\x0fW5\x02Q\xcdF#\xb9\xcc\x1b\xa0N\x89\
]\xe6]\xccEn\x14\x06\xa8JBM\xe4F\xe1\xaa\
\xa0\x93\xbdQ\xf8\x81Hd\xa9\xc9\xaa\x95I\xa4\x81,\
5\xf9\x13\xcc\x1d_jr^F\xb2X1V\x1d\xc8\
b\xc5h8S\xb3X1Z7\xc4z%\x02\xb2\xdc\
==c#\xf4}\x90\xf4\xa4\x9e\xdfL\xe4\x81\xa9\xf4\
\xd4V\x04\x92\x9eZ|\x90\x89<r\x9b\x9e\xa2\x88@\
\xd2S\x8b\xf32\x91\x976\xa4\xa30\x22\x90t\xd4\xe1\
O\xb2\x90\xd7\xfe\xa4\xa30\x22\x90t\xd4a\xd9,\x22\
\xcd\x22\xe7{\x94\x17\xc7)\xd6Y\x04\xa2\x08.\x09\xb3\
Xf\x91$\x12\x05\x90\xc7\x97\xc6\xf9\xe8D \x09\x0d\
 \xd50\xf2\xf2jUr\xf1\xd8\x89@\xe2\xe1\xa8\xd5\
\x8bl\x7f\xa0\x15\xefE\x9d\x8b@:\xc7>Td\xd9\
@'\x14\xae\xd8\x1a\x8b@bC\xa9\xdf\x91l\xc1\xa6\
\x9f\xf1\x85\x11D \xc93\x8f\x14Q6\xf1\x8c\x84/\
\xb4\xb1\x08$4\xb2\xce\x1bt\xf8Q\x03\xd9\x06\xba\xf3\
C@2X\x8d@\xb1\xde\xa82\xb0\x17@R\x9bh\
\xfe\x8e\x80\xc1V\xc5\xa9\xad\x96[\x9e\xbe\x97\x19$\xc3\
\xd5\xec>8\xde\xd7\xb6\xbc\xbd\x04|Qg7\x18x\
\xa6\xe0Y\x83S\xbbz\xfd\xf7\xa1\x19u\x88@rP\
\xee+\x0f4n'\x0b;\x00\xec \xc2\xc68\xba\xc4\
\x8cI\x00#\xeca\xe4\xdd\xaf8?\x8d\xc3g\x16}\
\x88@\xb2X\xb5\x15r\xbe\xfc\x9b\x8d\x8d\x97\x14\xe6E\
r\x97\xea\xb6\xd1\x0c\xbc\x00\xc6O\xe6\xda\x189\xbd\xdb\
\xf1Eb\xf4!\x02\xc9i\xf97\x0d5\xaf\x9ac\xba\
\x13\xf0\xee\x04\xe8Z\x00\x1b@\xd80\xffy\xee\x98\x01\
cf\xfe\x13\xfck\x7f\xb6\x98+x\xaf\xfc\xbe\x7f\xf3\
TN\x91(uK\x04\xa2\x84M\x8cL! \x021\
\xa5\xd2\xd2O%\x02\x22\x10%lbd\x0a\x01\x11\x88\
)\x95\x96~*\x11\x10\x81(a\x13#S\x08\x88@\
L\xa9\xb4\xf4S\x89\x80\x08D\x09\x9b\x18\x99B@\x04\
bJ\xa5\xa5\x9fJ\x04D J\xd8\xc4\xc8\x14\x02\x22\
\x10S*-\xfdT\x22 \x02Q\xc2&F\xa6\x10\x10\
\x81\x98Ri\xe9\xa7\x12\x01\x11\xc8\x0a\xd8\xba\x0e\x8c\xdf\
\x80B{a\x91\x1f]\xb0\xc8\x8f\xe7\x17\xf9\x91E'\
\xdd\x9d\xce\x09%\xf2b\x94\x09\x02\x22\x90%e\xea\xaa\
7\xb7\x01\xde6\x80\xb6\x11P\x0aX\xc1Q\x80\x8fX\
l\xbd<U-\xbd\x12\xd0F\x9ae\x84\x80\xf1\x02\xb1\
\x0f5>\x8a\xb6w\x1f\xc8\xba\x17\xc0\x96\x88u\x1b\x05\
{\xcf\xa3`\x1d\x96\x99%\x22\xc9\x94\x98\x1b+\x90\xee\
\xe1\xe6V\xaf\xcde\xff)<M\xb5\x18\xb1\x0a44\
\xd5/\xb3\x8a&\xbe\x89\xb85N =\xc3\x13\xeb\xce\
\xb4\xdf\xf3\x9f\xe3~8\x09\xc2\x0c\xec\xbf\xac\xb0~p\
\xa2\xbf\xe7\xfd$\xe2I\x8cx\x09\x18%\x90\xe2\xa1\xc6\
\xdd\xcc\xb4\x17\xcc7\xc7\x8bq\x15oD\xaf\x11\xf1`\
k\xa7\xf3\xfdD\xe3J\xb0\xc8\x04\x8c\x11\x88]o\xf8\
?\xa5\x0eG&\x16\xc9\x81\xf5U\xb7\xd2\xfbd$\x17\
b\x9c(\x01#\x04\x92\x0eq,\xd4\x95\xbd}nu\
\xf3@\xa2U\x96`\xca\x04r/\x10\xbb\xf6\xe6\x00\xc8\
zT\x99\x90\x0eC\xc2\x80[v\xf6\xe9p->\xe3\
%\x90k\x81\xa4j\xe6\xb8\xa0n\xe4\xf1'Z\xbb\xfa\
\x8e\xc5[N\xf1\x167\x81\xdc\x0a\xc4\xbf\xbf\xc1\x1e^\
'\xe0CqC\x8b\xc9\xdfi\x9c\xc5\xf5\xeen\xe7\xb7\
1\xf9\x137\x1a\x08\xe4W \xf5\xe6K\x00\x7fJ\x03\
\xb3\xd8\x5c\x12p\xb4Uq\xb6\xc7\xe6P\x1c\xc5N \
\x97\x02\xb1\xeb\xcd\x07\x01\x1e\x8e\x91\xd6\x04\x80\xb7\x17\xfc\
}\x04@O|\xbe\xa9\xdf\xad\x94\x9e\x8a\xcf\x9fx\x8a\
\x93@N\x05\xd2x\x0d\xc0M\xea\xa0\xd8\x05\xf0<@\
/\xba\x15gd9?\x8b\xeb\xb6\x08x\x00 [=\
\x16\x8e\xbb\x15'\xd9\xfb2\x11\x925\xcd4w\x02\x89\
:{\x10\xe3Y.\xe0\xebA\xd7R\xf9\xe7:\xd4\xc6\
#L\xbePT\x0f\x99ET\xc9\xe9\xb6\xcb\xa1@\x1a\
\xbf\x00p\xab\x0a8&|a\xba\xec<\xabbk\xd7\
\x9a{@\xfc\x98\x8a-@\xaf\xba\x95\xd2-j\xb6b\
\xa5\x93@\xae\x04R<8v+[\xe4\x0b$\xf4q\
v\xed\xa5\xc5S_\xbe\xc6\xffi\xa5|\xd8\xb5\xe65\
 \xfe\x8d\x8a\x03&k\xfbt\xb9\xf7\xa8\x8a\xad\xd8\xe8\
#\x90/\x81\xd4\x1b\xdf`\xe0kaq1\xd1\xfd\xd3\
\xe5\xd2w\xc3\xda-\xd7^U\xa4\x04<\xd7\xaa8\x11\
~\xa6\xc5\x91\xbd\xf8\xb8\x90@\xae\x04b\xd7\xc7\xe6\x00\
Z\x13\xaa\xcc\x1a\x96~(\xde\xbdo\xbb\x15'\x5c\xee\
\xa1:*\x8dU\x08D\x16\x88=4\xf6Yf\xba\x91\
\xc0\x1fc\xd0z\x95$\xe2\xb2!\xe0\xf6\x90\xbe\x8e\xb9\
\xdd\xb3\xb7\xe1\xbe-\xb3!\xed.\xde\xfc\xf0\xe8Z{\
j\xed\xcf\xc2\x9e\x0b1`\xecNN\xb1\xf2\x07NY\
\xc01\xc0;\xd1\xaal\xfe^\x14\xdf\xca\x02\xb9\xea[\
\xbf\xdatv\xae}@\xe3\x03GQ\xfa\x15\xc8\x96<\
|\xa6\xb5K\xcf\x12\xf4\xe2\xc1\xc6\xddl!Rq\x02\
uB\x1a\xadF\xe0x\x81\xe9s\x93\xd5Rs\xb5\x86\
\xcb}\xaf$\x90+\x9e~\xcb^3\xfb\x87\x96J\xc0\
\xd4\xd80\xdeq\xab\x8e\xd6\x1db\xed\xfa\xd8$@\xdd\
\xa9\xe9\xb3\xc1\x89\x14x\xf6\xc3\x93\xd5-\xa7\xc3\x22P\
\x12H\xb1\xdex\x81\x81L/\x91\xf0wn\x9d\xae8\
_\x0a\x0b,L\xfb\x0e\xefg\x1e&\xd5\xdc\xb7%\xf0\
\xa1V\xa5\xcf\x7f\xc4:\xd4\x11Z W\x0e\xbdq\x9d\
\xc5kN\x86\x8a\x92\xc6\xc6L{\xdcj\xe9\x09\x9d\xa9\
\xd9\xb5\xe6C ~\x5cg\x0c\xf1\x1d\x9c@\xfb,J\
3\xbb\x9d\xf1\xe0\x16@h\x81t\x1d\x1a\xbf\x83<\xef\
\x87a\x82\xa4\xb1-\xb3\xf5\xf9\xe9j\xefwt\xe6\xd6\
U\x1b\xbf\x9f\xc8{Ng\x0c\xf1\x1d\x9c\x00\x11\xdd\xd3\
*\x97\x8e\x04\xb7P\x10\x88\xe2%\xcc09%\xd2\xd6\
kc\xab\xee\xfd\xbf\xfd\xfd\xcb\xad\x02\xe4]Y\x89T\
4@\x10\x85K\xfa2\x83\x04\xe0\xaa\xdaDf\x10U\
rz\xec\x12\x99A\xe4\x1c$x\xf1\xe4\x1c$8\xab\
$Z&r\x0e\xe2wD\xaeb\x05+\xa7\x5c\xc5\x0a\
\xc6)\x89V\x89]\xc5\xf2;#\xf7A\x82\x95T\xee\
\x83\x04\xe3\x94D\xabD\xef\x83\xf8\x1d\x92;\xe9\x17/\
\xab\xdcIOb\xd8\x07\x8a\x91\xfc\x9d\xf4\xa5i\xc9Z\
\xace\x8a$k\xb1\x02\x8d\x5c\x8d\x8d:\xbf\x16Kc\
\xe7\x94]\xcbj^etb\xb8\x02\x81\xd0\x97y\xd3\
L\xb2(\xcf\x83\xa4\xb9<\x99\xcc-_\x02\x91'\x0a\
39\x08\xd3\x9ct\xae\x04\xe2\x83\xb6\xeb\xf2Lz\x9a\
\x07\x5c\xd6r\xcb\xa1@\xa2\xbd\x13K\xdej\x92\xb5!\
\xac7\xdf\xdc\x09da\x16\x91\xf7b\xe9\x1d7\xc6x\
\xcf\xa9@\xa2\xcd\x22\xcbT_\xde\xach\x8c$\xce\xef\
h.\x05rn\x16\x91w\xf3\x1a:\xa6c\xedv~\
\x05\x22ow\x8fu\xa0\x98\xea,\xb7\x02Y8\x17I\
\xc1\xb6k\xcb\x0f-\xd9\x1f$\x1b\x92\xcb\xb5@\xe6E\
\x92\xc6\x1d\xa6\x14\x1e\xdc\xc9\xc6p\xca_\x96\xb9\x17H\
\xeaf\x12\x11G\xa6Td\x84@\xd2#\x12\xd9\xe56\
S\xea\x80\xc23\xe9Y\xeb\xe0\xd2|e\x9f\xf4,W\
\xaf3\xb9\x1b3\x83,\xe2\xed\x19\x9eXw\xa6\xfd\xde\
^\x02\x1eN\x029\x03\xfb/+\xac\x1f\x9c\xe8\xefy\
?\x89x\x12#^\x02\xc6\x09d\x11_\xf7ps\xab\
\xd7f\xffEb\xfe\x95.\x1d\xc7\x88U\xa0\xa1\xa9\xfe\
\x92\xbc\xd5D\x07\xdd\x84|\x1a+\x90E\xbe\xfe\x0eQ\
`\xec\x98\xff\x03\xb6D\xe4>\x0a\xc2\x88\xff\x17t\x87\
\xaa\x88\xf1\xc4\x5c3\x01\xe3\x05\xb2\x94\xef\xe2\xbe\x83\x00\
m#\xa0\x14\x90\xfd(\xc0G,\xb6^\x9e\xaa\xcal\
\x11\x90Yf\x9a\x89@V(U\xd7\x81\xf1\x1bPh\
_\x0b`\x03\x886\xcc\x7f\x9e;f\xc0<\xe3\x7f\x92\
E'e\xa6\xc8\xccXWJT\x04\xa2\x84M\x8cL\
! \x021\xa5\xd2\xd2O%\x02\x22\x10%lbd\
\x0a\x01\x11\x88)\x95\x96~*\x11\x10\x81(a\x13#\
S\x08\x88@L\xa9\xb4\xf4S\x89\x80\x08D\x09\x9b\x18\
\x99B@\x04bJ\xa5\xa5\x9fJ\x04D J\xd8\xc4\
\xc8\x14\x02\x22\x10S*-\xfdT\x22 \x02Q\xc2&\
F\xa6\x10\x10\x81\x98Ri\xe9\xa7\x12\x81\xff\x07\xd4\xe0\
\xdd#R\xf9\xe5w\x00\x00\x00\x00IEND\xaeB\
`\x82\
\x00\x00\x0a\x0f\
\x00\
\x00B>x\xda\xed\x9bkP\x93\xd9\x19\xc7q\xc6\xb1\
\xfaA\x1d\xc7\x9d~\xa8\xce\xd8\x99mGg\xea\x87\xb5\
\xdd\x8ek\xbf\x14mwi\xd7\x9dewku\xb7\xea\
\x0ev\xb7\x15[\xd9\x8a\xae \x8b\x0a\x22.:\xab\x8b\
\x22\x8a w\x10\x08 \xc8\x1d\xe5\x1a\xb9\x86;r\x0b\
\xf7\x84\x84\x5c $\xe4\x02\xb9\x92\x7f\xcf\xfb\x02\x11\xab\
@\x12\x13\xb0\x9a\x87y\x08y\x93\xbc9\xbfsy\xce\
\xff<\xe7\xe0\xe4\xb4\x82\xfc8;;\x91\xdf?w\xda\
\xb6\xc7\xc9\xe9\xa7NNN\xdb\x88\x93KN\xfeN\xd3\
\xd7i#\x17*\xd6M\xbb\xc3\x1c\xe60\x879\xcca\
\x0e{s\x0d\xc0\xd1\xd7\xd0\xdd\x89\x1f!\xfe\x16\xf1\xc5\
\xf8mnF\xbc\x12&#\xbec\xa9\xf9\x8dF#\xb4\
\xea\x09L\x19\xf4o\x14\xbf\xd18\x051o\x10\x85\x89\
w\x90\x1ax\x14\xdc\xb2H\x8cuW@-\x13\x90\xba\
\xd0\xbd\xb6\xfc\x06\xbd\x1e\x5cv\x1b\xb2#\xae!\xf2\xbc\
\x07\xee\x87\x06!\xe2\xf8\xfb\xe0U&@\xd4\x92\x0bn\
\xf9]\x0cU\xc4b\xb4\xa3\x18\x13\x12.\xa6\xf4\x9a\xff\
[\xfe\xb9\xe3Z\xab\x99\x04\xbb\xb1\x1a\x8c\xe0\x0b\x88\xf6\
\xf7DUN\x0a\xc6%#\x90\x8a\x85\x88\xf7\xfa\x0c\xa3\
\xec\xca\xe9\xfa\xd1N@%\xee\x85\xb8\xad\x00\x1cf4\
\xb8\xc4\xc5O\x1e\x92k\xfd\xd0\x93\xd7\xfe\xf7\xdeF\xdb\
\xc5\x0f\xbb\xb4\xbfJ!CcY\x1e\xe2\x83N#\xf1\
\xb2\x0f\x9a\x99\x0f1\xa1\x94\x9b^\x9f\xe6\xff\x94\xf0W\
<WgT\xdbS}`\xb4\xb3\x14C\x95\xf1\xe0\x94\
GA\xd0\x94\x0d\xc5p\x07tj9\x1d;\xf0J\xf2\
\x1b1&\x16\xa0<3\x11Q\x17N -4\x10=\
-,\xe8\xb4\x9a\xe7\xda\xcf\xc4\xdf]\xb9\xe0\x1d\xa9\x98\
\xa0\x1e\x17a\xac\xb7\x06\xfc\x9a\x14\x0c\x96G\x82_\x97\
\x0e\xd9`#\xb4*\x09\xa9\x0b\xc3\xb2\xf3OM\x190\
<\xd0\x83\x82\xf8PD\x9e\xf3@^t\x08\xf8\xfdl\
Rv\xc3\x0b\xdeK\xe2\x9fX\x8c\xa6\xba\x1a\x5c\xf9\xda\
\x05u\x8fR \x10\x8a`0\x18\xcc\x88\x9d\x06\xc2<\
\x06\x19\xa7\x09\xc3\xac4pJ#\xc0\xabN\xc2X_\
\x0d4r\xd13s\x89q\x09\xf8\xf5z\x1d\xfa\xdb\x1b\
\x91~\xfb\x12\x89i\xc7Q\x96\x16\x0b\x89\x90g\xea\x9f\
/2\x89D\x82\xc3\x87\x0f\xe3\xdd\xdf\xfc\x1a\xbf\xfc\xd9\
[\xf8\xed;\xbf\xc2\xbe}\xfb\xc0\xe7\xf3-\x9e?u\
\x93\xe3\x90\xf3\xda l\xc8\x04\x97\xd4\xc5Pe\x1c$\
\xec\xc7PK\xf9\xa4\x9e\xf5v\xe7\xefl\xa8\xc2\x1d\xdf\
\xa3`=\xcc\x84B&1\xeb\xcb\x94J%\x9c\x9d\x9d\
\xa9/3\xf9\x8e\x1d;0::\xfa\x12\xba\xc9\x08\xbd\
Z\x09\x85\x80\x0dQk>\x06\x8boa\x9c\xdblw\
\xfe\xc6\xd2\x5cT\xe7\xa7Z\xdcn\xee\xee\xee\xcf\xf0\xef\
\xdf\xbf\x9f\xf4%\xdb\xe9 \xd9@=\xc6z*\x97\x84\
\x9f\xf50\xc3\xe2\xf2\xdd\xb8q\xe3\x19~???\x9b\
N\xe8\xe3$>H{\xab\xec\xce__\x94M\xe2\xd7\
\x03\x8b\xcbWXX\x885k\xd6\xd0\xec+W\xae\x04\
\x83\xc1\xb01\x7f3\xa4K\xd0\xfe\xd3\xfcY\x16\x97\x8f\
\xcdfc\xf3\xe6\xcd4\xff\xc6\x8d\x1b\xd1\xd0\xd0`[\
~n\x0b\xe9\xff\x15v\xe7\xa7\xd8\x1b\x8as,\x1f\x9f\
2\x19v\xed\xdaE\xf3o\xdf\xbe\x1dB\xa1\xd0\xa6\xfc\
\x8a\xe1N\xc8\xfaYv\xe7\xa7\xe2~cI\xae\xc5\xe5\
\xa34\x80\x9b\x9b\x1b\xcd\xef\xea\xea\x0a\x8d\xc62\xado\
$s\x9bA\xa32\xb9q\xeaY\xed`\xd0(\xa1\x96\
p\xa0\xa3\xf4\xd1\x94\xc1n\xfc\xb5\x05\xf7\xd1T^`\
U\x1b]\xbbv\x0d\xab\xd7\xac\xc6\xd9\xb3g-\xfe\xac\
\x92\xdb\x84\xfe\x0c_\xe2\xdfa \xeb<&G\xfa\x9f\
j\x12\xa2\x09\x86\x99\xe1\xe8I\xf2@O\xca\x09\x08*\
\xa3\xa1%\xda\xc8\x1e\xfc5\xf9iha\x16Z\xc5\x9f\
\x97\x9f\x87-[\xb6 99\xd9r\xfe\xa1\x16tF\
}\x89\xf6\xf0\xcf\xe9G\xd5p\xfbS}\xf5$\x0f\x1d\
\x11_\xd0\xde\x15\xfb\x15zS\xbf\x05\xb7\xe0\x0a\x0cD\
\x1f\xd8\x9a\xbf*7\x15O*\x8a\xac\xe2\xef\xec\xec\xc4\
\xee\xdd\xbbQ__o\xf1g\xb5\xe3Bt\xdf;N\
\x18\xff\x86\xceh7\xc2\xdf13.\x0c\x18*\x0a\xa6\
\xeb\xa5\x9d\xf0Sm\xaf\x9f\x90A\xc9k\x85\xd1\xa0\xb5\
9\x7fEv\x0a\xda\xaaK\x17-\xafF=\x09\xc5\xb8\
\x94\xd6\xcb\xb3F\xe9=OOO\x8bu\xef\xec\xf8\xa6\
\xfa>\xc58\x97\x9fZ7\x0e\xe6\x04\xd0\xd7)\x1fm\
~`\xd7\xf8\xc7|\x90\x84\x8eZ\xe6\x827\xefn\xae\
\xc3-/w|\x7f\xe4\x13\xdc\xfb\xc1\x1fc\x22\xc1t\
\x1bju\xc8\xcf\xcf\xc7\xc4\xc4\x84\xe59$\xb2&\xe4\
\x16\x5c\x9e\xee\xffs\xf9uj\x12\x0f\xfc\x96\x8c\xbf<\
\xf3\x1e:\xeb\xe7\xd7Y\x22\xde\x00\x02\xbft\x85\xcfG\
\xce\xb8\xf8WWx\xb9\xfc\x0e1\x81^\x84]C^\
\xebCA\xd2u42\xb3\xc9\xfaXm\xca\x8dQn\
\x86\x88\x06\xbf4t\xd9\xf9K3\x12\xc8\x1a\xa8z\xde\
\x1b?L\xba\x0b\x9f\xbd\xbfG\x84\x8f\x0f\xd2\x7f\x0cA\
\xc8\xbf\xff\x05\xdfOv\xe3IM)\x18\xd7\xbd\x11\xf5\
\x9d\x1b\x22\xbc\xbf\xc0\x93\xaa|h'\x15\xe8.\x8a\xc1\
\x00+\xc7\xac\x9c\xa8\xa0\x22rq\xfe\xa6L\xbb\xf2\x97\
\xa4\xc7\xa1k\x1e~j\x9d\x93\x18\xe4\x83\x80}\x1f#\
?*\x1e\xec\xdaF0._\xc59\xd7?\x22\xe3v\
 b\xfd\xbfFc\xe1\x03\xe4\x87_A^t\x10\xf8\
m\xe5\xe8H\x0c@[R\x10\x94\xa3\xbcE\x0b-\xac\
IX\x94\x7f\xc4\xce\xfc\xc5\x8ch\xb0\x9bj\xe7\xbdq\
\xca\x8f\x17\xe0\xf7\xe9\x9f\x91\x11\x12\x86\xba\xbcG\x88\xf7\
\xbf\x08\xdf\x8f\xf7\xa0 >\x04\xd1~\x7fGq\xe2-\
0~8M\xfaI0F\xfa[P\x1fy\x06\xadI\
\x01\x98\x94\x8f,Zh1+\xd9\x0c\xfe\x0c\xbb\xf2\x17\
%G\xa2\xa7e\xfe\xf9\x8bE\xf4\xb1\xf7\x9fv!\xf8\
\xe8W\x88\xf4\xf6A\xd0\xc1\xfd\xf0\xff\xfc\x03:7\xf4\
\x88q\x0b\xa1\xa7>C\x94\x9f\x1b\xb8=\xcd\xf4\xdc%\
\xeek\x80\x8c\xdfEV\xf3\xc6EW\xfe\xe2\xfa\xd4\xc5\
\xf9\x1b\xed\xcb\xff\xe8^\x04\xfa\xda\x1a\xe7\xbd1\x95\xef\
\x8c\xf2?\x89S\xef\xbf\x0b\xef\x0f\xde\x83\xd7\x87\xef\x11\
\xee\x98\xe9\xbd\x0f\xcd\x04\x98\x8f2\xc1nk0k_\
\x88\x9a\xc7\xc7\xda\x0b\xa1W\xcb-\xe0\xbfoW\xfe\xc2\
\x84;\x18\xe8hYx-\x22\x1b\x033+\x05\x0f\xc2\
\xae\xa2\xa5\xb2\x08z\x9d\xd6\xc4\x18\x1e\x11\x81\xb2\xb2\xb2\
\xe7\x98_\xc4/\xebf\xd2Z\x8fWr\x13\x93\xe2>\
\x08\xabbM\xf3\xbfb\xb0\x1e\x06\xad\x0a:\xc5\x08\xfa\
3\xcf\x9a\xf8E\xac\xa4\x995\x82r\xa1y\xc5z\xfe\
\xf8[\xe0t\xb5Z\xa5\xff\xd4j5\x8e\x1d;\x86\xf0\
\xf0;f\xbd\x9ff\xa34O\xf8\x01\xb0\xe3\xfeI\xfc\
\x1f\xe8\xb8{\x90\xf8!\xf4$\xff\x07}\xe9^\xb4\xd6\
\xed\x8c92s\xfd \xd8\x09\xee\xe8K;\x8d\xc1\xec\
\x0b\x0b\xad\x01\xac\xe6/\x88\x0b\x05\xb7\xbb\xcd*~\x91\
H\x84=\x7f\xd8\x83\x93'O\x9a\x95\xfb\xa5\xf7\x14\xf8\
m\xe8e\x9c\x9c\xd6\xb73\x1a\x97v\xfa\xf9\x81i\x9f\
\xd1\xfe\x1d\xb3\xd7\xef\xec\xa7\xebJ#\xe5\xd9\x9c??\
\xf6&\x86z:\xac\xe2onn\xc6\xdb\xbfx\x1b{\
\xf7\xee\x85\x5c.7\xbf\xdf\x8cq!\xaaM$:\xf7\
\x22\x062\xcf\x11?K\xf7\xf9i\xf7\x9dY\x17\xfaN\
?'\xfd\xa5\xff\xbe\x0f8y\x97\xa0U\x88m\xce\x9f\
\x17\x13\x02~_\x97U\xfc\xe9\xe9\xe9X\xbbv-\xb6\
m\xdb\x86\xbe\xbe>\x0b\x05\xb0\x91\xd6\xfa\xd4\x9e\x195\
\xee\xe7\xe6\x02(\xd7\x91X\xa9\xe0\xb5\x91\xb5\xb0\x9c\x1e\
\xfbt\x8e\xc0\x0e\xe3?7\xfa\x06\x86\xfb\xbb\xad\xe2\x0f\
\x0c\x0c\xa4\xf3\x1f\xeb\xd6\xadCII\x89M\xf3?T\
.\x5c\xd0\x90I\xeaHk\xd7\xf8\x9f\x13}\x1d\x82\xc1\
\x1e\x8b\xcb\xa7\xd3\xe9p\xe8\xd0!\x9a\x7f\xc5\x8a\x15\x08\
\x0b\x0b\xb3)?\xd5\xe6\x82\xfa\x8c%\xe0\x0f\xb6\x8a\x9f\
Z\xfb\xee\xdc\xb9\xd3\x94\xff\xf6\xf0\xf0Xp\xcf\xc8\xe2\
\xf6'\xfc\xc3v\xe77\x22+\xfc*\x19\xffl\x8b\xcb\
\xd7\xde\xde\x8eM\x9b6\x99\xf8]\x5c\x5c\xa0R\xa9l\
\xc6O\xed\x8b\xf1Y\x0c\x18\xec\xdc\xfe\x85\xf1a\x88\xbf\
t\x1a\x9d\xac\xc7\xf4Y\x16s-''\xc7\x94\xff\xa7\
|\xeb\xd6\xad\xe0p8/\xc5L\xed\x13OJ\xf9\x90\
\xb0\x99\xe0>\x8e\x01\xbf\x96a\xee\x1e\xa0\xd5\xfc\xeaI\
\x15\xad\xe9\x12.\x9fA\xdc\xf7\xdf\xd2\xfbA*\xb9l\
A\x1d7\x9b\xfb\x9c\xbb\xff\xb3a\xc3\x06TUUY\
\xceL\x9f\x13\xe0`\xb4\xa3\x04\xdc\x8a8\xfa\x9c\x80\xb0\
9\x17JA\x17=7\xd8;\xffm\xeaoZ5z\
ZYH\xbby\x11Q\x17<\xf18;\x09\xd2\x11\xe1\
\xbcc\xfa\xd4\xa9SX\xb5j\x15~\xb2r%\xd6\xac\
^\x8d\xf5\xeb\xd7##\xc3\xbc}4\xea,\x88\x92\xe8\
_q[!8\x8f\xa3\x88\xc7\x90\xbf\x8b\xa0\x1a\xe9\x87\
A7i\xcd\x99\x08\x9b\x9d\x7f\xa0\xf6\xfby$\x1e\xe4\
\x11]\x14y\xfe\x1b\xb2\xce\xbd\x0d\x01\xa7\x97\xce\xf7\xcf\
\x8d\x1b]]]\xc8\xcaH\xc7\x99\x03\xce\xc8$\x1a\xb2\
\x9c\xc9\x84@ \x987\x8f\xa0#\xf3\xb8\x9c\xdf\x0eA\
c\x16\x06I\x1b\x0fU&`\x94\xf4\xf3\x891\x1e\x19\
\xe3\x9aE\xd7NK\xc5?W\x9fH\x84|\xfa<@\
\x94\xdf7\xc8\xb8}\x99\xac\x93\x9a\x9f\xc9\x7fJ\xc5\x22\
$x\xef\x83\xa4\xbb\xfa\x05\x1f\x9f\x82V%\xa5\xf7\xf1\
\x86\xeb\xd21Xv\x17\xbc\xead\x8c\xf5VCMt\
\xbcq\xca\xa6g\xe6\xecz\xfeK!\x95\xd0\xfb$1\
\x01\x9eH\xbev\x9e\xc4J&}&J:\x22B\xfc\
\xe9\xbf\x98\xce?Q\xeb\x7f\x8db\x14\xd2~\x16\x1d\xbb\
\x06K#\xc8c\x0ad\x03u\xd0*G\xcd\xd9\xc7y\
%\xf9gmR\xa5DkU1\x12\xaeP\xb1\xd2\x0b\
\xa5\xa9\xa4o\x9c\xf8\x90\xf4\xe9L\xc2\x5cK\x9fc\xe1\
\x90v\xa6\xe6\xedqn+\xdd\xfe\xb3\x9a\xd5\x08\x9b\x9e\
\xf7Z\x16\xfe\xa7\xb1RCbe=R\x82\x03\x10C\
\xda\xbf\xaf\xf0:\x89\xd99\x90\x0fw\x12\xdd\xaa\xc02\
\x9c\x8a]\x96\xf3\xaf\x06\x83\x1eJ\xa9\x98\x8e\xe7\xcb|\
\x0exY\xf8_!s\xf0;\xf8\xcd\xe1\xd7\xbf\x86N\
M\xaa\xd4\xc1\xbbw\xcc\xe0\xdf\xfb\x1a\xfaG\xc4]\x88\
\xaf[\x8c\xdfa\x0es\x98\xc3\xde\xe0\xff\xff{)\x9b\
\xbd\x8d\xe3\xf1\xd5z4\xd7\xfe\x0b>L\xc3\xf9\
"

qt_resource_name = b"\
\x00\x03\
\x00\x00o\x9f\
\x00i\
\x00c\x00o\
\x00\x03\
\x00\x00wG\
\x00p\
\x00n\x00g\
\x00\x06\
\x07\x03}\xc3\
\x00i\
\x00m\x00a\x00g\x00e\x00s\
\x00\x08\
\x0f\xcaX\xc7\
\x00v\
\x00i\x00e\x00w\x00.\x00p\x00n\x00g\
\x00\x06\
\x06|WG\
\x00a\
\x00i\x00.\x00p\x00n\x00g\
\x00\x10\
\x05K\x03\x07\
\x00s\
\x00i\x00n\x00g\x00l\x00e\x00_\x00s\x00t\x00r\x00i\x00p\x00.\x00p\x00n\x00g\
\x00\x09\
\x0f\xa8\x8a'\
\x00g\
\x00u\x00i\x00d\x00e\x00.\x00p\x00n\x00g\
\x00\x08\
\x0bcX\x07\
\x00s\
\x00t\x00o\x00p\x00.\x00p\x00n\x00g\
\x00\x0f\
\x0b\xa4A\xa7\
\x00b\
\x00a\x00s\x00i\x00c\x00_\x00c\x00o\x00u\x00n\x00t\x00.\x00p\x00n\x00g\
\x00\x12\
\x09e\x0fg\
\x00p\
\x00i\x00l\x00a\x00b\x00-\x00l\x00o\x00g\x00o\x00_\x00n\x00e\x00w\x00.\x00p\x00n\
\x00g\
\x00\x07\
\x09\xc1W\xa7\
\x00r\
\x00u\x00n\x00.\x00p\x00n\x00g\
\x00\x0c\
\x06\x91\xfc'\
\x00i\
\x00m\x00g\x00_\x00d\x00r\x00a\x00w\x00.\x00p\x00n\x00g\
\x00\x12\
\x00\xdb\xd1\xc7\
\x00c\
\x00u\x00s\x00t\x00o\x00m\x00_\x00p\x00r\x00o\x00c\x00e\x00s\x00s\x00.\x00p\x00n\
\x00g\
\x00\x0a\
\x0a\x91\x80\xa7\
\x00g\
\x00u\x00i\x00d\x00e\x001\x00.\x00p\x00n\x00g\
\x00\x07\
\x0a\x7fW\xa7\
\x00s\
\x00q\x00l\x00.\x00p\x00n\x00g\
\x00\x08\
\x08\xc8Xg\
\x00s\
\x00a\x00v\x00e\x00.\x00p\x00n\x00g\
\x00\x0c\
\x02\xed\xde\xc7\
\x00o\
\x00p\x00e\x00n\x00f\x00i\x00l\x00e\x00.\x00p\x00n\x00g\
\x00\x0a\
\x08 @g\
\x00r\
\x00e\x00c\x00a\x00l\x00l\x00.\x00p\x00n\x00g\
\x00\x08\
\x0f\xd7Xg\
\x00s\
\x00i\x00f\x00t\x00.\x00p\x00n\x00g\
\x00\x0a\
\x0b\xa8o\x07\
\x00s\
\x00e\x00l\x00e\x00c\x00t\x00.\x00p\x00n\x00g\
\x00\x09\
\x06\xc7\x98g\
\x00a\
\x00b\x00o\x00u\x00t\x00.\x00p\x00n\x00g\
\x00\x08\
\x0c\x07XG\
\x00q\
\x00u\x00i\x00t\x00.\x00p\x00n\x00g\
\x00\x0b\
\x00\xbd\xc0'\
\x00s\
\x00e\x00t\x00t\x00i\x00n\x00g\x00.\x00p\x00n\x00g\
\x00\x0e\
\x05\xb1V?\
\x00p\
\x00i\x00l\x00a\x00b\x00_\x00l\x00o\x00g\x00o\x00.\x00i\x00c\x00o\
"

qt_resource_struct = b"\
\x00\x00\x00\x00\x00\x02\x00\x00\x00\x02\x00\x00\x00\x01\
\x00\x00\x00\x00\x00\x00\x00\x00\
\x00\x00\x00\x00\x00\x02\x00\x00\x00\x01\x00\x00\x00\x18\
\x00\x00\x00\x00\x00\x00\x00\x00\
\x00\x00\x00\x0c\x00\x02\x00\x00\x00\x01\x00\x00\x00\x03\
\x00\x00\x00\x00\x00\x00\x00\x00\
\x00\x00\x00\x18\x00\x02\x00\x00\x00\x14\x00\x00\x00\x04\
\x00\x00\x00\x00\x00\x00\x00\x00\
\x00\x00\x02*\x00\x00\x00\x00\x00\x01\x00\x020\xa8\
\x00\x00\x01us4\xe6\x00\
\x00\x00\x01&\x00\x00\x00\x00\x00\x01\x00\x01\x14M\
\x00\x00\x01us\x1bGh\
\x00\x00\x01\x94\x00\x00\x00\x00\x00\x01\x00\x01\x974\
\x00\x00\x01u\xb0\x0d<\xf8\
\x00\x00\x00R\x00\x00\x00\x00\x00\x01\x00\x002@\
\x00\x00\x01us\x0bQx\
\x00\x00\x00@\x00\x00\x00\x00\x00\x01\x00\x00\x03\xef\
\x00\x00\x01ur\xeeK\xc8\
\x00\x00\x01\x08\x00\x00\x00\x00\x00\x01\x00\x00\xf8\xd1\
\x00\x00\x01us\x1d\x99(\
\x00\x00\x01\xfc\x00\x00\x00\x00\x00\x01\x00\x01\xfe?\
\x00\x00\x01|\xca\xfe\xfc\xe8\
\x00\x00\x01\xb2\x00\x00\x00\x00\x00\x01\x00\x01\xac\xce\
\x00\x00\x01v\xd2\xb2_\xd0\
\x00\x00\x01~\x00\x00\x00\x00\x00\x01\x00\x01\x84\x92\
\x00\x00\x01vtuk\x88\
\x00\x00\x00\xca\x00\x00\x00\x00\x00\x01\x00\x00\xa7\xd9\
\x00\x00\x01|\xce\xd1\xd6\xd8\
\x00\x00\x00\xf4\x00\x00\x00\x00\x00\x01\x00\x00\xd3\xf2\
\x00\x00\x01u\xb0\x18\x1e \
\x00\x00\x01j\x00\x00\x00\x00\x00\x01\x00\x01q \
\x00\x00\x01us1\x01\xe8\
\x00\x00\x01P\x00\x00\x00\x00\x00\x01\x00\x01J\xcf\
\x00\x00\x01u\xaf}Y\x08\
\x00\x00\x00\x90\x00\x00\x00\x00\x00\x01\x00\x00q\xb9\
\x00\x00\x01u\xb0\x18\xae\xa8\
\x00\x00\x00\xa6\x00\x00\x00\x00\x00\x01\x00\x00\x8dM\
\x00\x00\x01ur>\xb2\xa8\
\x00\x00\x01\xe2\x00\x00\x00\x00\x00\x01\x00\x01\xfbR\
\x00\x00\x01\x9bE\x1d\xfd\x80\
\x00\x00\x02\x14\x00\x00\x00\x00\x00\x01\x00\x02\x1f\x84\
\x00\x00\x01ur\x09B\xf8\
\x00\x00\x00x\x00\x00\x00\x00\x00\x01\x00\x00W\x14\
\x00\x00\x01ur!\xcc8\
\x00\x00\x00*\x00\x00\x00\x00\x00\x01\x00\x00\x00\x00\
\x00\x00\x01\x9bE\x1a\xa6\x08\
\x00\x00\x01\xcc\x00\x00\x00\x00\x00\x01\x00\x01\xc4\x14\
\x00\x00\x01urW\x91\xd8\
\x00\x00\x00\x18\x00\x02\x00\x00\x00\x01\x00\x00\x00\x19\
\x00\x00\x00\x00\x00\x00\x00\x00\
\x00\x00\x02F\x00\x01\x00\x00\x00\x01\x00\x02C\xcf\
\x00\x00\x01ur\xfb\x82\x98\
"

def qInitResources():
    QtCore.qRegisterResourceData(0x03, qt_resource_struct, qt_resource_name, qt_resource_data)

def qCleanupResources():
    QtCore.qUnregisterResourceData(0x03, qt_resource_struct, qt_resource_name, qt_resource_data)

qInitResources()
